anio,trimestre,nombre_vendedor,cantidad_vehiculos
2014,1,"avis budget group",33
2014,1,"ford motor credit company",22
2014,1,"ford motor credit company llc",20
2014,1,"ford motor credit company llc pd",15
2014,1,"enterprise veh exchange/rental",11
2014,1,"enterprise vehicle exchange / tra / rental / tulsa",6
2014,1,ars/enterprise,5
2014,1,enterprise-tra,4
2014,1,"hyundai motor america",4
2014,1,"the hertz corporation",3
2014,1,"gm remarketing",2
2014,1,"ahfc/honda lease trust/hvt inc. eot",2
2014,1,"all car care",1
2014,1,"ars/avis budget group",1
2014,1,"avis corporation",1
2014,1,"chrysler group llc",1
2014,1,"dtg operations inc",1
2014,1,"enterprise fleet management exchange inc.",1
2014,1,"ge fleet services for itself/servicer",1
2014,1,"hyundai motor america/co car",1
2014,1,"hyundai motor finance",1
2014,1,"jpmorgan chase bank n.a.",1
2014,1,"kentland car co inc",1
2014,1,"kia motors america inc",1
2014,1,"south carolina state credit union",1
2014,1,"triangle rent a car",1
2014,1,"wells fargo dealer services",1
2014,1,"mehdis car company",1
2014,1,"myrddin fleet services",1
2014,1,"nissan-infiniti lt",1
2014,1,"oriental bank",1
2014,1,"palmetto health credit union",1
2014,1,"pee dee auto buyers",1
2014,1,"premium auto wholesale",1
2014,4,"ford motor credit company llc",845
2014,4,"nissan-infiniti lt",769
2014,4,"ge fleet services for itself/servicer",609
2014,4,"ahfc/honda lease trust/hvt inc. eot",577
2014,4,"enterprise veh exchange/rental",552
2014,4,"the hertz corporation",552
2014,4,"hyundai motor finance",499
2014,4,"avis corporation",493
2014,4,"nissan infiniti lt",424
2014,4,"mercedes-benz financial services",413
2014,4,"ahfc/honda lease trust/hvt inc.",408
2014,4,"santander consumer",387
2014,4,"toyota motor sales usa inc/program",381
2014,4,"enterprise vehicle exchange / tra / rental / tulsa",381
2014,4,"chrysler capital",375
2014,4,"gm financial",370
2014,4,"nissan north america inc.",340
2014,4,"wells fargo dealer services",269
2014,4,"toyota financial services",261
2014,4,"avis budget group",239
2014,4,"dtg operations inc",238
2014,4,"kia motors america inc",233
2014,4,"lexus financial services",214
2014,4,"tdaf remarketing",194
2014,4,"nissan motor acceptance corporation",190
2014,4,"financial services remarketing (lease)",189
2014,4,"the hertz corporation/gm",183
2014,4,"ford motor credit company llc pd",180
2014,4,"kia motors finance",158
2014,4,"bmw north america greer",148
2014,4,hertz/tra,143
2014,4,"jpmorgan chase bank n.a.",143
2014,4,"gm financial leasing",139
2014,4,"avis rac/san leandro",135
2014,4,"hyundai motor america",130
2014,4,"world omni financial corporation",117
2014,4,"ahfc/honda lease/trust/hvt inc. eot acuras",111
2014,4,"mazda motors of america inc.",106
2014,4,"fiserv/usb dealer services northstar exchange",105
2014,4,"exeter finance corp",100
2014,4,ari,100
2014,4,"ford motor credit company",97
2014,4,"high bid trading co inc",90
2014,4,"hyundai motor america/co car",90
2014,4,"wholesale inc # 2",79
2014,4,"donlen corporation",78
2014,4,"lease plan usa",76
2014,4,"luxury fleet serv inc",69
2014,4,"mercedes-benz finc wholesale advantage",64
2014,4,"enterprise vehicle exchange/orange",62
2014,4,"capital one auto finance",58
2014,4,"adcock brothers inc",53
2014,4,"ford-lincoln dealer program",52
2014,4,"american honda motor company",51
2014,4,"pv holding inc/gdp",51
2014,4,"myrddin fleet services",48
2014,4,"oriental bank",47
2014,4,"td auto finance",47
2014,4,"enterprise vehicle exchange/davenport",46
2014,4,"ez rent a car/orlando",45
2014,4,"hertz corporation/gdp",45
2014,4,"us bank",44
2014,4,"kevins marysville auto sales inc",43
2014,4,"bmw alphera/alphera financial services",43
2014,4,"bmw mini financial services",42
2014,4,"hopper motorplex inc",42
2014,4,"ars/avis budget group",41
2014,4,"gm remarketing",40
2014,4,ars/enterprise,39
2014,4,"avis tra",37
2014,4,"the collection",36
2014,4,"vw credit",35
2014,4,"merchants leasing",35
2014,4,"regional acceptance corporation / greenville",35
2014,4,ally,34
2014,4,"ez rent a car inc",33
2014,4,"infiniti financial services",33
2014,4,"bank of america",31
2014,4,"remarketing by ge/flagship credit acceptance",31
2014,4,"mmca inc",30
2014,4,"bmw mini north america",30
2014,4,"t & k enterprises of mt airy inc",30
2014,4,"aaero sweet company",28
2014,4,"chrysler canada inc",28
2014,4,"bmw na manheim new jersey",27
2014,4,"fox rent a car tra",27
2014,4,"select lane",27
2014,4,"merchants automotive group",26
2014,4,"hyundai of new port richey",26
2014,4,"florida auto financial group",25
2014,4,"wheels exchange llc",25
2014,4,"consolidated asset recovery systems inc.",24
2014,4,"bmw north america raa",23
2014,4,"fiserv/citizens auto finance",23
2014,4,"premium auto wholesale",23
2014,4,"medlin buick gmc mazda",22
2014,4,"pauley motor car co preowned vehicles llc",22
2014,4,"avis rac system/pv holding corp",21
2014,4,"unique autos",21
2014,4,"enterprise fleet management exchange inc.",21
2014,4,enterprise-tra,20
2014,4,"budget of omaha/ars",20
2014,4,"byers car rentals llc",20
2014,4,"dt credit corporation",20
2014,4,"mercedes-benz usa",20
2014,4,"music city autoplex llc",20
2014,4,"sutton ford/ge",20
2014,4,"vpsi inc",20
2014,4,"bmw north america",19
2014,4,"dollar thrifty auto group/faao",19
2014,4,"reliance motors llc",19
2014,4,"mckenna audi/mckenna bmw",18
2014,4,"midway hfc fleet/ars",18
2014,4,"skyhigh remarketing inc",18
2014,4,"volvo na rep/world omni",18
2014,4,"emkay inc",18
2014,4,"enterprise holdings/gdp",18
2014,4,"hertz damaged liquidation",18
2014,4,"fiserv/crescent bank & trust",17
2014,4,"onesource/kendall toyota",17
2014,4,ars-cpo,17
2014,4,"barber honda",16
2014,4,"car and truck rentals",16
2014,4,"fox rent a car",16
2014,4,"toyota financial services/avis budget group-open",16
2014,4,u-haul,16
2014,4,"mitsubishi motors of america",16
2014,4,"northwestern chrys/j/d/ge",16
2014,4,"remktgedge / cars / carfinance capital llc",16
2014,4,"onesource/southwest remarketing",15
2014,4,"prestige chrysler jeep dodge",15
2014,4,"ec sales llc",15
2014,4,"courtney leasing inc",15
2014,4,"scotiabank de puerto rico",15
2014,4,"the auto connection",15
2014,4,"mid city mcandrew motors",14
2014,4,"reliable financial services inc",14
2014,4,"ahfc/honda lease trust/hvt inc acuras",14
2014,4,"avis rent a car/pv holding",14
2014,4,"braman motorcars",14
2014,4,"automotive solutions inc",13
2014,4,"caprock auto remarketing",13
2014,4,"carworks inc",13
2014,4,"d&a fine cars",13
2014,4,"walters auto sales/service inc",13
2014,4,"enterprise vehicle exchange/franklin",13
2014,4,"enterprise vehicle exchange/sharonville",13
2014,4,"fiserv/regions bank",13
2014,4,"flexco fleet services",13
2014,4,"fratelli investment group",13
2014,4,"lester glenn buick",13
2014,4,"pro financial inc",13
2014,4,"mercedes benz of chicago",12
2014,4,"remarketing by ge/certified fleet inc",12
2014,4,"toyota financial services/enterprise",12
2014,4,"alans autos",12
2014,4,"bob's rentals inc/avis systems licensee",12
2014,4,"c&f finance company",12
2014,4,"dm northwest inc",12
2014,4,"enterprise vehicle exchange/ars/coconut creek",12
2014,4,"enterprise vehicle exchange/non program",12
2014,4,"express car & truck rental",12
2014,4,"hyundai buybacks",12
2014,4,"jerry's gm",12
2014,4,earnhardt,11
2014,4,"first investors servicing corp",11
2014,4,fiserv,11
2014,4,"henderson hyundai superstore",11
2014,4,"sullivan auto group llc",11
2014,4,"toyota credit de puerto rico",11
2014,4,"vw credit inc/pilot",11
2014,4,"all car leasing inc",11
2014,4,"brac of wichita - wichita landsman",11
2014,4,"budget rac of atlanta",11
2014,4,"arrowhead auto group inc",10
2014,4,"braman honda of palm beach",10
2014,4,"bul connections llc",10
2014,4,"california republic bank",10
2014,4,"cm investments",10
2014,4,"d&m leasing",10
2014,4,"g & a investments inc/avis systems",10
2014,4,"j zap llc",10
2014,4,"mitsubishi north america",10
2014,4,"young motors llc",10
2014,4,"sunland park chrysler dodge jeep ram",9
2014,4,"t & s motors",9
2014,4,"toyota motor sales/lexus",9
2014,4,"williamson cadillac company",9
2014,4,ecars,9
2014,4,"exceptional motorcar llc",9
2014,4,"financial services remarketing - pickup",9
2014,4,"galpin ford studio rentals",9
2014,4,"intercontinental fleet corp",9
2014,4,"kia motors america inc -lemon law buybacks",9
2014,4,"american fleet leasing",9
2014,4,"arg inc",9
2014,4,"beverly hills llc",9
2014,4,"california fleet inc",9
2014,4,"century dealer services corp",9
2014,4,"chrysler group llc",9
2014,4,"dollar rac/seattle",9
2014,4,"dtag dollar thrifty auto group/gm",9
2014,4,"mercedes benz of buckhead",9
2014,4,"mossy nissan poway",9
2014,4,"remarketing by ge/larry h miller-fleet lease",9
2014,4,"remarketing by ge/space coast credit union",9
2014,4,"remarketing by ge/summit financial corp",9
2014,4,"remarketing by ge/the credit union loan source",9
2014,4,"mercedes benz of temecula",8
2014,4,"prestige motorcar imports inc",8
2014,4,"remarketing by ge/manheim southern california",8
2014,4,"remarketing by ge/suntrust bank",8
2014,4,"exceptional motorcars ltd",8
2014,4,"expert auto group inc",8
2014,4,"fiserv/global lending services",8
2014,4,"fred martin motor co",8
2014,4,"husker auto group inc",8
2014,4,"j m wholesale",8
2014,4,"johnson lexus of raleigh",8
2014,4,"lauderdale imports ltd bmw pembrok pines",8
2014,4,"lease plan usa/tra",8
2014,4,"safford chrysler jeep dodge of fredericksburg",8
2014,4,"sports car leasing",8
2014,4,"stratford hyundai",8
2014,4,"superior automotive sales i",8
2014,4,"towbin dodge",8
2014,4,"wheels lt",8
2014,4,"woodhouse ford inc",8
2014,4,"audi san diego",8
2014,4,"avis rac/san francisco",8
2014,4,bb&t,8
2014,4,"capps rent a car",8
2014,4,"american bank auto liquidators",7
2014,4,"arrow auto sales",7
2014,4,"avis rac/damage/charlotte",7
2014,4,"bill pearce motors",7
2014,4,"braman motors",7
2014,4,"brandon ford",7
2014,4,"desert auto trade",7
2014,4,"donlen exchange services inc",7
2014,4,"dtag tra",7
2014,4,"enterprise vehicle exchange/hapeville",7
2014,4,"fidelity bank",7
2014,4,"fields bmw",7
2014,4,"first hawaiian bank",7
2014,4,"fusion auto finance llc",7
2014,4,"gateway one lending & finance",7
2014,4,"glesby marks corporation",7
2014,4,"grow financial fcu",7
2014,4,"jim ellis",7
2014,4,"justus motors company inc",7
2014,4,"l m auto wholesale",7
2014,4,"land rover north america llc",7
2014,4,"landers mclarty honda",7
2014,4,"manheim imports",7
2014,4,"nissan of cool springs",7
2014,4,"power drive inc",7
2014,4,"remarketing by ge/chase lease remarketing co",7
2014,4,"suntrust bank",7
2014,4,"toyota of orlando",7
2014,4,"tradewinds remarketing",7
2014,4,"tycon enterprises",7
2014,4,"wholesale motor sales inc",7
2014,4,"riverside auto sales inc",6
2014,4,"signature auto enterprises inc",6
2014,4,"south coast toyota",6
2014,4,"toyota motor sales usa inc",6
2014,4,"tyson motor corporation",6
2014,4,"elad motors",6
2014,4,"enterprise fm exchange/tra/lease",6
2014,4,enterprise/ars,6
2014,4,"fairway chevrolet",6
2014,4,"fast cash 4 cars & wholesale llc",6
2014,4,"florida credit union",6
2014,4,"ford country",6
2014,4,"gte fcu",6
2014,4,"hoehn motors inc",6
2014,4,"jaguar north america llc",6
2014,4,"kc landsmen ars",6
2014,4,"kly international",6
2014,4,"lenders assistance corporation",6
2014,4,"acura of las vegas",6
2014,4,"adk auto brokers inc",6
2014,4,"advantage chevrolet/ge",6
2014,4,"apexcars net",6
2014,4,"ars/acme auto leasing",6
2014,4,"audi henderson",6
2014,4,"bellco fcu",6
2014,4,"bmw of riverside",6
2014,4,"brac of harrisburg dba aero corp",6
2014,4,"budget rent a car/atlanta",6
2014,4,"carriage traders",6
2014,4,"central florida auto gallery inc",6
2014,4,"chase remarketing and financial",6
2014,4,"checker leasing dba avis rac",6
2014,4,"chevrolet of dublin",6
2014,4,"citiwide auto leasing",6
2014,4,"don jackson chrysler dodge jeep",6
2014,4,"lujacks northpark auto plaza",6
2014,4,"napleton's hyundai",6
2014,4,"onesource/mega auto group inc",6
2014,4,"remarketing by ge/manheim riverside",6
2014,4,"remarketing by ge/nextgear capital",6
2014,4,"remarketing by ge/west financial acceptance",6
2014,4,"remarketing services of el paso",6
2014,4,"mercedes benz of tampa",5
2014,4,"michael hohl motor company",5
2014,4,"mini of wesley chapel",5
2014,4,"par north america",5
2014,4,"phh vehicle management services inc",5
2014,4,"phillips auto brokerage",5
2014,4,"primo motor cars",5
2014,4,"remarketing by ge/tmt auto wholesale inc",5
2014,4,"dyer mazda",5
2014,4,"enterprise vehicle exchange/st louis",5
2014,4,"fairway ford henderson",5
2014,4,"fifth third bank",5
2014,4,"financial services remarketing (repos)",5
2014,4,"findlay volkswagen",5
2014,4,"fleet street remarketing llc",5
2014,4,"fort worth audi",5
2014,4,"galyen leasing inc",5
2014,4,"garlitch ford chrysler dodge jeep",5
2014,4,"gossler motors",5
2014,4,"holman honda of fort lauderdale",5
2014,4,"honda of serramonte",5
2014,4,"infiniti of cool springs",5
2014,4,"jack pfister autos",5
2014,4,"jenkins hyundai",5
2014,4,"jerry ulm dodge chrysler jeep",5
2014,4,"jim butler auto plaza",5
2014,4,"kia motors america inc/company cars",5
2014,4,"lee hyundai inc",5
2014,4,"royal coast auto inc",5
2014,4,"shirlie slack mitsubishi",5
2014,4,"stream llc dba stream remarketing solutions",5
2014,4,"tfp international inc",5
2014,4,"the auto port inc",5
2014,4,"the car exchange",5
2014,4,"the motor car group inc",5
2014,4,"volvo car financial service/world omni",5
2014,4,"woodhouse chevrolet",5
2014,4,"absher arnold motors llc",5
2014,4,"ars/budget rac of utah & idaho",5
2014,4,"ars/express car and truck rental inc",5
2014,4,"avis rac/los angeles",5
2014,4,"bank of the west",5
2014,4,"big tree auto brokers",5
2014,4,"bill pearce courtesy honda",5
2014,4,"budget rac of memphis",5
2014,4,"budget rent a car/kansas city funding llc",5
2014,4,"california auto exchange",5
2014,4,"cig financial",5
2014,4,"classic auto brokers inc",5
2014,4,"condor capital corp",5
2014,4,"coral springs honda",5
2014,4,"cox fleet",5
2014,4,"dollar thrifty damage liquidation",5
2014,4,"ag leaseplan",4
2014,4,"apex fleet as agent or assignee of gecfs",4
2014,4,"ars/enterprise rac",4
2014,4,"audi north scottsdale",4
2014,4,"audi pembroke pines",4
2014,4,"automobiles paille inc",4
2014,4,"avis rent a car systems/tra",4
2014,4,"basney honda",4
2014,4,"bmw of ontario",4
2014,4,"bobb automotive inc",4
2014,4,"central florida chrysler jeep dodge",4
2014,4,"cire leasing",4
2014,4,"colonial auto sales",4
2014,4,"courtesy buick gmc",4
2014,4,"dollar rac/portland",4
2014,4,"dollar thrifty/tra",4
2014,4,"findlay acura",4
2014,4,"findlay hyundai subaru",4
2014,4,"fiserv/regional acceptance corp",4
2014,4,"fiserv/security national automotive accept corp",4
2014,4,"ford of port richey",4
2014,4,"fuccillo kia of cape coral",4
2014,4,"fuccillo volkswagen of schenectady",4
2014,4,"gaudin motor co",4
2014,4,"glockner south point ford",4
2014,4,"henderson nissan",4
2014,4,"hendrick durham auto mall",4
2014,4,"honda of ocala",4
2014,4,"i auto sales inc",4
2014,4,"innovative auto llc",4
2014,4,"international imports llc",4
2014,4,"k b m",4
2014,4,"kearny pearson kia",4
2014,4,"larry h. miller fleet lease",4
2014,4,"lauderdale bmw of fort lauderdale",4
2014,4,"mears motor leasing",4
2014,4,"metro nissan of montclair",4
2014,4,"mikhail okhtenberg",4
2014,4,"mint motors",4
2014,4,"moab industries",4
2014,4,"modern enterprises",4
2014,4,"napleton's palm beach acura",4
2014,4,"newport lexus",4
2014,4,"nissan dealer blend/ross nissan of el monte",4
2014,4,"onemain rem/m&m auto traders",4
2014,4,"onemain rem/vossen motors",4
2014,4,"onesource/savannah toyota scion",4
2014,4,"prestige financial services",4
2014,4,"primeritus remarketing/coastal fcu",4
2014,4,"primeritus remarketing/crescent bank & trust",4
2014,4,"reeves import motorcars inc",4
2014,4,"regional acceptance corporation / greensboro",4
2014,4,"remarketing by ge/datcu credit union",4
2014,4,"remarketing by ge/manheim nevada",4
2014,4,"remarketing by ge/manheim pennsylvania",4
2014,4,"remarketing by ge/xpress rent a car",4
2014,4,"renton honda automobiles",4
2014,4,"repo depo",4
2014,4,"ricks auto marketing center south",4
2014,4,"right toyota",4
2014,4,"rivergate toyota",4
2014,4,"rolls royce motorcars manhattan",4
2014,4,"rudolph honda",4
2014,4,"sixrentals corp/damage liquidation",4
2014,4,"smith haven chrysler jeep dodge",4
2014,4,"southgate leasing corp",4
2014,4,"sti remarketing",4
2014,4,"summer enterprises of miami inc",4
2014,4,"sun coast fleet services",4
2014,4,"suntrust bank public",4
2014,4,"symbolic motor cars",4
2014,4,"team nissan",4
2014,4,"tidewater motor credit",4
2014,4,"toyota motor sales usa inc/buyback/lexus",4
2014,4,"tsj auto brokers inc",4
2014,4,"university ford inc",4
2014,4,"walser leasing",4
2014,4,"wheels ltd",4
2014,4,"winter motor company inc",4
2014,4,"woodall auto wholesale inc",4
2014,4,"rite cars inc",3
2014,4,"rob lambdin's university dodge",3
2014,4,"robert larson's hyundai",3
2014,4,"robinson buick gmc ltd",3
2014,4,"rollit motors incorporated",3
2014,4,"romeo chevrolet buick gmc llc",3
2014,4,"s e r autobrokers llc",3
2014,4,"salerno duane infiniti llc",3
2014,4,"san antonio credit union",3
2014,4,"sheehy nissan",3
2014,4,"sixt rent a car llc",3
2014,4,"south bay hyundai",3
2014,4,"south colorado springs nissan",3
2014,4,"stanford car co",3
2014,4,"steve landers toyota",3
2014,4,"susquehanna chrysler dodge jeep ram",3
2014,4,"team 'd' auto sales",3
2014,4,"tim dahle nissan of southtowne",3
2014,4,"town & country ford llc.",3
2014,4,"toyota financial services/tmct",3
2014,4,"toyota of hollywood",3
2014,4,"trade in solutions irvine",3
2014,4,"universal nissan",3
2014,4,"us bancorp",3
2014,4,"us bank repos",3
2014,4,"va cars inc",3
2014,4,"volvo na company cars/world omni",3
2014,4,"vw credit prequalified",3
2014,4,"vw credit xu ready",3
2014,4,"westbury jeep chrysler dodge inc",3
2014,4,"yates buick gmc inc",3
2014,4,"ziems ford corners inc",3
2014,4,"easy car leasing llc dba brac of birmingham",3
2014,4,"eckley auto brokers inc",3
2014,4,"edwards motor company inc",3
2014,4,"euro motorcars inc",3
2014,4,"ferrari & maserati of san diego",3
2014,4,"financial services remarketing - stock in",3
2014,4,"findlay toyota and scion",3
2014,4,"first community credit union",3
2014,4,"first merit bank",3
2014,4,"fiserv/sierra auto finance",3
2014,4,"fleet link services inc",3
2014,4,"ford motor company of canada",3
2014,4,"frank toyota",3
2014,4,"ft knox fcu",3
2014,4,"g & s auto sales & rentals llc",3
2014,4,"gnm auto sales inc",3
2014,4,"greenwood chevrolet olds inc",3
2014,4,gulliver,3
2014,4,"harrison imports llc",3
2014,4,"hendrick buick gmc cadillac",3
2014,4,"hiley mazda of hurst",3
2014,4,"hometown motors inc",3
2014,4,"j magnone auto group llc",3
2014,4,"jaguar land rover thousand oaks",3
2014,4,"jim pattison lease",3
2014,4,"jm lexus",3
2014,4,"joshua motor car co inc",3
2014,4,"landers fiat",3
2014,4,"landmark credit union",3
2014,4,"landmark dodge inc",3
2014,4,"las vegas motorcars llc",3
2014,4,"laurel kia",3
2014,4,"lawler motor sports inc",3
2014,4,"lbs financial credit union",3
2014,4,"lexus rivercenter",3
2014,4,"aarts enterprise inc",3
2014,4,"american road leasing inc",3
2014,4,"amro -auction sale unit",3
2014,4,"ancira chrysler jeep dodge",3
2014,4,"auto sails inc",3
2014,4,"auto trakk llc",3
2014,4,"autonation honda hollywood",3
2014,4,"avis rac/orlando",3
2014,4,"balboa thrift & loan association",3
2014,4,"baxter ford inc",3
2014,4,"bendary car corp",3
2014,4,"blue knob auto sales inc",3
2014,4,"bob baker jeep",3
2014,4,"brac of salt lake city",3
2014,4,"braman motorcars of jupiter",3
2014,4,"brandywine chrysler jeep dodge",3
2014,4,"buyers auto sales",3
2014,4,cadilexus,3
2014,4,"calstar motors inc",3
2014,4,"capital nissan of wilmington",3
2014,4,"capitol chevrolet buick gmc",3
2014,4,"car market inc",3
2014,4,"certified preowned ford&lincoln/mercury dlr unit",3
2014,4,"champion chrysler jeep dodge",3
2014,4,"chapman chry jeep",3
2014,4,"chapmans las vegas dodge",3
2014,4,"cherokee auto",3
2014,4,"chicago motor car corporation",3
2014,4,"chrysler group/hertz/pv holding/000gd",3
2014,4,"clear view systems",3
2014,4,"coconut creek auto mall",3
2014,4,"dab auto world & leasing",3
2014,4,"darrell waltrip buick gmc",3
2014,4,"david mcdavid honda",3
2014,4,"dealer network group auto wholesale",3
2014,4,"don beyer volvo subaru kia of alexandria",3
2014,4,"m/r motors inc",3
2014,4,"manheim milwaukee",3
2014,4,"manheim new jersey",3
2014,4,"manheim orlando",3
2014,4,"mazda of lakewood",3
2014,4,"mcgrath city hyundai inc",3
2014,4,"mercedes benz of bakersfield",3
2014,4,"mercedes-benz of south charlotte",3
2014,4,"mike albert fleet solutions",3
2014,4,"moss motors",3
2014,4,"motorworld automotive group inc",3
2014,4,"napletons nissan",3
2014,4,"new holland ford",3
2014,4,"nissan dealer blend/team nissan",3
2014,4,"north palm hyundai",3
2014,4,"northeast auto marketing",3
2014,4,"nvp remarketing",3
2014,4,"onesource/deluca toyota inc",3
2014,4,"onesource/pitts toyota inc",3
2014,4,"oscar traders inc",3
2014,4,"pa distributors",3
2014,4,"plaza motor company",3
2014,4,"pohanka lexus",3
2014,4,"pompano ford lincoln mercury",3
2014,4,"porsche financial services",3
2014,4,"prestige auto imports inc",3
2014,4,"primeritus remarketing/compass bank",3
2014,4,"primeritus remarketing/piedmont aviation",3
2014,4,"pye auto sales",3
2014,4,"r & b car sales inc",3
2014,4,"remarketing by ge/heritage ford of indiana inc",3
2014,4,"remarketing by ge/manheim ohio",3
2014,4,"remarketing by ge/manheim phoenix",3
2014,4,"remarketing by ge/michigan schools & govt cu",3
2014,4,"remarketing by ge/penske truck lsg fleet sales",3
2014,4,"remarketing by ge/sound credit union",3
2014,4,"remarketing of america",3
2014,4,"m and t bank",2
2014,4,"main auto llc",2
2014,4,"manheim central facilitation services group",2
2014,4,"manheim harrisonburg",2
2014,4,"manheim nashville",2
2014,4,"maritime motors of fairfield inc",2
2014,4,"mars auto",2
2014,4,"matt slap subaru inc",2
2014,4,"mckenna volks",2
2014,4,"mcnutt motor sales inc.",2
2014,4,"meier & company",2
2014,4,"mercedes benz of laguna niguel",2
2014,4,"mercedes-benz finc services premier program",2
2014,4,"mercedes-benz of tacoma",2
2014,4,"merchants automotive group/gdp",2
2014,4,"metro ford inc",2
2014,4,"mi joe auto sales",2
2014,4,"midtown motors",2
2014,4,"midway hfc fleet",2
2014,4,"midwestern auto group",2
2014,4,"mike brown chrysler dodge jeep",2
2014,4,"mitchell motor cars inc",2
2014,4,"mitsubishi motors north america company cars",2
2014,4,"moon valley used cars inc",2
2014,4,"mossy nissan oceanside",2
2014,4,"motorlease corporation",2
2014,4,"nalley lexus smyrna",2
2014,4,"nalley toyota stonecrest",2
2014,4,"navy fcu",2
2014,4,"navy federal credit union",2
2014,4,"nissan technical center",2
2014,4,"nuvision financial fcu",2
2014,4,"onemain rem/manheim southern california",2
2014,4,"onesource/team hyundai mall of georgia",2
2014,4,"onesource/zimmerman auto brokers",2
2014,4,"orange coast chrysler jeep dodge",2
2014,4,"orlando hyundai",2
2014,4,"palm chevrolet inc",2
2014,4,"palm springs nissan",2
2014,4,"palm tree auto sales",2
2014,4,"parktown imports inc",2
2014,4,"perillo bmw inc",2
2014,4,"peter stallone auto sales inc",2
2014,4,"planet mazda",2
2014,4,"pm standley motorcars",2
2014,4,"pnc national bank",2
2014,4,"pra receivables management llc",2
2014,4,"precision acura of princeton",2
2014,4,"prestige auto wholesale inc",2
2014,4,"primeritus remarketing/cook leasing inc",2
2014,4,"primeritus remarketing/jc auto world",2
2014,4,"primeritus remarketing/marine fcu",2
2014,4,"primeritus remarketing/oregon comm credit",2
2014,4,"primeritus remarketing/salal credit union",2
2014,4,"quality auto wholesale llc",2
2014,4,"r m hollenshead auto sales inc",2
2014,4,"rainbow motors corporation",2
2014,4,"rancho ford",2
2014,4,"randall ray motor company",2
2014,4,"remarketing by ge/golden 1 credit union",2
2014,4,"remarketing by ge/jme services llc",2
2014,4,"remarketing by ge/manheim central florida",2
2014,4,"remarketing by ge/manheim denver",2
2014,4,"remarketing by ge/manheim nashville",2
2014,4,"remarketing by ge/southern california financial",2
2014,4,"rental remarketing inc",2
2014,4,"rhinelander chrysler dodge jeep ram",2
2014,4,"rick case hyundai inc",2
2014,4,"durfee street auto sales inc",2
2014,4,"eastern auto trading inc",2
2014,4,"edward colosimo auto sales",2
2014,4,"edward oshea",2
2014,4,"elder ford of tampa",2
2014,4,"european automobile company",2
2014,4,"excell auto center",2
2014,4,"fairfield chevrolet cadillac",2
2014,4,"fairfield hyundai",2
2014,4,"fairway motor cars inc",2
2014,4,"falcon autohaus inc",2
2014,4,"family hyundai inc",2
2014,4,"fayette honda",2
2014,4,"fdic leasing",2
2014,4,"federated financial corporation",2
2014,4,"ferco motors corp",2
2014,4,"firkins chrysler jeep dodge",2
2014,4,"first national fleet & lease auto sales",2
2014,4,"fiserv/steward financial services",2
2014,4,"five star bank",2
2014,4,"fleet way leasing inc",2
2014,4,"ford credit canada limited",2
2014,4,"ford lincoln of cookeville",2
2014,4,"ford of ocala",2
2014,4,"foursight capital llc",2
2014,4,"frank kent hyundai",2
2014,4,"fred anderson toyota of columbia",2
2014,4,"frisco chrysler dodge jeep ram inc.",2
2014,4,"gaudin jaguar porsche of las vegas",2
2014,4,"germain bmw of naples",2
2014,4,"germain toyota of naples/germain scion of naples",2
2014,4,"germain toyota of sarasota",2
2014,4,"global imports",2
2014,4,"global motor sports inc",2
2014,4,"goldstein subaru",2
2014,4,"goodwin honda volks mits",2
2014,4,"grossinger autoplex inc",2
2014,4,"grossinger toyota north",2
2014,4,"harris auto sales",2
2014,4,"hawthorne auto sales co",2
2014,4,"healey ford lincoln mercury llc",2
2014,4,"hendrick kia of cary",2
2014,4,"hendrick lexus kansas city",2
2014,4,"hertz/allard rental corp",2
2014,4,"hiley buick gmc",2
2014,4,"hillside trading llc",2
2014,4,"honda marysville",2
2014,4,"honda motorwerks",2
2014,4,"honda of chantilly",2
2014,4,"house of hondaz",2
2014,4,"hughes honda",2
2014,4,"hyundai mtrs of morris ct inc",2
2014,4,"hyundai of wesley chapel",2
2014,4,"imperial auto sales inc",2
2014,4,"infiniti of tampa",2
2014,4,"international motor sports inc",2
2014,4,"j & j auto & truck sales",2
2014,4,"j & r car and truck center llc",2
2014,4,"jackson ford inc",2
2014,4,"jb motors & sons llc",2
2014,4,"jerry durant toyota",2
2014,4,"joe basil chevrolet inc",2
2014,4,"john altimari auto co inc",2
2014,4,"jones dealerships inc",2
2014,4,"jr's auto city inc",2
2014,4,"kelemen carrs",2
2014,4,"kentland car co inc",2
2014,4,"keyvoor inc",2
2014,4,"kia of cerritos",2
2014,4,"kia of clarksville",2
2014,4,"kly international llc",2
2014,4,"knauz continental autos inc",2
2014,4,"la costa auto sales",2
2014,4,"lakeland toyota/lakeland scion",2
2014,4,"land rover newport beach",2
2014,4,"land rover san jose",2
2014,4,"larry h miller dodge ram tucson",2
2014,4,"larry h miller toyota peoria",2
2014,4,"larry hudson chevrolet buick gmc inc",2
2014,4,"leif johnson ford",2
2014,4,"lexus of knoxville",2
2014,4,"lexus of merrillville",2
2014,4,"lexus of southampton",2
2014,4,"lexus of thousand oaks",2
2014,4,"lexus of tucson",2
2014,4,"lexus of valencia",2
2014,4,"lia honda",2
2014,4,"rivard buick gmc",2
2014,4,"riverchase used car center inc",2
2014,4,"rjk auto brokers llc",2
2014,4,"rlb investments",2
2014,4,"robert preussler motors llc",2
2014,4,"robert ss auto sales inc",2
2014,4,"ron lewis chevrolet",2
2014,4,"rosen nissan inc",2
2014,4,"royal edition motors inc",2
2014,4,"royalton auto enterprises inc",2
2014,4,"safe fcu",2
2014,4,"safeway motor corp",2
2014,4,"salazar used cars",2
2014,4,"sama california auto export inc",2
2014,4,"sarge's auto sales inc",2
2014,4,"security service fcu (sscu)",2
2014,4,"shamaley ford",2
2014,4,"sierra toyota",2
2014,4,"silver auto sales inc",2
2014,4,"southeastern honda",2
2014,4,"southern remarketing solutions/regions bank",2
2014,4,"spangler automotive",2
2014,4,"st charles motor cars llc",2
2014,4,"stratton auto sales inc",2
2014,4,"street smartz auto sales corporation",2
2014,4,"subasta & subasta",2
2014,4,"supreme fcu",2
2014,4,"ted britt ford lincoln",2
2014,4,"ted cianos used car center",2
2014,4,"terryville chevrolet llc",2
2014,4,"the auto group collection inc",2
2014,4,"thornton chevrolet inc",2
2014,4,"thrifty rent a car/mount rainier",2
2014,4,"tischer acura nissan",2
2014,4,"titan motors inc",2
2014,4,"tom wood toyota",2
2014,4,"toyota chula vista dba scion",2
2014,4,"toyota motor sales usa inc/buyback",2
2014,4,"toyota of danville",2
2014,4,"toyota of york",2
2014,4,"trousdale county motors",2
2014,4,"truwest credit union",2
2014,4,"u save car & truck rental",2
2014,4,"ubs wholesale",2
2014,4,"union leasing exchange llc",2
2014,4,"urban motorcars lp",2
2014,4,"usaa fleet",2
2014,4,"vantage west credit union",2
2014,4,"vegas motorcars inc",2
2014,4,"village pointe toyota-scion",2
2014,4,"viva chevrolet",2
2014,4,"viva ford",2
2014,4,"volkswagen of stockton",2
2014,4,"wells fargo financial acceptance",2
2014,4,"west herr auto exchange inc",2
2014,4,"wiz leasing inc",2
2014,4,"woodmen nissan",2
2014,4,"world hyundai matteson",2
2014,4,"yuma honda",2
2014,4,"zappone chrysler jeep dodge ram",2
2014,4,"zimmerman auto brokers inc",2
2014,4,"231 car sales inc.",2
2014,4,"924 auto corp",2
2014,4,"a & m auto sales llc",2
2014,4,"acura of riverside",2
2014,4,"advanced auto brokers llc",2
2014,4,"advancial fcu",2
2014,4,"advantage rent a car/hertz",2
2014,4,"afg/roquemore and roquemore inc",2
2014,4,"alan jay ford lincoln",2
2014,4,"all auto imports inc",2
2014,4,"all makes auto sales inc",2
2014,4,"allcar leasing",2
2014,4,"allen cadillac gmc",2
2014,4,"alliance automotive marketing",2
2014,4,"allstate leasing & sales inc",2
2014,4,"alternative enterprises inc",2
2014,4,"ambar motors inc",2
2014,4,"american auto sales inc",2
2014,4,"american car finance inc",2
2014,4,"american honda motor company (buybacks)",2
2014,4,"anderson chrysler jeep dodge",2
2014,4,"anderson ford lincoln",2
2014,4,"andrew thomas motorcars",2
2014,4,"andrews fcu",2
2014,4,"apple fcu",2
2014,4,"apple ford inc",2
2014,4,"arlington hgts chry dod jeep",2
2014,4,"arrowhead honda",2
2014,4,"atlantic global financing inc",2
2014,4,"audi mission viejo",2
2014,4,"augusta metro fcu",2
2014,4,"auto depot of orlando inc",2
2014,4,"auto progress inc",2
2014,4,"autobahn west enterprises inc",2
2014,4,autobuy,2
2014,4,"autofinders inc",2
2014,4,"autonation ford sanford",2
2014,4,"autonation ford south fort worth",2
2014,4,"autonation ford st petersburg",2
2014,4,"autonation honda miami lakes",2
2014,4,"avis rac/nashville",2
2014,4,"avis rac/salt lake city",2
2014,4,"battlefield kia",2
2014,4,"baxter chrysler jeep dodge",2
2014,4,"bel air nissan subaru inc",2
2014,4,"bev smith kia",2
2014,4,"bev smith toyota",2
2014,4,"beverly hills porsche",2
2014,4,"billion dodge chrysler jeep",2
2014,4,"bmw of arlington",2
2014,4,"bmw of freehold",2
2014,4,"bmw of henderson",2
2014,4,"bob allen chrysler dodge jeep of frankfort inc",2
2014,4,"boch toyota/scion south",2
2014,4,"brickell honda buick & gmc",2
2014,4,"briggs auto group inc",2
2014,4,"brookside motors llc",2
2014,4,"brown's manassas subaru",2
2014,4,"buddys auto sales llc",2
2014,4,"budget rent a car/omaha",2
2014,4,"budget rent a car/salt lake city",2
2014,4,"budget rent a car/wichita",2
2014,4,"budget sales & leasing",2
2014,4,"burt watson chevrolet inc",2
2014,4,"carolina auto sports",2
2014,4,"cars ez llc",2
2014,4,"cat wholesale llc",2
2014,4,"centerone/avis budget group",2
2014,4,"century sales & leasing inc",2
2014,4,"champion auto wholesale inc",2
2014,4,"champion mazda",2
2014,4,"chapman corporate wholesale",2
2014,4,"chapman scottsdale autoplex llc",2
2014,4,"classic lexus",2
2014,4,"clay nissan",2
2014,4,"cnc motors inc",2
2014,4,"cold lake ford",2
2014,4,"cole ford sales inc",2
2014,4,"comfort auto rental/leasing dba comfort auto",2
2014,4,"commercial automotive grp inc",2
2014,4,"corporate fleet services",2
2014,4,"country auto mart llc",2
2014,4,"courtesy chevrolet cadillac",2
2014,4,"courtesy lincoln",2
2014,4,"courtesy mitsubishi mazda kia",2
2014,4,"craig toyota",2
2014,4,"credit union of texas",2
2014,4,"crest ford inc",2
2014,4,"crown audi",2
2014,4,"crown buick gmc",2
2014,4,"d cars corp",2
2014,4,"dade auto sales inc",2
2014,4,"danbury auto group inc",2
2014,4,"daniel thomas sales",2
2014,4,"dave's auto",2
2014,4,"davis automotive",2
2014,4,"dch montclair acura",2
2014,4,"desert plaza auto sales inc",2
2014,4,"desert toyota",2
2014,4,"don davis nissan inc",2
2014,4,dtag,2
2014,4,"dtg operations",2
2014,4,"1st mid america credit union",1
2014,4,"3 in one auto sales inc",1
2014,4,"7 & 6 auto sales",1
2014,4,"721740 alberta ltd",1
2014,4,"a & n auto sales inc",1
2014,4,"a a a motors inc",1
2014,4,"a and a auto mart inc",1
2014,4,"a and d motors llc",1
2014,4,"a b c auto credit inc",1
2014,4,"a l financial corporation",1
2014,4,"aaa car rental inc",1
2014,4,"ace auto wholesale inc",1
2014,4,"acra automotive group",1
2014,4,"action auto group llc",1
2014,4,"acura libertyville",1
2014,4,"acura north scottsdale",1
2014,4,"acura of seattle",1
2014,4,"ada dodge chrysler jeep ram",1
2014,4,"advanced auto sales",1
2014,4,"advantage trucks com llc",1
2014,4,"advia credit union",1
2014,4,"aero corporation",1
2014,4,"affinity credit union",1
2014,4,"affordable auto care",1
2014,4,"afg/champion cu",1
2014,4,"al hendrickson toyota",1
2014,4,"al packer ford west",1
2014,4,"alan jay chevrolet cadillac inc",1
2014,4,"all american chevrolet of killeen",1
2014,4,"all pro sales & leasing inc",1
2014,4,"all state motor inc",1
2014,4,"alliance motor cars",1
2014,4,"alliant credit union",1
2014,4,"allstate leasing",1
2014,4,"ally smartlane dealers",1
2014,4,"american auto brokers inc",1
2014,4,"american first fcu",1
2014,4,"americar of rivergate inc.",1
2014,4,"amigo auto sales",1
2014,4,"amir motors",1
2014,4,"anderson toyota scion",1
2014,4,"anthony underwood automotive",1
2014,4,"apex auto wholesale - gary",1
2014,4,"apex auto wholesalers/apex auto lease",1
2014,4,"apple acura subaru",1
2014,4,"arrigo dodge chrysler jeep ram sawgrass",1
2014,4,"ars/dealer ars canada",1
2014,4,"ars/executive car leasing co",1
2014,4,"asi fcu",1
2014,4,"atlantic fleet services",1
2014,4,"audi porsche of stratham",1
2014,4,"audi west covina",1
2014,4,"austintown chrysler dodge jeep inc",1
2014,4,"auto & truck direct",1
2014,4,"auto cash used cars",1
2014,4,"auto city sales/leasing",1
2014,4,"auto et moto gilles cloutier inc",1
2014,4,"auto financial group",1
2014,4,"auto pro sales",1
2014,4,"autobahn motors corp",1
2014,4,"autodeals.me llc",1
2014,4,"autohaus lancaster inc",1
2014,4,"automotive remarketing inc",1
2014,4,"autonation acura sanford",1
2014,4,"autonation chevrolet doral",1
2014,4,"autonation chrysler dodge jeep ram pembroke pine",1
2014,4,"autonation ford arlington",1
2014,4,"autonation ford bradenton",1
2014,4,"autonation ford lincoln orange park",1
2014,4,"autonation ford margate",1
2014,4,"autonation nissan kendall",1
2014,4,"autonation toyota fort myers",1
2014,4,"autonation toyota north arlington",1
2014,4,"autonation toyota scion weston",1
2014,4,"autonation toyota winter park",1
2014,4,"autoplanet inc",1
2014,4,"avis rac/rapid city",1
2014,4,"avis rent a car/barbush rentals",1
2014,4,"avis rent a car/fargo",1
2014,4,"avner corporation",1
2014,4,"b & j car company",1
2014,4,"b & j wholesale inc",1
2014,4,"bank of america/select repo",1
2014,4,"bank of hawaii auto leasing department",1
2014,4,"bard whls",1
2014,4,"baron bmw baron mini",1
2014,4,"barrera auto sales",1
2014,4,"barter holdings inc.",1
2014,4,"beadle fd inc/beadle chry ctr",1
2014,4,"beaverton infiniti",1
2014,4,"bergen auto enterprises llc",1
2014,4,"bert ogden chevrolet inc",1
2014,4,"bert ogden motors inc",1
2014,4,"bert wolfe ford inc",1
2014,4,"berwyn kia",1
2014,4,"beshoff motorcars",1
2014,4,"best auto brokers inc",1
2014,4,"best auto wholesale",1
2014,4,"best buy repos inc",1
2014,4,"best chevrolet",1
2014,4,"bettenhausen motor sales inc",1
2014,4,"big dady cars inc",1
2014,4,"bill barlow",1
2014,4,"bill wright toyota",1
2014,4,"black/white auto sales",1
2014,4,"blue flame credit union",1
2014,4,"bluewater motorsports ws",1
2014,4,"bmc auto rental sales & leasing inc",1
2014,4,"bmw of bayside",1
2014,4,"bmw of chattanooga",1
2014,4,"bmw of las vegas",1
2014,4,"bmw of murrieta",1
2014,4,"bmw of silver spring",1
2014,4,"bmw of topeka volkswagen of topeka",1
2014,4,"bmw trade assist",1
2014,4,"bob baker toyota of lemon grove",1
2014,4,"bob hook chevrolet inc.",1
2014,4,"bob johnson chevrolet",1
2014,4,"bob mayberry hyundai inc",1
2014,4,"bob parker & son auto sales inc",1
2014,4,"boch new to you superstore",1
2014,4,"boniface hiers chrysler dodge jeep",1
2014,4,"boone trail autohaus",1
2014,4,"bourne enterprises",1
2014,4,"brad benson motorsports",1
2014,4,"brampton powersports/brampton used",1
2014,4,"brandon mitsubishi",1
2014,4,"bredemann lexus in glenview",1
2014,4,"bredemann toyota inc",1
2014,4,"bright star credit union",1
2014,4,"bristol county savings bank",1
2014,4,"broadway cars llc",1
2014,4,"brodhead chevrolet buick llc",1
2014,4,"brooklyn pk automotive inc",1
2014,4,"brown honda",1
2014,4,"brown toyota",1
2014,4,"brown's leesburg hyundai",1
2014,4,"brown's volkswagen suzuki",1
2014,4,"browning auto sales",1
2014,4,"browns alexandria mazda",1
2014,4,"bryan bowman chrys dod jeep",1
2014,4,"buckhead auto gallery",1
2014,4,"budget las vegas/ars",1
2014,4,"budget rent a car/alabama",1
2014,4,"buick gmc of mahwah",1
2014,4,"bwk of columbia",1
2014,4,"c & j rental",1
2014,4,"c/h auto usa inc",1
2014,4,"cadi auto wholesale inc",1
2014,4,"caldwell leasing",1
2014,4,"caldwell toyota",1
2014,4,"cameron motor sports",1
2014,4,"canadian auto remarketing",1
2014,4,"canadian road leasing co & ford credit canda ltd",1
2014,4,"capital chrysler jeep dodge llc",1
2014,4,"capital eurocars inc",1
2014,4,"capital honda",1
2014,4,"capital remarketing",1
2014,4,"car authority inc",1
2014,4,"car cash of new jersey llc",1
2014,4,"car collection of tampa inc",1
2014,4,"car hunters auto sales inc",1
2014,4,"car masters corp",1
2014,4,"car request inc",1
2014,4,"car saver",1
2014,4,"cardinale gmc truck",1
2014,4,"carfinders inc",1
2014,4,"carisma auto wholesaler inc",1
2014,4,"carlson toyota",1
2014,4,"carmax # 7159",1
2014,4,"carmix inc",1
2014,4,"carter automotive remarketing specialists",1
2014,4,"carters used cars",1
2014,4,"caseys cars inc",1
2014,4,cashmoneycars,1
2014,4,"castle car company",1
2014,4,"centennial buick gmc",1
2014,4,"centennial hyundai",1
2014,4,"centennial mazda",1
2014,4,"central florida auto trader llc",1
2014,4,"central florida educators fcu",1
2014,4,"central national bank",1
2014,4,"centrus auto finance",1
2014,4,"chaser inc",1
2014,4,"cherrys auto sales",1
2014,4,"chesterfield motorsports llc",1
2014,4,"chevy chase acura",1
2014,4,"chiefland chrys dodge jeep inc",1
2014,4,"chignoli auto sales inc",1
2014,4,"chings trading",1
2014,4,"chrysler dodge jeep ram 24",1
2014,4,"city rent a truck llc",1
2014,4,"city toyota city scion",1
2014,4,"class motors",1
2014,4,"classic audi",1
2014,4,"classic chevrolet cadillac",1
2014,4,"classic ford",1
2014,4,"classic hyundai",1
2014,4,"classic motorcars inc",1
2014,4,"classic toyota",1
2014,4,"clay subaru",1
2014,4,"coamo auto sales corp",1
2014,4,"coastal credit llc",1
2014,4,"coastal credit llc / jacksonville / orange park",1
2014,4,"coastal credit llc/ft walton beach/ft walton be",1
2014,4,"coastal credit llc/orange park/orange park",1
2014,4,"coastal credit llc/virginia beach/virginia beac",1
2014,4,"colorado chrysler jeep",1
2014,4,"commonwealth one fcu",1
2014,4,"community choice credit union",1
2014,4,"community cu of florida",1
2014,4,"community financial fcu",1
2014,4,"competition cars inc",1
2014,4,"concours motors inc",1
2014,4,"congers auto sales inc",1
2014,4,"conklin cars salina",1
2014,4,"connell chevrolet",1
2014,4,"consumer portfolio services",1
2014,4,"conway heaton inc.",1
2014,4,"cooper corvettes and performance cars inc",1
2014,4,"coral cadillac inc",1
2014,4,"corona auto wholesale inc",1
2014,4,"corpat inc",1
2014,4,"coulter cadillac oldsmobile inc",1
2014,4,"coulter nissan",1
2014,4,"courtesy ford",1
2014,4,"courtesy kia mitsubishi",1
2014,4,"courtesy nissan of tampa",1
2014,4,"courtesy toyota of brandon",1
2014,4,"cox chevrolet inc",1
2014,4,"credit acceptance corp/vrs/southfield",1
2014,4,"credit union leasing of america",1
2014,4,"credit union remarketing solutions",1
2014,4,"criswell isuzu trucks",1
2014,4,"crossborder vehicle sales ltd",1
2014,4,"crossroad auto group inc",1
2014,4,"crossroads chrysler jeep dodge",1
2014,4,"crossroads nissan of wake forest",1
2014,4,"crown auto sales/leasing",1
2014,4,"crown honda of southpoint",1
2014,4,"crown nissan",1
2014,4,"cu auto source/autobranch",1
2014,4,"culver city volvo",1
2014,4,"cumberland toyota",1
2014,4,"d & d auto group llc",1
2014,4,"d auto man",1
2014,4,"daimler daiichi corp",1
2014,4,"dakota motor company",1
2014,4,"dan vaden chevrolet cadillac",1
2014,4,"david j leahy jr",1
2014,4,"daylight auto financing inc",1
2014,4,"daytona toyota",1
2014,4,"de felice of pt pleasant inc",1
2014,4,"dealer auto sales",1
2014,4,"del norte credit union",1
2014,4,"delray auto mall",1
2014,4,"dennis rental cars",1
2014,4,"denooyer chevrolet inc",1
2014,4,"denper group inc",1
2014,4,"desert european motorcars",1
2014,4,"desert fleet lease",1
2014,4,"desert ranger auto sales inc",1
2014,4,"directions credit union",1
2014,4,"doan dodge chry jeep",1
2014,4,"dodge city motors inc",1
2014,4,"dodge city toyota-lexus of rkfd",1
2014,4,"dolan toyota scion",1
2014,4,"don davis dodge chrysler jeep ram",1
2014,4,"don gooley cadillac inc",1
2014,4,"donlen corp for shepard chevrolet",1
2014,4,"downtown motors inc",1
2014,4,"downtown nashville nissan",1
2014,4,"dt inventory",1
2014,4,"dupaco community credit union",1
2014,4,"durant toyota",1
2014,4,"dutton motor co",1
2014,4,"dyer & dyer volvo",1
2014,4,"e & l motors corp",1
2014,4,"earth motorcars llc",1
2014,4,"east coast financial",1
2014,4,"eastern auto motor corp",1
2014,4,"ebenzz motors",1
2014,4,"ec sales company",1
2014,4,"ed morse auto plaza",1
2014,4,"ed napleton honda",1
2014,4,"ed voyles chrysler jeep inc",1
2014,4,"elite auto sales/leasing",1
2014,4,"elk river ford merc",1
2014,4,"elmwood auto sales inc",1
2014,4,"enterprise car sales/tulsa",1
2014,4,"enterprise motorcars inc",1
2014,4,"enterprise rent a car/ars",1
2014,4,"enterprise vehicle exchange / rental / tulsa",1
2014,4,"erhard bmw of farmington hills",1
2014,4,"escamilla chevrolet pontiac gmc",1
2014,4,"evergreen kia",1
2014,4,"ew sales llc",1
2014,4,"excalibur motors inc",1
2014,4,"exclusive cars inc",1
2014,4,"executive leasing co",1
2014,4,"exotic euro cars",1
2014,4,"extra credit union",1
2014,4,"fairfield toyota",1
2014,4,"family car buyers",1
2014,4,"far south auto inc",1
2014,4,"fast title & finance inc",1
2014,4,"faulkner nissan",1
2014,4,"federal financial services inc/elkin",1
2014,4,"fenton auto sales",1
2014,4,"ferrari of ft lauderdale",1
2014,4,"ferrari of orange county",1
2014,4,"fields cadillac",1
2014,4,"fiesta ford lincoln mercury",1
2014,4,"financial services remarketing",1
2014,4,"findlay chry dodge jeep ram",1
2014,4,"first american credit union",1
2014,4,"first investors financial services",1
2014,4,"first niagara bank",1
2014,4,"fiserv/alabama telco fcu",1
2014,4,"fiserv/crescent ida",1
2014,4,"fiserv/dealer funding llc",1
2014,4,"fiserv/grow financial fcu",1
2014,4,"fiserv/independent bank",1
2014,4,"fiserv/teachers credit union",1
2014,4,"fiserv/us bank na",1
2014,4,"fisher kia",1
2014,4,"five star auto sales corp",1
2014,4,"five star ford",1
2014,4,"fleet depot",1
2014,4,"fleet lease remarketing",1
2014,4,"fleet masters",1
2014,4,"fleet services inc",1
2014,4,"fleet services remarketing inc",1
2014,4,"fleet services remarketing inc.",1
2014,4,"fletcher jones motorcars",1
2014,4,"fmgj inc",1
2014,4,"ford country of lewisville",1
2014,4,"ford intl business development inc.",1
2014,4,"ford lincoln of franklin",1
2014,4,"ford of clermont inc",1
2014,4,"ford speedway",1
2014,4,"fountain auto mall",1
2014,4,"fox automotive group inc",1
2014,4,"frank kent cadillac ltd",1
2014,4,"frank kent honda",1
2014,4,"frederick chev cad olds",1
2014,4,"fx caprara vlkwg trailer sales",1
2014,4,"g h n leasing corporation",1
2014,4,"gainesville mitsubishi",1
2014,4,"gene messer ford",1
2014,4,"germain lexus",1
2014,4,"giles nissan",1
2014,4,"gillman mitsubishi",1
2014,4,"glens falls national bank & trust co",1
2014,4,"globe auto inc",1
2014,4,"gmac smartlane dealers",1
2014,4,"go auto outlet west",1
2014,4,"good value car sales",1
2014,4,"goodfellas auto sales llc",1
2014,4,"gosch ford",1
2014,4,"grace motors",1
2014,4,"great southern bank",1
2014,4,"green hyundai",1
2014,4,"greenway chrysler jeep dodge inc",1
2014,4,"gregg glenn auto sales",1
2014,4,"gregg young chevrolet inc",1
2014,4,"gt leasing inc",1
2014,4,"gurley leep buick gmc cadillac gm giant",1
2014,4,"gurley leep hyundai subaru saab car city",1
2014,4,"gurley leep motor werks inc",1
2014,4,"gwinnett place honda",1
2014,4,"h n s auto sales inc",1
2014,4,"h&b auto center inc",1
2014,4,"hall auto brokerage",1
2014,4,"hanesbrands credit union",1
2014,4,"hanford toyota scion",1
2014,4,"harry kaufmann motor cars inc",1
2014,4,"hatt auto sales llc",1
2014,4,"helm bank",1
2014,4,"henderson chevrolet company",1
2014,4,"hendrick bmw",1
2014,4,"hendrick chevrolet",1
2014,4,"hendrick chevrolet cadillac",1
2014,4,"hendrick chevrolet shawnee mission",1
2014,4,"hendrick honda bradenton",1
2014,4,"hendrick honda pompano beach",1
2014,4,"hendrick motors of charlotte",1
2014,4,"hendrick toyota merriam",1
2014,4,"herrin gear chevrolet co inc",1
2014,4,"hertz car exchange inc/montgomery",1
2014,4,"hertz remarketing",1
2014,4,"hines park lincoln mercury inc",1
2014,4,"hinshaws acura",1
2014,4,"his auto sales inc",1
2014,4,"hodges imported cars inc",1
2014,4,"hoehn honda",1
2014,4,"hofco auto consultants",1
2014,4,"hogan chevrolet buick gmc ltd",1
2014,4,"honda & volvo of lisle",1
2014,4,"honda of covington",1
2014,4,"honda of downtown los angeles",1
2014,4,"honda of san angelo",1
2014,4,"honda of superstition springs",1
2014,4,"honda west",1
2014,4,"honda world",1
2014,4,"hopkins acura",1
2014,4,"hornburg jaguar",1
2014,4,"hosick motors inc",1
2014,4,"ht automotive llc",1
2014,4,"huffines chrysler jeep dodge",1
2014,4,"huffines chrysler jeep dodge lewisville",1
2014,4,"humberview chevrolet",1
2014,4,"humboldt chrysler-dodge-jeep inc.",1
2014,4,"huntington beach auto buyers",1
2014,4,"huston buick gmc cadillac inc",1
2014,4,"hyundai of bradenton",1
2014,4,"ichy auto sales",1
2014,4,"ideal lease",1
2014,4,"ik autowholesale inc",1
2014,4,"ilm trading & remktng llc",1
2014,4,"imperial chevrolet",1
2014,4,"infiniti of montclair",1
2014,4,"infiniti of omaha",1
2014,4,"ingram park chrysler jeep",1
2014,4,"inland northwest financial services",1
2014,4,"innovate auto finance",1
2014,4,"innovate loan servicing corp",1
2014,4,"insight financial credit union",1
2014,4,"interstate mitsubishi",1
2014,4,"isringhausen imports inc",1
2014,4,"j & e auto sales",1
2014,4,"j & j auto sales",1
2014,4,"j baer remarketing",1
2014,4,"j michael enterprises",1
2014,4,"j/r motors",1
2014,4,"jaguar annapolis",1
2014,4,"jake group",1
2014,4,"jarrett scott ford inc",1
2014,4,"jeffs motorcars inc",1
2014,4,"jerry's hyundai",1
2014,4,"jerrys chevrolet of beresford",1
2014,4,"jessup cad buick pont gmc saab/hummer chev",1
2014,4,"jg elite enterprises",1
2014,4,"jimmy vasser toyota",1
2014,4,"jm wholesale",1
2014,4,"john jones automtv outlet inc",1
2014,4,"jones toyota",1
2014,4,"jordan ford ltd",1
2014,4,"jyd auto leasing & sales llc",1
2014,4,"k & g auto group llc",1
2014,4,"k d kelley auto sales",1
2014,4,"kapitolia auto llc",1
2014,4,"karz direct inc",1
2014,4,"kawo int'l inc",1
2014,4,"kearny mesa hyundai subaru",1
2014,4,"ken garff st. george ford lincoln",1
2014,4,"kendall hyundai",1
2014,4,"kennys auto group inc",1
2014,4,"kernersville chrysler dodge jeep",1
2014,4,"key finance",1
2014,4,"kia motors america inc - lemon law",1
2014,4,"kia motors america/isg",1
2014,4,"kia of arlington",1
2014,4,"kia of stuart",1
2014,4,"kia store east",1
2014,4,"kingman honda",1
2014,4,"koons silver spring ford lincoln",1
2014,4,"koons tysons toyota",1
2014,4,"la capitol fcu",1
2014,4,"lake park mitsubishi",1
2014,4,"lakewood automotive inc",1
2014,4,"land rover palm beach",1
2014,4,"land rover redwood city",1
2014,4,"langley federal credit union",1
2014,4,"larry h miller chrysler jeep avondale",1
2014,4,"larry h miller chrysler jeep dodge",1
2014,4,"larry h miller fleet lease",1
2014,4,"larson motors inc",1
2014,4,"lauderdale infiniti",1
2014,4,"lauer brothers auto sales",1
2014,4,"lease plan/arlington heights ford",1
2014,4,"lease remarketing services inc",1
2014,4,"leasing associates",1
2014,4,"legacy ford pasco",1
2014,4,"legends toyota legends scion",1
2014,4,"lenders option corporation",1
2014,4,"lester glenn ford",1
2014,4,"lexus of greenville",1
2014,4,"lexus of henderson",1
2014,4,"lexus of lehigh valley",1
2014,4,"lexus of north miami",1
2014,4,"lexus of pembroke pines",1
2014,4,"lexus of riverside",1
2014,4,"lindsay lexus of alexandria",1
2014,4,"liquidation llc",1
2014,4,"lithia nissan of fresno",1
2014,4,"livermore toyota and livermore scion",1
2014,4,"logix federal credit union",1
2014,4,"lone star liquidation/twisted performance",1
2014,4,"los angeles japanese auto corp",1
2014,4,"lsl auto sales llc",1
2014,4,"luther brookdale toyota scion",1
2014,4,"luxury cars of smithtown inc",1
2014,4,"lynnes nissan city inc",1
2014,4,"m & m auto brokers inc",1
2014,4,"m & t bank",1
2014,4,"mac haik ford lincoln",1
2014,4,"macon deals inc",1
2014,4,"manheim atlanta",1
2014,4,"manheim dallas fort worth",1
2014,4,"manheim denver",1
2014,4,"manheim fort lauderdale",1
2014,4,"manheim georgia",1
2014,4,"manheim lakeland",1
2014,4,"manheim minneapolis",1
2014,4,"manheim philadelphia",1
2014,4,"manheim san diego",1
2014,4,"manheim seattle",1
2014,4,"marietta auto mart",1
2014,4,"marine chevrolet cadillac",1
2014,4,"markis and markis auto brokers",1
2014,4,"martin auto sales inc",1
2014,4,"marty feldman chevrolet inc",1
2014,4,"mayfair rent a car",1
2014,4,"mazda of wesley chapel",1
2014,4,"mc grath imports inc",1
2014,4,"mcgrath lexus of chicago",1
2014,4,"mckenna motors cerritos inc",1
2014,4,"mcmahon leasing/mcmahon motors",1
2014,4,"mega auto finance inc",1
2014,4,"mega auto group incorporated",1
2014,4,"members auto lease inc",1
2014,4,"members co-op credit union",1
2014,4,"men car auto sales",1
2014,4,"mercedes benz of des moines",1
2014,4,"mercedes benz of encino",1
2014,4,"mercedes benz of foothill ranch",1
2014,4,"mercedes benz of kansas city",1
2014,4,"mercedes benz of miami",1
2014,4,"mercedes benz of ontario",1
2014,4,mercedes-benz,1
2014,4,"mercedes-benz of coconut creek",1
2014,4,"mercedes-benz of palm beach",1
2014,4,"meridian remarketing",1
2014,4,"merrick preowned",1
2014,4,"metro auto wholesale llc",1
2014,4,"metro ford sales inc",1
2014,4,"metro volkswagen",1
2014,4,"metro wholesale outlet inc",1
2014,4,"mid florida fcu",1
2014,4,"mid hudson subaru",1
2014,4,"midwestern wheels inc",1
2014,4,"mike finnin ford llc",1
2014,4,"milham ford toyota scion",1
2014,4,"millennium cars",1
2014,4,"miller motors",1
2014,4,"mint motorcars inc",1
2014,4,"montclair auto sls grp llc",1
2014,4,"monte carlo auto sales inc.",1
2014,4,"morrison motors inc",1
2014,4,"mossy nissan kearny mesa",1
2014,4,"mossy toyota",1
2014,4,"mossy volkswagen",1
2014,4,"motorcars express",1
2014,4,"motorists mutual insurance co",1
2014,4,"mph import & export inc",1
2014,4,"mtp auto leasing & services inc",1
2014,4,"muller automotive inc",1
2014,4,"muller honda",1
2014,4,"mullers woodfield acura",1
2014,4,"mulligan motors inc",1
2014,4,"multi auto trading inc",1
2014,4,"murphy leasing co inc/dba avis",1
2014,4,"my car llc",1
2014,4,"nalley bmw",1
2014,4,"nalley hyundai",1
2014,4,"nalley nissan decatur",1
2014,4,"naperville imports inc",1
2014,4,"napletons north palm auto park inc",1
2014,4,"nassau educators federal credit union",1
2014,4,"national auto acceptance",1
2014,4,"national auto lenders",1
2014,4,"national auto outlet",1
2014,4,"national fleet leasing",1
2014,4,"national remarketing services",1
2014,4,"nationwide fleet services inc",1
2014,4,"nationwide motor sales corp",1
2014,4,"neighbors fcu",1
2014,4,"neuwirth motors inc",1
2014,4,"new deal used cars",1
2014,4,"new england performance cars llc",1
2014,4,"newburgh toyota scion",1
2014,4,"nice car",1
2014,4,"nil les auto sales inc",1
2014,4,"nissan dealer blend/tustin nissan",1
2014,4,"nissan of cookeville",1
2014,4,"nissan of new orleans",1
2014,4,"nissan of south holland",1
2014,4,"nj autofinders llc",1
2014,4,"no end trucking inc",1
2014,4,"north american fleet sales inc",1
2014,4,"north brothers ford inc",1
2014,4,"north central ford",1
2014,4,"north county hyundai",1
2014,4,"northeast leasing",1
2014,4,"northwest sales & service",1
2014,4,"nutmeg state fcu",1
2014,4,"nuwest motors",1
2014,4,"o'brien hyundai of fort meyers",1
2014,4,"o'fallon motorsports",1
2014,4,"o'neal sales",1
2014,4,"o'reilly auto parts",1
2014,4,"oars fleet lease llc",1
2014,4,"old south sales inc",1
2014,4,"one nevada credit union",1
2014,4,"one source fcu",1
2014,4,"onemain rem/auto club of miami inc dba north dad",1
2014,4,"onemain rem/coast to coast auto group",1
2014,4,"onemain rem/delta dealer",1
2014,4,"onemain rem/european motors group",1
2014,4,"onemain rem/fmt enterprises inc",1
2014,4,"onemain rem/manheim san francisco bay",1
2014,4,"onemain rem/navi exchange llc",1
2014,4,"onemain rem/orange county motorsports llc",1
2014,4,"onemain rem/silva auto sales",1
2014,4,"onesource/glendale mitsubishi",1
2014,4,"onesource/heyward allen toyota",1
2014,4,"onesource/sun toyota",1
2014,4,"onesource/toyota of hollywood",1
2014,4,"onesource/toyota of melbourne",1
2014,4,"onesource/wesley chapel toyota",1
2014,4,"optimal international corp",1
2014,4,"orange county's credit union",1
2014,4,"orlando auto sale",1
2014,4,"outten chrysler dodge jeep ram",1
2014,4,"packey webb ford",1
2014,4,"palm springs ford-lincoln-mercury",1
2014,4,"par north america/alaska usa fcu",1
2014,4,"paramount kia of asheville",1
2014,4,"parks auto brokers inc",1
2014,4,"parks ford of wesley chapel",1
2014,4,"parkway ford lincoln c-d-j-r",1
2014,4,"pat o'brien chevrolet",1
2014,4,"patrick european llc",1
2014,4,"patriot chevrolet inc",1
2014,4,"paul's trading station llc",1
2014,4,"pdx auto wholesale llc",1
2014,4,"pee dee auto buyers",1
2014,4,"penegon mission viejo inc",1
2014,4,"peninsula infiniti llc",1
2014,4,"performance chrysler jeep dodge of lincoln",1
2014,4,"performance nissan",1
2014,4,"performance toyota-scion of lincoln",1
2014,4,"permian toyota",1
2014,4,"persichetti motorsports inc",1
2014,4,"peruzzi mazda",1
2014,4,"pfs auto finance",1
2014,4,"phillips chevrolet inc",1
2014,4,"phoenix rsng corporation",1
2014,4,"piazza acura of reading",1
2014,4,"pilgrim motors llc",1
2014,4,"pines auto brokers",1
2014,4,"planet honda",1
2014,4,"planet nissan",1
2014,4,"platinum motor cars",1
2014,4,"plaza motors inc",1
2014,4,"plutas motor group llc",1
2014,4,"pohanka acura",1
2014,4,"pohanka honda of fredericksburg",1
2014,4,"pohanka nissan hyundai",1
2014,4,"porsche fin svcs dba bentley financial services",1
2014,4,"porsche of arlington",1
2014,4,"porsche of downtown la",1
2014,4,"porsche of fort myers",1
2014,4,"porsche of fresno audi fresno",1
2014,4,"porsche of hawaii",1
2014,4,"precision mitsubishi / precision mazda",1
2014,4,"preferred chrysler dodge jeep ram of grand haven",1
2014,4,"premier acceptance",1
2014,4,"premier motor/cars",1
2014,4,"preston motors inc",1
2014,4,"price auto group llc",1
2014,4,"priceline autos llc",1
2014,4,"primeritus remarketing / executive auto sal",1
2014,4,"primeritus remarketing/bank of hawaii",1
2014,4,"primeritus remarketing/cci",1
2014,4,"primeritus remarketing/first hawaiian ban",1
2014,4,"primeritus remarketing/national auto plaza",1
2014,4,"primeritus remarketing/overseas military car",1
2014,4,"princeton chevrolet inc",1
2014,4,"priority volkswagen",1
2014,4,"proctor subaru",1
2014,4,"progressive remarketing",1
2014,4,"puente hills mitsubishi",1
2014,4,"quality car care",1
2014,4,"randy ford inc",1
2014,4,"rc auto brokers inc",1
2014,4,"rd cars",1
2014,4,"rebirth investments inc",1
2014,4,"red hoagland hyundai inc",1
2014,4,"reed nissan",1
2014,4,"reedman toll auto world",1
2014,4,"regal cars of florida inc",1
2014,4,"regency motor cars llc",1
2014,4,"regional finance/san antonio",1
2014,4,"regional leasing & acceptance",1
2014,4,"reliable motor werks llc",1
2014,4,"remarketing by ge/afs acceptance llc",1
2014,4,"remarketing by ge/betal autoplex ltd",1
2014,4,"remarketing by ge/boeing wichita credit union",1
2014,4,"remarketing by ge/carolina fcu",1
2014,4,"remarketing by ge/classic motorcars inc",1
2014,4,"remarketing by ge/drivetime",1
2014,4,"remarketing by ge/film vehicle services",1
2014,4,"remarketing by ge/finance & thrift company",1
2014,4,"remarketing by ge/firelands fcu",1
2014,4,"remarketing by ge/first florida credit union",1
2014,4,"remarketing by ge/ge capital solutions",1
2014,4,"remarketing by ge/hardy automotive llc",1
2014,4,"remarketing by ge/linn co federal credit union",1
2014,4,"remarketing by ge/manheim albany",1
2014,4,"remarketing by ge/manheim arena illinois",1
2014,4,"remarketing by ge/manheim baltimore washington",1
2014,4,"remarketing by ge/manheim california",1
2014,4,"remarketing by ge/manheim chicago",1
2014,4,"remarketing by ge/manheim dallas ft. worth",1
2014,4,"remarketing by ge/manheim ft. lauderdale",1
2014,4,"remarketing by ge/manheim kansas city",1
2014,4,"remarketing by ge/manheim new england",1
2014,4,"remarketing by ge/manheim north carolina",1
2014,4,"remarketing by ge/manheim seattle",1
2014,4,"remarketing by ge/meritrust credit union",1
2014,4,"remarketing by ge/mission fcu",1
2014,4,"remarketing by ge/motorsource inc",1
2014,4,"remarketing by ge/penair fcu",1
2014,4,"remarketing by ge/public service credit union",1
2014,4,"remarketing by ge/schools first fcu",1
2014,4,"remarketing by ge/sunrise partners inc of nw",1
2014,4,"remarketing by ge/westconsin credit union",1
2014,4,"remarketing by ge/wiregrass fcu",1
2014,4,"remktgedge/td bank",1
2014,4,"renew wholesale auto sales inc",1
2014,4,"rent a vette",1
2014,4,"renty car rental",1
2014,4,"reparaciones hector",1
2014,4,"repo remarketing/central state credit union",1
2014,4,"repo remarketing/first credit union",1
2014,4,"repo remarketing/sce federal credit union",1
2014,4,"repo remarketing/skyone fcu",1
2014,4,"repo remarketing/vantage west credit union",1
2014,4,"repo remarketing/visterra credit union",1
2014,4,"richard karr motors",1
2014,4,"richardson imports inc",1
2014,4,"riley toyota scion",1
2014,4,"ritter & associates inc",1
2014,4,"riverside car store inc",1
2014,4,"robertson auto",1
2014,4,"robinson brothers lincoln",1
2014,4,"robono inc",1
2014,4,"rock chevrolet",1
2014,4,"rock honda",1
2014,4,"rolando kenneth auto",1
2014,4,"ron lewis pre-owned",1
2014,4,"rosner motors inc",1
2014,4,"ross nissan of el monte",1
2014,4,"royal rent a car",1
2014,4,"royal rent a car systems",1
2014,4,"rusnak pasadena jaguar sterling pasadena",1
2014,4,"russ darrow leasing co inc",1
2014,4,"s/s auto wholesale",1
2014,4,"safe auto sales",1
2014,4,"safford chrysler jeep dodge of springfield",1
2014,4,"sam swope fiat",1
2014,4,"sams auto wholesale inc",1
2014,4,"san diego sports cars",1
2014,4,"sanford honda",1
2014,4,"sansone jrs 66 nissan",1
2014,4,"sawgrass infiniti",1
2014,4,"saxon fleet services",1
2014,4,"scholfield buick gmc hyundai",1
2014,4,"schomp bmw",1
2014,4,"scottsdale sports car group",1
2014,4,"seattle auto",1
2014,4,"security national automotive acceptance corp",1
2014,4,"selma hyundai",1
2014,4,"service motor co inc",1
2014,4,"seth wadley ford lincoln mercury",1
2014,4,"sewell cadillac-hummer",1
2014,4,"shamaley buick gmc",1
2014,4,"sheehy ford of springfield inc",1
2014,4,"sheehy ford of warrenton",1
2014,4,"sheehy nissan of waldorf",1
2014,4,"showcase wholesale auto llc",1
2014,4,"shults ford lincoln",1
2014,4,"signature kia of colorado springs",1
2014,4,"sill terhar motors inc",1
2014,4,"simpson auto inc",1
2014,4,"smart drive llc",1
2014,4,"smart toyota of quad cities",1
2014,4,"smith haven mazda",1
2014,4,"smith volvo inc",1
2014,4,"solutions auto sales",1
2014,4,"sossa pre owned",1
2014,4,"south county lexus at mission viejo",1
2014,4,"south shore bmw mini",1
2014,4,"south street auto sales",1
2014,4,"specialized sales and leasing",1
2014,4,"spradley barr motors inc",1
2014,4,"stadium nissan",1
2014,4,"stadium toyota inc",1
2014,4,"stanley chevrolet pontiac kaufman",1
2014,4,"stanley ford andrews",1
2014,4,"stanley ford sweetwater",1
2014,4,"stapleton motorcars inc",1
2014,4,"star ford lincoln",1
2014,4,"star nissan inc",1
2014,4,"steet toyota scion",1
2014,4,"sterling bmw",1
2014,4,"stevens ford",1
2014,4,"stockton # 12 honda",1
2014,4,"suburban auto sales",1
2014,4,"sullivan auto trading inc",1
2014,4,"sullivan buick gmc inc",1
2014,4,"sullivan investment corporation",1
2014,4,"summs skip & collections",1
2014,4,"sun community fcu",1
2014,4,"sun motor cars inc",1
2014,4,"sunbelt chrysler jeep dodge inc",1
2014,4,"sunshine autos",1
2014,4,"super buy auto sales inc",1
2014,4,"superior motors",1
2014,4,"swope motors inc.",1
2014,4,"t and t auto repair and sales",1
2014,4,"team ford lincoln",1
2014,4,"telhio credit union",1
2014,4,"terry cullen southlake chev inc",1
2014,4,"texas credit motors",1
2014,4,"texas rv outlet superstore",1
2014,4,"the auto site inc",1
2014,4,"the johnson dealerships inc",1
2014,4,"the lexus store of lexington",1
2014,4,"the lot of saratoga llc",1
2014,4,"the wilhardt collection inc",1
2014,4,"tibet motors inc",1
2014,4,"titlemax of rainbow blvd - nv 4",1
2014,4,"titlemax/henderson nv3",1
2014,4,"titlemax/las vegas nv32",1
2014,4,"tom clark chevrolet inc",1
2014,4,"tony honda",1
2014,4,"top 10 motors inc",1
2014,4,"total resource auctions-tulsa",1
2014,4,"town & country motors",1
2014,4,"town & country motors ii",1
2014,4,"towne ford lincoln mazda hyundai",1
2014,4,"toy barn",1
2014,4,"toyota bountiful",1
2014,4,"toyota of clermont",1
2014,4,"toyota of des moines",1
2014,4,"toyota of kirkland",1
2014,4,"toyota of olympia",1
2014,4,"toyota of orange",1
2014,4,"toyota of slidell",1
2014,4,"toyota santa monica",1
2014,4,"toyota scion of downtown la",1
2014,4,"toyota/scion of gastonia",1
2014,4,"trading post motors",1
2014,4,"transitowne hyundai",1
2014,4,"trinity auto sales",1
2014,4,"tropical chevrolet",1
2014,4,"trucks unlimited inc",1
2014,4,"truliant fcu",1
2014,4,"twin willows ii inc",1
2014,4,"united auto usa corp",1
2014,4,"universal motors of miami inc",1
2014,4,"valley auto llc",1
2014,4,"valley brook auto brokers",1
2014,4,"valley kia",1
2014,4,"van horn chrysler dodge jeep ram",1
2014,4,"vantage credit union",1
2014,4,"vehicle remarketing services",1
2014,4,"velcor leasing corp",1
2014,4,"veros credit",1
2014,4,"vineyard enterprises inc/chr",1
2014,4,"virginia premier auto",1
2014,4,"viva kia",1
2014,4,"volkswagen of corpus christi",1
2014,4,"volkswagen of gainesville",1
2014,4,"volkswagen of puyallup",1
2014,4,"w & l sports cars inc",1
2014,4,"wakota fcu",1
2014,4,"walser chrysler jeep dodge",1
2014,4,"watts auto sales llc",1
2014,4,"wayne auto sales inc",1
2014,4,"weir canyon honda",1
2014,4,"wells fargo dealer services-tra",1
2014,4,"west coast acceptance",1
2014,4,"west financial acceptance",1
2014,4,"western fcu",1
2014,4,"western financial & leasing inc",1
2014,4,"westfall auto sales",1
2014,4,"westlake financial services",1
2014,4,"wheels of fortune auto inc",1
2014,4,"whitewater motors inc",1
2014,4,"wichita falls ford lin merc",1
2014,4,"wildwood motors",1
2014,4,"willett honda south",1
2014,4,"william h porter inc",1
2014,4,"wilson auto sales llc",1
2014,4,"winner dover llc",1
2014,4,"winner subaru/vw of dover",1
2014,4,"wondries toyota",1
2014,4,"woodhouse ford south inc",1
2014,4,"woodhouse nissan inc",1
2014,4,"woodhouse sioux city inc",1
2014,4,"worldwide auto care inc",1
2014,4,"xclusive auto leasing inc",1
2014,4,"xtreme automotive group inc",1
2014,4,"zimbrick eastside",1
2015,1,"ford motor credit company llc",11362
2015,1,"nissan-infiniti lt",9360
2015,1,"avis corporation",9163
2015,1,"the hertz corporation",8803
2015,1,"enterprise veh exchange/rental",4615
2015,1,"nissan infiniti lt",4332
2015,1,"ahfc/honda lease trust/hvt inc. eot",3843
2015,1,"hyundai motor finance",3365
2015,1,"kia motors america inc",3140
2015,1,"gm remarketing",3077
2015,1,"avis budget group",2842
2015,1,"ford motor credit company llc pd",2829
2015,1,"mercedes-benz financial services",2718
2015,1,"ge fleet services for itself/servicer",2689
2015,1,"santander consumer",2436
2015,1,"chrysler capital",2309
2015,1,"dtg operations inc",2308
2015,1,"financial services remarketing (lease)",2131
2015,1,"enterprise vehicle exchange / tra / rental / tulsa",2082
2015,1,"tdaf remarketing",2052
2015,1,"ford motor credit company",1950
2015,1,"ars/avis budget group",1942
2015,1,"lexus financial services",1928
2015,1,"hertz corporation/gdp",1842
2015,1,"world omni financial corporation",1683
2015,1,"lease plan usa",1625
2015,1,"nissan motor acceptance corporation",1536
2015,1,"wheels exchange llc",1481
2015,1,"nissan north america inc.",1480
2015,1,"toyota financial services",1446
2015,1,"gm financial",1438
2015,1,"ford-lincoln dealer program",1419
2015,1,"jpmorgan chase bank n.a.",1334
2015,1,"ahfc/honda lease trust/hvt inc.",1275
2015,1,u-haul,1221
2015,1,"wells fargo dealer services",1167
2015,1,"subaru of america",1055
2015,1,"gm financial leasing",988
2015,1,"kia motors finance",980
2015,1,"toyota motor sales usa inc/program",965
2015,1,"vw credit",948
2015,1,"enterprise holdings/gdp",940
2015,1,"r hollenshead auto sales inc",904
2015,1,ars/enterprise,901
2015,1,"chrysler canada inc",898
2015,1,"pv holding inc/gdp",876
2015,1,"capital one auto finance",873
2015,1,"fiserv/usb dealer services northstar exchange",859
2015,1,"wholesale inc # 2",776
2015,1,"ahfc/honda lease/trust/hvt inc. eot acuras",685
2015,1,"avis rac/san leandro",559
2015,1,"donlen corporation",552
2015,1,"music city autoplex llc",549
2015,1,ari,536
2015,1,"bmw mini financial services",508
2015,1,"exeter finance corp",485
2015,1,"chrysler group llc",425
2015,1,"adcock brothers inc",424
2015,1,"ez rent a car inc",415
2015,1,"enterprise vehicle exchange/orange",408
2015,1,"meridian remarketing",384
2015,1,"td auto finance",370
2015,1,"fox rent a car",366
2015,1,"enterprise vehicle exchange/dfw airport",355
2015,1,hertz/tra,345
2015,1,"bmw north america greer",341
2015,1,"high bid trading co inc",335
2015,1,"volvo na rep/world omni",318
2015,1,"sullivan auto group llc",314
2015,1,"bmw na manheim new jersey",308
2015,1,"oriental bank",302
2015,1,"regional acceptance corporation / greenville",295
2015,1,"enterprise vehicle exchange/davenport",291
2015,1,"hopper motorplex inc",289
2015,1,"t & k enterprises of mt airy inc",283
2015,1,"mazda motors of america inc.",267
2015,1,"mercedes-benz finc wholesale advantage",266
2015,1,"midtown motors",264
2015,1,"dollar rac/seattle",263
2015,1,"infiniti financial services",263
2015,1,"young motors llc",255
2015,1,"vw credit inc",253
2015,1,"merchants leasing",253
2015,1,"ford motor company of canada",246
2015,1,"medlin buick gmc mazda",239
2015,1,"kevins marysville auto sales inc",234
2015,1,"byers car rentals llc",234
2015,1,"volkswagen credit inc/sc",229
2015,1,"ez rent a car/orlando",226
2015,1,"budget rac of atlanta",222
2015,1,"automobiles paille inc",220
2015,1,"merchants automotive group",217
2015,1,"us bank",217
2015,1,"toyota financial services/avis budget group-open",215
2015,1,"bmw alphera/alphera financial services",213
2015,1,"florida auto financial group",209
2015,1,"texas auto brokers",208
2015,1,"sutton ford/ge",204
2015,1,"hyundai motor america/co car",200
2015,1,"aaero sweet company",199
2015,1,"vw credit inc/pilot",197
2015,1,"vw credit prequalified",197
2015,1,"select lane",195
2015,1,"enterprise fleet management exchange inc.",188
2015,1,"hyundai motor america",188
2015,1,"suntrust bank",184
2015,1,"wheels ltd",182
2015,1,ally,182
2015,1,"bmw north america",181
2015,1,"unique autos",179
2015,1,"pauley motor car co preowned vehicles llc",178
2015,1,"mmca inc",174
2015,1,"remarketing by ge/flagship credit acceptance",169
2015,1,"american honda motor company",169
2015,1,"barco rent a truck",165
2015,1,"fca canada inc",165
2015,1,enterprise/ars,160
2015,1,"onesource/kendall toyota",149
2015,1,"skyhigh remarketing inc",149
2015,1,"zimmerman auto brokers inc",147
2015,1,"emkay inc",144
2015,1,"reliance motors llc",143
2015,1,"bank of america",140
2015,1,"pm standley motorcars",137
2015,1,"northwestern chrys/j/d/ge",134
2015,1,"gsp transportation inc",134
2015,1,"sixt rent a car llc",133
2015,1,"remarketing by ge/larry h miller-fleet lease",132
2015,1,"larry hudson chevrolet buick gmc inc",131
2015,1,"stratford hyundai",131
2015,1,"first investors servicing corp",130
2015,1,"hertz car exchange inc/oklahoma city",129
2015,1,"bmw mini north america",129
2015,1,"wheels lt",120
2015,1,"honda of america manufacturing",119
2015,1,"consolidated asset recovery systems inc.",118
2015,1,"lester glenn buick",117
2015,1,"lexus of pembroke pines",117
2015,1,"southeastern car & truck rental",115
2015,1,"the collection",114
2015,1,ars-cpo,114
2015,1,"ars/thrifty car rental/greer",114
2015,1,"carworks inc",114
2015,1,"dollar thrifty automotive group",113
2015,1,"midwest car corporation/ally financial",113
2015,1,"budget rent a car/atlanta",112
2015,1,"capps rent a car",112
2015,1,"excell auto center",112
2015,1,"exceptional motorcar llc",110
2015,1,"regional acceptance corporation / greensboro",109
2015,1,"midway hfc fleet/ars",108
2015,1,"fifth third bank",108
2015,1,"hyundai of new port richey",108
2015,1,"u-haul technical center",105
2015,1,"kc landsmen ars",104
2015,1,"dollar thrifty auto group",102
2015,1,"reliable financial services inc",101
2015,1,"westfall auto sales",100
2015,1,"dt credit corporation",98
2015,1,"premium auto wholesale",98
2015,1,"toyota credit de puerto rico",96
2015,1,"exceptional motorcars ltd",96
2015,1,"financial services remarketing/rail cars",96
2015,1,"remarketing by ge/west financial acceptance",95
2015,1,"u-haul international",93
2015,1,"cm investments",93
2015,1,"d&a fine cars",93
2015,1,"bmw north america raa",91
2015,1,"dollar thrifty auto group/faao",88
2015,1,"pnc bank national association",88
2015,1,"fields bmw",88
2015,1,"fox rent a car tra",88
2015,1,"kern automotive group inc",88
2015,1,"sixt rent a car",88
2015,1,"hertz damaged liquidation",86
2015,1,"mid city mcandrew motors",85
2015,1,"jm lexus",84
2015,1,"mercedes-benz usa",83
2015,1,"advantage chevrolet/ge",83
2015,1,"northeast leasing",82
2015,1,"flexco fleet services",82
2015,1,"enterprise vehicle exchange/franklin",81
2015,1,"hann financial services",81
2015,1,"lauderdale bmw of fort lauderdale",81
2015,1,"manheim imports",79
2015,1,"express car & truck rental",78
2015,1,"hyundai motor america/lease",78
2015,1,"fleet lease remarketing",76
2015,1,"lawler motor sports inc",76
2015,1,"easy car leasing llc dba brac of birmingham",75
2015,1,"fidelity bank",75
2015,1,"ahfc/honda lease trust/hvt inc acuras",75
2015,1,"alans autos",75
2015,1,"american bank auto liquidators",75
2015,1,"aviscar inc ator",75
2015,1,"cameron motors",75
2015,1,"rlb investments",75
2015,1,"onesource/southwest remarketing",74
2015,1,"prestige financial services",73
2015,1,"budget of omaha/ars",73
2015,1,"ec sales llc",72
2015,1,"gateway one lending & finance",72
2015,1,"remarketing by ge/the credit union loan source",72
2015,1,"fiserv/citizens one auto finance",71
2015,1,"lauderdale imports ltd bmw pembrok pines",71
2015,1,"fairway ford henderson",70
2015,1,fiserv,70
2015,1,"fiserv/crescent bank & trust",70
2015,1,"mike albert fleet solutions",70
2015,1,"scotiabank de puerto rico",69
2015,1,"sports car leasing",69
2015,1,"mitsubishi motors of america",68
2015,1,"financial services remarketing (repos)",68
2015,1,"hyundai buybacks",67
2015,1,"all car leasing inc",67
2015,1,"chrysler group/hertz/pv holding/000gd",67
2015,1,"fiserv/regions bank",66
2015,1,"innovative auto llc",66
2015,1,"silver car",66
2015,1,"overland west",66
2015,1,"mitsubishi north america",65
2015,1,"financial services remarketing - pickup",65
2015,1,"jim ellis",65
2015,1,"automotive solutions llc",65
2015,1,"porsche financial services",64
2015,1,"primeritus remarketing/compass bank",64
2015,1,"ricks auto marketing center south",64
2015,1,"par north america",63
2015,1,"braman motors",63
2015,1,"honda r&d americas inc",63
2015,1,"ruan car sales inc",63
2015,1,"coral springs honda",62
2015,1,"brac of salt lake city",61
2015,1,"braman motorcars",61
2015,1,ecars,61
2015,1,"ge fleet or gefs by apex fleet as agent",61
2015,1,"lexus of north miami",61
2015,1,"car collection of tampa inc",60
2015,1,"car and truck rentals",59
2015,1,"fusion auto finance llc",59
2015,1,"royal rent a car",58
2015,1,"mckenna audi/mckenna bmw",58
2015,1,"onemain rem/m&m auto traders",58
2015,1,"avis rent a car/barbush rentals",58
2015,1,"budget rent a car/salt lake city",58
2015,1,"budget rac of memphis",57
2015,1,"credit acceptance corp/vrs/southfield",57
2015,1,"chapman chry jeep",56
2015,1,"toyota financial services/tmct",56
2015,1,"fiserv/global lending services",56
2015,1,"gm/enterprise vehicle exchange",56
2015,1,"enterprise vehicle exchange/ars/coconut creek",55
2015,1,"volvo car financial service/world omni",55
2015,1,"woodhouse ford inc",55
2015,1,bb&t,55
2015,1,"big tree auto brokers",55
2015,1,"auto sails inc",54
2015,1,"barco fleet services",54
2015,1,"c & j rental",54
2015,1,"citiwide auto leasing",54
2015,1,"consumer portfolio services",54
2015,1,"mike albert limited",54
2015,1,"remktgedge / cars / carfinance capital llc",54
2015,1,"remarketing by ge/suntrust bank",53
2015,1,"harold mathews nissan inc",53
2015,1,"advantage opco llc",53
2015,1,"california republic bank",53
2015,1,"american road leasing inc",52
2015,1,"donlen exchange services inc",52
2015,1,"the auto connection",52
2015,1,"toyota financial services/enterprise",51
2015,1,"westlake financial services",51
2015,1,"braman honda of palm beach",51
2015,1,"courtney leasing inc",51
2015,1,"power drive inc",51
2015,1,"remarketing by ge/space coast credit union",51
2015,1,"remarketing by ge/michigan schools & govt cu",50
2015,1,"caprock auto remarketing",50
2015,1,"cire leasing",50
2015,1,"smith haven chrysler jeep dodge",50
2015,1,"expert auto group inc",50
2015,1,enterprise-tra,49
2015,1,"gnm auto sales inc",49
2015,1,"kia motors america inc/company cars",49
2015,1,"ars/express car and truck rental inc",48
2015,1,"brunson auto sales",48
2015,1,"international auto group inc",47
2015,1,"tim short chevrolet",47
2015,1,"usaa fleet",46
2015,1,"economy rent a car & sales inc",46
2015,1,"honda manufacturing of alabama",44
2015,1,"bank of the west",44
2015,1,"phillips auto brokerage",44
2015,1,"onesource/mega auto group inc",43
2015,1,"remarketing by ge/summit financial corp",43
2015,1,"c&f finance company",43
2015,1,"justus motors company inc",43
2015,1,"superior automotive sales i",43
2015,1,"t & s motors",43
2015,1,"vw credit xu ready",43
2015,1,"audi henderson",42
2015,1,"toyota motor sales usa inc",41
2015,1,"fiserv/citizens auto finance",41
2015,1,"general american rentals",41
2015,1,"johnson lexus of raleigh",41
2015,1,"gmt auto sales inc",40
2015,1,"i auto sales inc",40
2015,1,"l m auto wholesale",40
2015,1,"best auto wholesale",40
2015,1,"remarketing by ge/nextgear capital",40
2015,1,"vpsi inc",40
2015,1,"bob's rentals inc/avis systems licensee",39
2015,1,financialinx,39
2015,1,"lenders assistance corporation",39
2015,1,"randy ford inc",39
2015,1,"repo depo",38
2015,1,"ars/enterprise rac",38
2015,1,"century dealer services corp",38
2015,1,"summer enterprises of miami inc",38
2015,1,"toyota motor sales/lexus",38
2015,1,"bul connections llc",37
2015,1,"don davis nissan inc",37
2015,1,"regional acceptance corporation / winterville",37
2015,1,"primeritus remarketing/crescent bank & trust",36
2015,1,"aaa car rental inc",36
2015,1,"audi pembroke pines",36
2015,1,"bb&t asset disposal",36
2015,1,"bmw of mount laurel",36
2015,1,"california fleet inc",36
2015,1,"car rentals inc",36
2015,1,"carl black chevrolet buick gmc",36
2015,1,"certified preowned ford&lincoln/mercury dlr unit",36
2015,1,"royal coast auto inc",36
2015,1,"findlay north volkswagen",36
2015,1,"hertz remarketing",36
2015,1,"jim butler auto plaza",36
2015,1,"lease plan advantage",36
2015,1,"gary mathews motors inc.",35
2015,1,"american auto brokers inc",35
2015,1,"colonial auto sales",35
2015,1,"reedman toll auto world",35
2015,1,"tradewinds remarketing",35
2015,1,"walters auto sales/service inc",35
2015,1,"toyota motor sales usa inc/buyback",34
2015,1,"usautoland inc",34
2015,1,"wichita falls ford lin inc",34
2015,1,"159191 canada inc",34
2015,1,"bmw of riverside",34
2015,1,"budget rent a car/kansas city funding llc",34
2015,1,"east coast honda",34
2015,1,"o'fallon motorsports",34
2015,1,"prestige motorcar imports inc",34
2015,1,"remarketing by ge/manheim southern california",33
2015,1,"barrett transportation services inc",33
2015,1,"california auto wholesale",33
2015,1,"charles & son auto sls inc",33
2015,1,"dm northwest inc",33
2015,1,"sossa pre owned",33
2015,1,"woodall auto wholesale inc",33
2015,1,"fred martin motor co",33
2015,1,"hoehn motors inc",33
2015,1,"house of hondaz",33
2015,1,"jr's auto city inc",33
2015,1,"kelley buick gmc inc",33
2015,1,"924 auto corp",32
2015,1,"auto focus inc",32
2015,1,"coral cadillac inc",32
2015,1,"plaza motor company",32
2015,1,"security service fcu (sscu)",32
2015,1,"toyota of orlando",32
2015,1,"vci/auto gallery",31
2015,1,"all state motor inc",31
2015,1,"arrowhead auto group inc",31
2015,1,"checker leasing dba avis rac",31
2015,1,"enterprise vehicle exchange/non program",31
2015,1,"nextgear capital",31
2015,1,"remarketing by ge/manheim pennsylvania",31
2015,1,"right toyota",30
2015,1,"andrew thomas motorcars",30
2015,1,"auto depot of orlando inc",30
2015,1,autobuy,30
2015,1,"crossborder vehicle sales ltd",30
2015,1,"shirlie slack mitsubishi",30
2015,1,"southgate leasing corp",30
2015,1,"stratton auto sales inc",30
2015,1,"union leasing exchange llc",30
2015,1,"elder ford of tampa",30
2015,1,"fleet link services inc",30
2015,1,"fleet street remarketing llc",30
2015,1,"enterprise rent a car/ars",29
2015,1,"intercontinental fleet corp",29
2015,1,"joyce motors corp",29
2015,1,"aaero sweet corporation",29
2015,1,"automotive solutions inc",29
2015,1,"canadian road leasing co & ford credit canda ltd",29
2015,1,"carriage traders",29
2015,1,"d&m leasing",29
2015,1,"munter motor cars",29
2015,1,"prestige chrysler jeep dodge",29
2015,1,"web auto special inc",29
2015,1,"xcar inc",29
2015,1,"towbin dodge",28
2015,1,"wholesale motor sales inc",28
2015,1,"contemporary auto sales",28
2015,1,"humberview chevrolet",28
2015,1,"larry h. miller fleet lease",28
2015,1,"enterprise fm trust",27
2015,1,"a l financial corporation",27
2015,1,"adk auto brokers inc",27
2015,1,"austintown chrysler dodge jeep inc",27
2015,1,"autosport usa",27
2015,1,"central florida auto gallery inc",27
2015,1,"dollar rac/portland",27
2015,1,"stream llc dba stream remarketing solutions",27
2015,1,"the auto group collection inc",27
2015,1,"town & country motors",27
2015,1,"wheat country motors",27
2015,1,"lokey motor company",27
2015,1,"mercedes benz of chicago",27
2015,1,"primeritus remarketing/mag interests",27
2015,1,"myrddin fleet services",26
2015,1,"ambar motors inc",26
2015,1,"bay ridge honda suzuki kia",26
2015,1,"dab auto world & leasing",26
2015,1,earnhardt,26
2015,1,"enterprise vehicle exchange/honolulu",26
2015,1,"flex fleet rental exchange",26
2015,1,hincklease,26
2015,1,"san diego sports cars",26
2015,1,"auto trakk llc",25
2015,1,"budget rent a car/omaha",25
2015,1,"cameron motor sports",25
2015,1,"napleton's palm beach acura",25
2015,1,"navy fcu",25
2015,1,"enterprise fm exchange/tra/lease",25
2015,1,"ferco motors corp",25
2015,1,"gateway kia of north brunswick",25
2015,1,"enterprise vehicle exchange/sharonville",24
2015,1,"fiserv/security national automotive accept corp",24
2015,1,"ford motor company of canada limited",24
2015,1,"g & a investments inc/avis systems",24
2015,1,"grace motors",24
2015,1,"green toyota",24
2015,1,"hamilton honda",24
2015,1,"arcadia chevrolet buick inc.",24
2015,1,"don's wholesale llc",24
2015,1,"dtag tra",24
2015,1,"runde chevrolet inc",24
2015,1,"stingray chevrolet",24
2015,1,"terry cullen southlake chev inc",24
2015,1,"tsj auto brokers inc",24
2015,1,"m and t bank",24
2015,1,"new look enterprises inc",24
2015,1,"planet nissan",24
2015,1,"pohanka lexus",24
2015,1,"remarketing by ge/north american fleet sales inc",24
2015,1,"phh vehicle management services inc",23
2015,1,"remarketing by ge/xpress rent a car",23
2015,1,"bmw north america/lemon law buy backs",23
2015,1,"briggs auto group inc",23
2015,1,"crb auto finance",23
2015,1,"lease plan usa/tra",23
2015,1,"the motor car group inc",23
2015,1,"triangle rent a car",23
2015,1,"tycon enterprises",23
2015,1,"universal motors of miami inc",23
2015,1,"walser leasing",23
2015,1,"woodhouse chevrolet",23
2015,1,"tidewater motor credit",22
2015,1,"capital nissan of wilmington",22
2015,1,"chapmans las vegas dodge",22
2015,1,"dollar thrifty damage liquidation",22
2015,1,"m/r motors inc",22
2015,1,"manheim dallas",22
2015,1,"manheim new jersey",22
2015,1,"mi joe auto sales",22
2015,1,"onesource/savannah toyota scion",22
2015,1,"overland west inc",22
2015,1,"firkins chrysler jeep dodge",22
2015,1,"foursight capital llc",22
2015,1,"holman honda of fort lauderdale",22
2015,1,"jenkins hyundai",22
2015,1,"edward colosimo auto sales",21
2015,1,"elad motors",21
2015,1,"enterprise vehicle exchange / rental / tulsa",21
2015,1,"first technology credit union",21
2015,1,"j baer remarketing",21
2015,1,"land rover north america llc",21
2015,1,"lease plan/sutton ford",21
2015,1,"apple fcu",21
2015,1,"ars/budget rac of utah & idaho",21
2015,1,"daniel thomas sales",21
2015,1,"driscoll motors",21
2015,1,"suntrust bank public",21
2015,1,"t. james motorsports llc",21
2015,1,"texas rv outlet superstore",21
2015,1,"ubs wholesale",21
2015,1,"wayne auto sales inc",21
2015,1,"willis cadillac inc",21
2015,1,"mercedes benz of buckhead",21
2015,1,"mountain motors inc",21
2015,1,"nationwide fleet services inc",21
2015,1,"remarketing by ge/manheim orlando",21
2015,1,"remarketing of america",21
2015,1,"repo remarketing/vantage west credit union",21
2015,1,"palm chevrolet of gainesville llc",20
2015,1,"peter stallone auto sales inc",20
2015,1,"pro financial inc",20
2015,1,"progressive ford inc",20
2015,1,"remarketing by ge/penske truck lsg fleet sales",20
2015,1,"car city llc",20
2015,1,"enterprise vehicle exchange-non pgm/orlando",20
2015,1,"hyundai motor america/co car open sale",20
2015,1,"jim norton toyota of lawton",20
2015,1,"jim pattison lease",20
2015,1,"las vegas motorcars llc",20
2015,1,"lease plan/ray chevrolet",20
2015,1,"rjk auto brokers llc",20
2015,1,"toyota of olympia",20
2015,1,"u-haul fleet sales",20
2015,1,"university ford inc",20
2015,1,"sama california auto export inc",19
2015,1,"the bancorp bank",19
2015,1,"toyota of york",19
2015,1,"american motor group",19
2015,1,"brandywine motor cars inc",19
2015,1,"congers auto sales inc",19
2015,1,"david j leahy jr",19
2015,1,"directions credit union",19
2015,1,"mentor mitsubishi",19
2015,1,"north american fleet sales inc",19
2015,1,"primeritus remarketing/coastal fcu",19
2015,1,"remarketing by ge/bwas",19
2015,1,"remarketing by ge/certified fleet inc",19
2015,1,"fenton auto sales",19
2015,1,"kentland car co inc",19
2015,1,"lease plan/arlington heights ford",19
2015,1,"dyer chevrolet",18
2015,1,"enterprise rent a car",18
2015,1,"findlay acura",18
2015,1,"fleet depot",18
2015,1,"j & s auto haus",18
2015,1,"j zap llc",18
2015,1,"land rover palm beach",18
2015,1,"lbs financial credit union",18
2015,1,"all auto imports inc",18
2015,1,"ars/merchants automotive group",18
2015,1,"balboa thrift & loan association",18
2015,1,"bank of hawaii",18
2015,1,"best buy repos inc",18
2015,1,"brac of wichita - wichita landsman",18
2015,1,"clear view systems",18
2015,1,"ron lewis chrysler dodge jeep ram",18
2015,1,"salerno duane infiniti llc",18
2015,1,"southern auto finance co/ft. lauderdale",18
2015,1,"supreme fcu",18
2015,1,"tyson motor corporation",18
2015,1,"u s auto importing & sales",18
2015,1,"maher chevrolet inc",18
2015,1,"mascio motor car",18
2015,1,"motorcars of south texas",18
2015,1,"newport lexus",18
2015,1,"remarketing by ge/manheim riverside",18
2015,1,"remarketing by ge/meritrust credit union",18
2015,1,"rick case honda",18
2015,1,"marano & sons auto sales inc",17
2015,1,"mercedes benz of laguna niguel",17
2015,1,"metro wholesale outlet inc",17
2015,1,"navy federal credit union",17
2015,1,"nissan of cool springs",17
2015,1,"ocean honda",17
2015,1,"remarketing by ge/manheim baltimore washington",17
2015,1,"remarketing by ge/manheim chicago",17
2015,1,"ag leaseplan",17
2015,1,"akins ford dodge jeep chrysler ram",17
2015,1,"american fleet leasing",17
2015,1,"arlington hgts chry dod jeep",17
2015,1,"bard whls",17
2015,1,"bev smith kia",17
2015,1,"boone trail autohaus",17
2015,1,"butler motors inc",17
2015,1,"david mcdavid honda",17
2015,1,"desert european motorcars",17
2015,1,"enterprise fleet management",17
2015,1,"financial services remarketing - stock in",17
2015,1,"grow financial fcu",17
2015,1,"gte fcu",17
2015,1,"rite cars inc",17
2015,1,"san antonio credit union",17
2015,1,"schumacher auto group inc",17
2015,1,"spreen honda",17
2015,1,"tfp international inc",17
2015,1,"subaru financial services",16
2015,1,"us bank repos",16
2015,1,"achieva credit union",16
2015,1,"carplex holdings llc",16
2015,1,"condor capital corp",16
2015,1,"diers inc",16
2015,1,"mayfair rent a car",16
2015,1,"mercedes benz of temecula",16
2015,1,"murphy leasing co inc/dba avis",16
2015,1,"nationwide financial inc",16
2015,1,"onesource/toyota of hollywood",16
2015,1,"primeritus remarketing/aas",16
2015,1,"remarketing by ge/america first credit union",16
2015,1,"remarketing by ge/ge capital solutions",16
2015,1,"economy rent a car/ars",16
2015,1,"first hawaiian bank",16
2015,1,"ford credit canada limited",16
2015,1,"hertz canada vehicles partners",16
2015,1,"joshua motor car co inc",16
2015,1,"jr&l industries inc",16
2015,1,"exclusive cars inc",15
2015,1,"five star bank",15
2015,1,"fratelli investment group",15
2015,1,"great neck nissan llc",15
2015,1,"hendrick buick gmc cadillac",15
2015,1,"honda of ocala",15
2015,1,"acura of las vegas",15
2015,1,"arg inc",15
2015,1,"atlantic coast remarketing inc/tasi",15
2015,1,"basney honda",15
2015,1,"black/white auto sales",15
2015,1,"brookside motors llc",15
2015,1,"brumos motor cars inc",15
2015,1,"budget rent a car/wichita",15
2015,1,"central florida chrysler jeep dodge",15
2015,1,"columbus nissan inc",15
2015,1,"desert auto trade",15
2015,1,"southern auto finance co/safco/ft lauderdale",15
2015,1,"southside bank",15
2015,1,"steve landers toyota",15
2015,1,"the hertz corporation/gm",15
2015,1,"vantage west credit union",15
2015,1,"volkswagen southtowne inc",15
2015,1,"luxury cars of smithtown inc",15
2015,1,"milham ford toyota scion",15
2015,1,"northeast remarketing service inc",15
2015,1,"o brien mitsubishi of normal",15
2015,1,"publix supermarkets",15
2015,1,"ray price honda mazda volvo",15
2015,1,"remarketing by ge/tmt auto wholesale inc",15
2015,1,"rental car finance corp/(pen)",15
2015,1,"manheim nashville",14
2015,1,"napleton's clermont chrysler jeep dodge",14
2015,1,"nissan dealer blend/avis rent a car",14
2015,1,"nissan dealer blend/ross nissan of el monte",14
2015,1,"nvp remarketing",14
2015,1,"onemain rem/auto club of miami inc dba north dad",14
2015,1,"palm beach auto mall inc",14
2015,1,"primeritus remarketing/cook leasing inc",14
2015,1,"queenston chev olds",14
2015,1,"1 cochran of monroeville",14
2015,1,"231 car sales inc.",14
2015,1,"airport van rental",14
2015,1,"allcar leasing",14
2015,1,"auto select inc",14
2015,1,"battlefield kia",14
2015,1,"bergen auto enterprises llc",14
2015,1,"bmw of manhattan inc",14
2015,1,"cox fleet",14
2015,1,"datura auto sales and rentals",14
2015,1,"eagle buick gmc inc",14
2015,1,"east coast volkswagen",14
2015,1,"ebenzz motors",14
2015,1,"financial services remarketing (land rovers)",14
2015,1,"first american credit union",14
2015,1,"first light fcu",14
2015,1,"fiserv/crescent ida",14
2015,1,"fuccillo kia of cape coral",14
2015,1,"ge capital fleet services",14
2015,1,"hoehn honda",14
2015,1,"hutch chevrolet buick gmc inc",14
2015,1,"infiniti of montclair",14
2015,1,"j m wholesale",14
2015,1,"kerbeck cadillac pontiac inc",14
2015,1,"lindsay lexus of alexandria",14
2015,1,"ron wilson ford tradewinds inc",14
2015,1,"safford chrysler jeep dodge of fredericksburg",14
2015,1,"scerbo auto leasing inc",14
2015,1,"team ford lincoln",14
2015,1,"the car exchange",14
2015,1,"toyota of hollywood",14
2015,1,"toyota of murfreesboro/scion of murfreesboro",14
2015,1,"toyota of union city",14
2015,1,"truwest credit union",14
2015,1,"va cars inc",14
2015,1,"riverchase used car center inc",13
2015,1,"riverside auto sales inc",13
2015,1,"robert preussler motors llc",13
2015,1,"saxon fleet services",13
2015,1,"sst financial",13
2015,1,"sti remarketing",13
2015,1,"toyota of kirkland",13
2015,1,"wheels of fortune auto inc",13
2015,1,"winter motor company inc",13
2015,1,"a & n auto sales inc",13
2015,1,"akins ford dodge jeep chrysler",13
2015,1,"apex fleet as agent or assignee of gecfs",13
2015,1,"auto plaza motor sports llc",13
2015,1,"bellco fcu",13
2015,1,"cadillac of mahwah llc",13
2015,1,"california rent-a-car & leasing",13
2015,1,"casa ford lincoln",13
2015,1,"centerpoint auto exchange llc",13
2015,1,"chris auffenberg ford inc",13
2015,1,"coast sports cars inc",13
2015,1,"coconut creek auto mall",13
2015,1,"corporate fleet services",13
2015,1,"dick poe chrysler jeep",13
2015,1,"dodge of paramus inc",13
2015,1,"mcmb financial",13
2015,1,"mercedes benz of tampa",13
2015,1,mercedes-benz,13
2015,1,"metro ford inc",13
2015,1,"multi auto trading inc",13
2015,1,"my car llc",13
2015,1,"onesource/zimmerman auto brokers",13
2015,1,"parkway nissan lincoln mercury",13
2015,1,"primeritus remarketing / chesterfield impor",13
2015,1,"primeritus remarketing/marine fcu",13
2015,1,"remarketing by ge/golden 1 credit union",13
2015,1,"remarketing by ge/manheim arena illinois",13
2015,1,"ed voyles chrysler jeep inc",13
2015,1,"enterprise vehicle exchange/st louis",13
2015,1,"findlay kia",13
2015,1,"first community credit union",13
2015,1,"fiserv/sierra auto finance",13
2015,1,"goldstar motors",13
2015,1,"gwinnett place ford",13
2015,1,"hendrick durham auto mall",13
2015,1,"jaguar north america llc",13
2015,1,"king cadillac buick gmc inc",13
2015,1,"koons tysons toyota",13
2015,1,"lancaster car company llc",13
2015,1,"lexus of stevens creek",13
2015,1,"first investors financial services",12
2015,1,"frankfort toyota",12
2015,1,"futrell auto sales",12
2015,1,"g & s auto sales & rentals llc",12
2015,1,"gettel acura",12
2015,1,"hawthorne auto sales co",12
2015,1,"heavenly motors of texas ltd",12
2015,1,"hendrick chevrolet",12
2015,1,"hyundai st constant",12
2015,1,"international motor car company",12
2015,1,"international motor sports inc",12
2015,1,"ipc investments inc",12
2015,1,"jack ingram motors inc",12
2015,1,"k&m northfield dodge",12
2015,1,"landers mclarty dodge chrysler jeep",12
2015,1,"larry h miller fleet lease",12
2015,1,"lease remarketing services inc",12
2015,1,"lee dodge",12
2015,1,"absher arnold motors llc",12
2015,1,"bmw north america uaa",12
2015,1,"bob & chuck eddy cadillac chevrolet buick",12
2015,1,"bobb automotive inc",12
2015,1,"boch new to you superstore",12
2015,1,"boykin motors of johnston co inc",12
2015,1,"bredemann lexus in glenview",12
2015,1,"buyers auto sales",12
2015,1,cadilexus,12
2015,1,"canadian auto remarketing",12
2015,1,"cat wholesale llc",12
2015,1,"ciscon llc",12
2015,1,"crescent automotive corp inc",12
2015,1,"dave dennis inc",12
2015,1,"dave's auto",12
2015,1,"route one corporation",12
2015,1,"suzuki of newmarket",12
2015,1,"united fcu",12
2015,1,"vci/audi of downtown la",12
2015,1,"velcor leasing corp",12
2015,1,"waldorf vw waldorf subaru",12
2015,1,"westbury jeep chrysler dodge inc",12
2015,1,"wth car rental ulc",12
2015,1,"melvin g rhoades auto sales llc",12
2015,1,"new century bmw",12
2015,1,"newbold toyota",12
2015,1,"nicholas financial inc/clearwater",12
2015,1,"northeast auto marketing",12
2015,1,"onemain rem/vossen motors",12
2015,1,"onesource/beaver toyota of st augustine",12
2015,1,"r & b car sales inc",12
2015,1,"r m hollenshead auto sales inc",12
2015,1,"rbm of atlanta inc",12
2015,1,"remarketing by ge/sunrise partners inc of nw",12
2015,1,"rick's auto marketing center",12
2015,1,"margate volvo",11
2015,1,"mckenna volks",11
2015,1,"more automotive products inc",11
2015,1,"napletons south orlando chrysler jeep dodge",11
2015,1,"national fleet leasing",11
2015,1,"nissan of albertville",11
2015,1,"onesource/deluca toyota inc",11
2015,1,"park auto south inc",11
2015,1,"reed nissan",11
2015,1,"register chevrolet & oldsmobile inc",11
2015,1,"remarketing by ge/classic motorcars inc",11
2015,1,"remarketing by ge/manheim central florida",11
2015,1,"remarketing by ge/manheim denver",11
2015,1,"remarketing by ge/manheim ohio",11
2015,1,"repo remarketing/visterra credit union",11
2015,1,"advantage rent a car/hertz",11
2015,1,"american auto sales inc",11
2015,1,"ars/acme auto leasing",11
2015,1,"bev smith toyota",11
2015,1,"bmw north scottsdale",11
2015,1,"bob baker jeep",11
2015,1,"cantu chevrolet",11
2015,1,"car sense inc",11
2015,1,"century sales & leasing inc",11
2015,1,"cox chevrolet inc",11
2015,1,"david mcdavid ford ft.worth",11
2015,1,"ec sales company",11
2015,1,"eckley auto brokers inc",11
2015,1,"fdic leasing",11
2015,1,"florida rent a car",11
2015,1,"folger automotive llc",11
2015,1,"fountain auto mall",11
2015,1,"freehold dodge inc",11
2015,1,"g h n leasing corporation",11
2015,1,"germain lexus",11
2015,1,"hendrick kia of cary",11
2015,1,"j & e auto sales",11
2015,1,"jackson ford inc",11
2015,1,"jaguar land rover thousand oaks",11
2015,1,"robinson buick gmc ltd",11
2015,1,"royalton auto enterprises inc",11
2015,1,"subaru of pembroke pines",11
2015,1,"sullivan auto trading inc",11
2015,1,"sutton leasing inc",11
2015,1,"wiley auto solutions llc",11
2015,1,"ritter & associates inc",10
2015,1,"smith haven mazda",10
2015,1,"southeastern honda",10
2015,1,"stanford car co",10
2015,1,"terryville chevrolet llc",10
2015,1,"vegas motorcars inc",10
2015,1,"vehicle remarketing services",10
2015,1,"wells fargo financial acceptance",10
2015,1,"worldwide auto care inc",10
2015,1,"worldwide auto wholesalers inc",10
2015,1,"afs acceptance llc",10
2015,1,"allstate remarketing service inc",10
2015,1,"alternative enterprises inc",10
2015,1,"atlantic coast remarketing inc/asf",10
2015,1,"auto depot",10
2015,1,"betterway leasing llc",10
2015,1,"bmw of freehold",10
2015,1,"brown honda",10
2015,1,"butler kia",10
2015,1,"california motorsports",10
2015,1,"car city inc",10
2015,1,"certified motor car llc",10
2015,1,"champion mazda",10
2015,1,"cig financial",10
2015,1,"luxury fleet serv inc",10
2015,1,"luxury motor car company",10
2015,1,"m l sim",10
2015,1,"malco enterprise of nevada/dba budget",10
2015,1,"manheim orlando",10
2015,1,"manheim statesville",10
2015,1,"meier & company",10
2015,1,"mercedes benz of escondido",10
2015,1,"morrison motors inc",10
2015,1,"national car rental",10
2015,1,"performance auto center inc",10
2015,1,"pohanka honda of fredericksburg",10
2015,1,"progressive remarketing",10
2015,1,"remarketing by ge/afs acceptance llc",10
2015,1,"remarketing by ge/chandler auto sales",10
2015,1,"remarketing by ge/chase lease remarketing co",10
2015,1,"remarketing by ge/manheim california",10
2015,1,"remarketing by ge/manheim kansas city",10
2015,1,"remarketing by ge/manheim nevada",10
2015,1,"ford intl business development inc.",10
2015,1,"germain toyota of naples/germain scion of naples",10
2015,1,"gunn honda",10
2015,1,"hendrick mini",10
2015,1,"honda village",10
2015,1,"infiniti of the palm beaches",10
2015,1,"j magnone auto group llc",10
2015,1,"jack pfister autos",10
2015,1,"jersey's auto sales",10
2015,1,"kapitolia auto llc",10
2015,1,"kelly chevrolet cadillac inc",10
2015,1,"kly international",10
2015,1,"lease plan/napleton cadillac",10
2015,1,"lexus of tacoma at fife",10
2015,1,"lexus of thousand oaks",10
2015,1,"gateway chevrolet inc",9
2015,1,"gentry motor co inc",9
2015,1,"grossinger autoplex inc",9
2015,1,"harbor nissan",9
2015,1,"hendrick motors of charlotte",9
2015,1,"highline motor cars corp",9
2015,1,"ingersoll auto of danbury",9
2015,1,"jones dealerships inc",9
2015,1,"kia motors america inc -lemon law buybacks",9
2015,1,"kia of dartmouth",9
2015,1,"lauderdale infiniti",9
2015,1,"lenders fleet services",9
2015,1,"lia honda",9
2015,1,"alamo leasing co",9
2015,1,"amro -auction sale unit",9
2015,1,"autolenders liquidation center",9
2015,1,"automobile acceptance corp",9
2015,1,"automotive 360 inc",9
2015,1,"boniface hiers chrysler dodge jeep",9
2015,1,"california auto exchange",9
2015,1,"calstar motors inc",9
2015,1,"cannon cadillac of lakeland",9
2015,1,"capital ford of charlotte inc",9
2015,1,"capital subaru of greenville llc",9
2015,1,"car masters corp",9
2015,1,"centerone/set pool",9
2015,1,"chase automotive leasing",9
2015,1,"cherokee chrysler dodge jeep",9
2015,1,"credit union leasing of america",9
2015,1,"crown auto sales/leasing",9
2015,1,"crown honda",9
2015,1,"don beyer volvo winchester",9
2015,1,"don jackson chrysler dodge jeep",9
2015,1,"dt inventory",9
2015,1,"rusnak westlake audi",9
2015,1,"sc leasing llc",9
2015,1,"select motor car of gainesville inc",9
2015,1,"shottenkirk west burlington inc",9
2015,1,"smith haven mitsubishi",9
2015,1,"spangler automotive",9
2015,1,"stanley ford andrews",9
2015,1,"tim dahle nissan of southtowne",9
2015,1,"united acceptance",9
2015,1,"weber granite city chevrolet company",9
2015,1,"maple ridge chrysler jeep dodge",9
2015,1,"maritime motors of fairfield inc",9
2015,1,"mercedes-benz of palm beach",9
2015,1,"metro nissan of montclair",9
2015,1,"mid florida fcu",9
2015,1,"mitsubishi motors north america company cars",9
2015,1,"momentum motorcars",9
2015,1,"motorlease corporation",9
2015,1,"nissan dealer blend/united nissan",9
2015,1,"north atlanta auto superstore",9
2015,1,"north shore bank",9
2015,1,"onesource/arlington toyota inc",9
2015,1,"onesource/sand mountain toyota",9
2015,1,"platinum motor cars",9
2015,1,"pompano ford lincoln mercury",9
2015,1,"r k chevrolet inc",9
2015,1,"rancho ford",9
2015,1,"reeves import motorcars inc",9
2015,1,"regional finance/san antonio",9
2015,1,"remarketing by ge/manheim detroit",9
2015,1,"remarketing by ge/trumark financial credit union",9
2015,1,"rick case kia",9
2015,1,"rick weaver buick pont gmc trk",9
2015,1,"manheim georgia",8
2015,1,"martin auto gallery",8
2015,1,"mazda of wesley chapel",8
2015,1,"mehdis car company",8
2015,1,"mercedes-benz finc services premier program",8
2015,1,"merrick preowned",8
2015,1,"michael hohl motor company",8
2015,1,"millennium cars",8
2015,1,"morris auto enterprises llc",8
2015,1,"myrtle beach automotive",8
2015,1,"napleton's hyundai",8
2015,1,"napletons north palm auto park inc",8
2015,1,"nationwide fleet auto sales inc",8
2015,1,"nil les auto sales inc",8
2015,1,"nissan dealer blend/demaagd nissan",8
2015,1,"nissan of omaha llc",8
2015,1,"oakville chrysler dodge jeep ram",8
2015,1,"onemain rem/roseville chrysler",8
2015,1,"port charlotte honda",8
2015,1,"prestige leasing and sales inc",8
2015,1,"primeritus remarketing/jt automart 2",8
2015,1,"rally auto sales inc",8
2015,1,"rb motor finance/dba avis",8
2015,1,"remarketing by ge/archibalds inc",8
2015,1,"remarketing by ge/inova federal credit union",8
2015,1,"remarketing by ge/manheim louisville",8
2015,1,"remarketing by ge/manheim phoenix",8
2015,1,"remarketing by ge/premier motors leasing inc",8
2015,1,"remarketing by ge/tubbs brothers",8
2015,1,"a-l financial corporation",8
2015,1,"archie outlet auto sales",8
2015,1,"ars/executive car leasing co",8
2015,1,"associated credit union",8
2015,1,"auto gallery",8
2015,1,"aventura honda",8
2015,1,"bank of america/certified repo",8
2015,1,"beverly hills porsche",8
2015,1,"bill pearce courtesy honda",8
2015,1,"blue knob auto sales inc",8
2015,1,"bobby rahal bmw of south hills",8
2015,1,"brandon mitsubishi",8
2015,1,"budget rent a car/alabama",8
2015,1,"c & b motors",8
2015,1,"central florida educators fcu",8
2015,1,"chapman scottsdale autoplex llc",8
2015,1,"chevrolet of wesley chapel",8
2015,1,"city style imports inc",8
2015,1,"crestwood motors inc",8
2015,1,"daimler daiichi corp",8
2015,1,"diane sauer chevrolet inc",8
2015,1,dtag,8
2015,1,"fairfield fd vw hynd bmw",8
2015,1,"fairfield toyota",8
2015,1,"fairway chevrolet",8
2015,1,"ferrari of ft lauderdale",8
2015,1,"fiesta ford lincoln mercury",8
2015,1,"findlay chry dodge jeep ram",8
2015,1,"first citizens fcu",8
2015,1,"first tech fcu",8
2015,1,"fiserv/dealer funding llc",8
2015,1,"fleet services remarketing inc.",8
2015,1,"florida auto and truck exchange inc",8
2015,1,"frank kent cadillac ltd",8
2015,1,"freedom automotive and marine brokers",8
2015,1,"frisco chrysler dodge jeep ram inc.",8
2015,1,"galpin ford studio rentals",8
2015,1,"glockner south point ford",8
2015,1,"graham motor co",8
2015,1,"gwinnett place honda",8
2015,1,"henderson chev buick pont gmc",8
2015,1,"hendrick bmw",8
2015,1,"howard johnson auto sales inc",8
2015,1,"international honda",8
2015,1,"j star fiat & maserati of anaheim hills",8
2015,1,"jim coleman honda",8
2015,1,"jyd auto leasing & sales llc",8
2015,1,"ken pollock nissan llc",8
2015,1,"kendall hyundai",8
2015,1,"kly international llc",8
2015,1,"knauz continental autos inc",8
2015,1,"landers mclarty dge chry jeep",8
2015,1,"lease plan/napleton auto werks",8
2015,1,"leaserite leasing and sales",8
2015,1,"rolling hills auto plaza",8
2015,1,"rolls royce motorcars manhattan",8
2015,1,"rusty eck ford inc",8
2015,1,"safeway motor corp",8
2015,1,"sanford honda",8
2015,1,"security national automotive acceptance corp",8
2015,1,"smail acura",8
2015,1,"spallco enterprises inc/gdp",8
2015,1,"super buy auto sales inc",8
2015,1,"symbolic motor cars",8
2015,1,"triangle auto sales inc",8
2015,1,"trousdale county motors",8
2015,1,"u save auto rental",8
2015,1,"universal nissan",8
2015,1,"viva chevrolet",8
2015,1,"viva ford",8
2015,1,"weston auto gallery",8
2015,1,"wheels r us inc",8
2015,1,"zimbrick eastside",8
2015,1,"rob lambdin's university dodge",7
2015,1,"rothrock motor sales inc",7
2015,1,"s/s auto wholesale",7
2015,1,"sheehy ford lincoln of gaithersburg",7
2015,1,"south bay bmw",7
2015,1,"stadium toyota inc",7
2015,1,"stanley chrysler - dodge - jeep - gatesville",7
2015,1,"sullivan luxury cars llc",7
2015,1,"summs skip & collections",7
2015,1,"superior motors",7
2015,1,"teamone toyota of gadsden",7
2015,1,"texas direct auto",7
2015,1,"the auto gallery",7
2015,1,"thrifty car sales",7
2015,1,"toyota of waldorf",7
2015,1,"trade in solutions irvine",7
2015,1,"tri county chrysler dodge jeep ram",7
2015,1,"twin willows ii inc",7
2015,1,"u save car & truck renta",7
2015,1,"united leasing inc",7
2015,1,"valley national bank",7
2015,1,"woodhouse sioux city inc",7
2015,1,"wright-patt credit union",7
2015,1,"acr (atlanta car remarketing inc)",7
2015,1,"acura of seattle",7
2015,1,advance,7
2015,1,"advantage chrysler dodge jeep",7
2015,1,"ak international inc",7
2015,1,"allied rent a car",7
2015,1,"audi north scottsdale",7
2015,1,"autodeals.me llc",7
2015,1,"autonation honda miami lakes",7
2015,1,"autonation nissan kendall",7
2015,1,autoyes,7
2015,1,"avid acceptance llc",7
2015,1,"avis rac/pv holding/san francisco",7
2015,1,"award auto sales and leasing inc",7
2015,1,"basney imports",7
2015,1,"bianchi honda",7
2015,1,"bmw group financial services canada",7
2015,1,"bmw of columbus",7
2015,1,"boch toyota/scion south",7
2015,1,"boggess automotive group llc",7
2015,1,"brac of harrisburg dba aero corp",7
2015,1,"brandywine chrysler jeep dodge",7
2015,1,"bright star credit union",7
2015,1,"browns honda city",7
2015,1,"budget rent a car/farmington",7
2015,1,"capital chrysler jeep dodge llc",7
2015,1,"capital ford lincoln of wilmington",7
2015,1,"capital remarketing",7
2015,1,"cherokee auto",7
2015,1,"chip wynn motors",7
2015,1,"corpat exchange llc",7
2015,1,"dennis rental cars",7
2015,1,"desert plaza auto sales inc",7
2015,1,"doering leasing company inc",7
2015,1,"don beyer volvo subaru kia of alexandria",7
2015,1,drivetime,7
2015,1,"main auto llc",7
2015,1,"manheim atlanta",7
2015,1,"manheim auctions/ars",7
2015,1,"mcdonald auto sales & leasing",7
2015,1,"mercedes benz of freehold",7
2015,1,"midway hfc fleet",7
2015,1,"mint motors",7
2015,1,"nawi leasing inc",7
2015,1,"nickel corporation",7
2015,1,"nissan of union city",7
2015,1,"north state acceptance",7
2015,1,"odaniel honda",7
2015,1,"onemain rem/city select motors",7
2015,1,"onemain rem/freedom inc dba freedom auto group",7
2015,1,"palm springs nissan",7
2015,1,"parks ford of wesley chapel",7
2015,1,"parkway ford lincoln c-d-j-r",7
2015,1,"pee dee auto buyers",7
2015,1,"perillo bmw inc",7
2015,1,"piazza honda of pottstown",7
2015,1,"port view leasing & sales ltd",7
2015,1,"premier cape cod",7
2015,1,"premium cars wholesale ltd",7
2015,1,"primeritus remarketing/koons automotive i",7
2015,1,"ray catena bmw of westchester",7
2015,1,"remarketing by ge/general auto acceptance llc",7
2015,1,"remarketing by ge/kemba financial credit union",7
2015,1,"remarketing by ge/manheim pensacola",7
2015,1,"remarketing by ge/penair fcu",7
2015,1,"remarketing by ge/piedmont advantage credit unio",7
2015,1,"remarketing by ge/schools first fcu",7
2015,1,"remarketing by ge/we florida financial",7
2015,1,"east coast financial",7
2015,1,"ed morse auto plaza",7
2015,1,"edwards subaru hyundai",7
2015,1,"element vehicle management services llc",7
2015,1,"enterprise car sales",7
2015,1,eurocar,7
2015,1,eurofix,7
2015,1,"everett chevrolet inc",7
2015,1,"far south auto inc",7
2015,1,"findlay toyota and scion",7
2015,1,"fiserv/independent bank",7
2015,1,"fiserv/us bank na",7
2015,1,"galaxy motors",7
2015,1,"gateway kia of denville",7
2015,1,"global motor sports inc",7
2015,1,"gm/express car & truck rental",7
2015,1,"grand strand nissan inc",7
2015,1,"gs autoplex llc",7
2015,1,"gurley leep motor werks inc",7
2015,1,"hatt auto sales llc",7
2015,1,"hendrick dodge",7
2015,1,"hertz car rental",7
2015,1,"hillside honda",7
2015,1,"holiday rent a car",7
2015,1,"honda city",7
2015,1,"i g burton & co inc",7
2015,1,"irvine bmw",7
2015,1,"jim click ford lincoln mercury",7
2015,1,"joe machens chrysler dodge jeep ram",7
2015,1,"john markel inc",7
2015,1,"johnson sewell ford lincoln inc",7
2015,1,"jordan auto",7
2015,1,"ken garff st. george ford lincoln",7
2015,1,"keyvoor inc",7
2015,1,"laredo dodge chrysler jeep",7
2015,1,"lexus of annapolis",7
2015,1,"lexus of cool springs",7
2015,1,"elite auto group llc",6
2015,1,"enterprise vehicle exchange/hapeville",6
2015,1,"evergreen kia",6
2015,1,"fairfield chevrolet cadillac",6
2015,1,"fiat of ontario",6
2015,1,"findlay motor company",6
2015,1,"findlay volkswagen",6
2015,1,"freedom first credit union",6
2015,1,"freehold buick gmc inc",6
2015,1,"galyen leasing inc",6
2015,1,"gaudin jaguar porsche of las vegas",6
2015,1,"generations bank",6
2015,1,"ghent chevrolet cadillac",6
2015,1,"green hyundai",6
2015,1,"grossinger toyota north",6
2015,1,"gunn chevrolet ltd",6
2015,1,"gurley leep imports inc",6
2015,1,"h&b auto center inc",6
2015,1,"haselwood chevrolet cadillac buick pontiac gmc",6
2015,1,"henderson hyundai superstore",6
2015,1,"henderson nissan",6
2015,1,"hendrick chevrolet shawnee mission",6
2015,1,"hendrick honda",6
2015,1,"hendrick honda pompano beach",6
2015,1,"honda of gainesville",6
2015,1,"hrft finance inc",6
2015,1,"hutch chrysler dodge jeep ram",6
2015,1,"hyundai of gadsden",6
2015,1,"interstate fleets inc",6
2015,1,"jenkins hyundai of leesburg",6
2015,1,"jim coleman cadillac infiniti",6
2015,1,"jim sloan ford inc.",6
2015,1,"kia motors america/isg",6
2015,1,"lance cunningham ford",6
2015,1,"landmark credit union",6
2015,1,"lexus of las vegas",6
2015,1,"a & a auto sales",6
2015,1,"a & h import",6
2015,1,"abab corportation",6
2015,1,"acme autos international",6
2015,1,"action nissan",6
2015,1,"acura libertyville",6
2015,1,"advanced auto brokers llc",6
2015,1,"alas leasing",6
2015,1,ally/roseville,6
2015,1,"american car finance inc",6
2015,1,"american honda motor company (buybacks)",6
2015,1,"assets recovered",6
2015,1,"audi of charlotte",6
2015,1,"audi of downtown l a",6
2015,1,"barber honda",6
2015,1,"bartow ford co",6
2015,1,"best way autos",6
2015,1,"beverly hills llc",6
2015,1,"billy lawrence leasing",6
2015,1,"bmw of cape cod",6
2015,1,"bob mayberry hyundai inc",6
2015,1,"bob parker & son auto sales inc",6
2015,1,"braeger chevrolet",6
2015,1,"browns jeep eagle chrysler plymouth",6
2015,1,"budget rent a car of harrisburg pa",6
2015,1,"budget rent a car of memphis",6
2015,1,"budget rent a car/east point",6
2015,1,"budget rent a car/port angeles",6
2015,1,"c harper chevrolet buick cadillac",6
2015,1,"campus usa fcu",6
2015,1,"caparra motor services inc. dba target rac",6
2015,1,"capitol chevrolet cadillac inc",6
2015,1,"car request inc",6
2015,1,"cherry hill classic cars",6
2015,1,"city rent a truck llc",6
2015,1,"classic chevrolet cadillac",6
2015,1,"classic lexus",6
2015,1,"coggin bmw treasure coast",6
2015,1,"commonwealth audi volkswagen",6
2015,1,"contemporary motorcar ltd",6
2015,1,"courtesy ford",6
2015,1,"credit union of texas",6
2015,1,"crown eurocars inc",6
2015,1,"david wilsons toyota of las vegas",6
2015,1,"deragon location inc",6
2015,1,"dick hannah chrysler jeep dodge",6
2015,1,"drexel hill nissan llc",6
2015,1,"riverside toyota scion",6
2015,1,"robert larson's hyundai",6
2015,1,"ron lewis ford",6
2015,1,"ron lewis pre-owned",6
2015,1,"rosner motors inc",6
2015,1,"sansone jrs 66 nissan",6
2015,1,"sellers sexton inc",6
2015,1,"south bay remarketing services",6
2015,1,"southeastern auto brokers inc",6
2015,1,"the car connection",6
2015,1,"the car store",6
2015,1,"tischer acura nissan",6
2015,1,"tmt auto wholesale inc",6
2015,1,"toyota volvo of keene",6
2015,1,"tuttle click mazda",6
2015,1,"us bancorp",6
2015,1,"valley kia",6
2015,1,"weslaco ford l.l.p.",6
2015,1,"wheeling automotive group",6
2015,1,"wilde honda",6
2015,1,"wildwood motors",6
2015,1,"williams buick gmc",6
2015,1,"yates buick gmc inc",6
2015,1,"m & m auto brokers inc",6
2015,1,"mar-max corp inc/cenit leasing",6
2015,1,"mars auto",6
2015,1,"mercedes benz of palm springs",6
2015,1,"mercedes benz of tyler",6
2015,1,"meyer automotive inc",6
2015,1,"midwest motors inc",6
2015,1,"midwestern auto group",6
2015,1,"mtn. view nissan inc.",6
2015,1,"national auto lenders",6
2015,1,"nimnicht chevrolet company",6
2015,1,"nissan dealer blend/corona nissan",6
2015,1,"nissan dealer blend/mcgrath nissan",6
2015,1,"nissan dealer blend/team nissan",6
2015,1,"nissan of duarte",6
2015,1,"nissan technical center",6
2015,1,"o'brien hyundai of fort meyers",6
2015,1,"onesource/hendrick toy scion of n charleston",6
2015,1,"onesource/heyward allen toyota",6
2015,1,"onesource/team nissan of lithia springs",6
2015,1,"onesource/toyota mall of georgia",6
2015,1,"ourismans rockmont chevrolet",6
2015,1,"pa distributors",6
2015,1,"paradise ford",6
2015,1,"parks lincoln of tampa",6
2015,1,"parkway automotive group",6
2015,1,"parkway ford lincoln",6
2015,1,"peruzzi toyota",6
2015,1,"pine belt enterprises inc",6
2015,1,"pra receivables management llc",6
2015,1,"premier remarketing llc",6
2015,1,"primeritus remarketing/crown cork and sea",6
2015,1,"ralph schomp honda",6
2015,1,"ramsey ford inc",6
2015,1,"randolph brooks fcu",6
2015,1,"ray brandt infiniti of metairie llc",6
2015,1,"remarketing by ge/datcu credit union",6
2015,1,"remarketing by ge/hardy automotive llc",6
2015,1,"remarketing by ge/manheim milwaukee",6
2015,1,"remarketing by ge/manheim north carolina",6
2015,1,"remarketing by ge/manheim san antonio",6
2015,1,"remarketing by ge/mid american credit union",6
2015,1,"remarketing by ge/sw1 remarketing",6
2015,1,"remarketing services of el paso",6
2015,1,"richard j bartlett jr enterprises",6
2015,1,"lou fusz motor co",5
2015,1,"lowery brothers motors inc",5
2015,1,"mall of ga chrysler dodge jeep",5
2015,1,"manheim st louis",5
2015,1,"maplewood toyota",5
2015,1,"matt saxe chevrolet buick inc",5
2015,1,"mazda and volkswagon of fredericksburg",5
2015,1,"mckenna motors cerritos inc",5
2015,1,"mercedes benz of bakersfield",5
2015,1,"mercedes benz of encino",5
2015,1,"mercedes benz of ontario",5
2015,1,"mercedes benz of pittsburgh",5
2015,1,"mercedes-benz of pompano",5
2015,1,"mike brown chrysler dodge jeep",5
2015,1,"mike motors",5
2015,1,"mitchell motor cars inc",5
2015,1,"moab industries",5
2015,1,"nalley lexus smyrna",5
2015,1,"napleton's mid river",5
2015,1,"napletons auto werks inc",5
2015,1,"national remarketing service",5
2015,1,"national remarketing services",5
2015,1,"neighbors fcu",5
2015,1,"newport coast auto com",5
2015,1,"nice car",5
2015,1,"nissan of athens",5
2015,1,"north america financial",5
2015,1,"north island fcu",5
2015,1,"north penn imports inc",5
2015,1,"northeast auto marketing inc",5
2015,1,"northwest specialty motor co",5
2015,1,"northwoods ford inc",5
2015,1,"onemain rem/casey's car inc",5
2015,1,"palm beach motor cars",5
2015,1,"parks motor sales inc.",5
2015,1,"phh management services",5
2015,1,"phh vehicle management services",5
2015,1,"planet mazda",5
2015,1,"pnc national bank",5
2015,1,"pricedrite auto sales inc",5
2015,1,"primeritus remarketing/austin century auto sales",5
2015,1,"primeritus remarketing/jc auto world",5
2015,1,"primeritus remarketing/new concepts leasi",5
2015,1,"priority volkswagen",5
2015,1,"quality auto center",5
2015,1,"remarketing by ge/ak&y enterprises inc",5
2015,1,"remarketing by ge/betal autoplex ltd",5
2015,1,"remarketing by ge/billion dodge",5
2015,1,"remarketing by ge/cornerstone comm financial fcu",5
2015,1,"remarketing by ge/manheim dallas ft. worth",5
2015,1,"remarketing by ge/mccoy leasing & finance inc",5
2015,1,"remarketing by ge/michigan first credit union",5
2015,1,"american national bank",5
2015,1,"american van rental",5
2015,1,"answer one motors",5
2015,1,"area 51 truck & auto sales llc",5
2015,1,"arizona central credit union",5
2015,1,"ars/manheim georgia",5
2015,1,"asa motor inc",5
2015,1,"audi cape cod",5
2015,1,"audi of tucson",5
2015,1,"auto express",5
2015,1,"auto liquidations inc",5
2015,1,"autofinders inc",5
2015,1,"autonation honda sanford",5
2015,1,"autonet trading",5
2015,1,"bakersfield audi",5
2015,1,"baxter chrysler jeep dodge",5
2015,1,"bedford auto wholesale",5
2015,1,"bert smith euro collection",5
2015,1,"bidlane llc",5
2015,1,"bob baker volkswagen subaru",5
2015,1,"bobby rahal volvo jaguar land rover",5
2015,1,"budget rent a car/san antonio",5
2015,1,"butler honda",5
2015,1,"capa wholesale cars inc",5
2015,1,"car sense",5
2015,1,"car sense incorporated",5
2015,1,"carolina trust fcu",5
2015,1,"caseys cars inc",5
2015,1,"central pacific bank",5
2015,1,"chapman hyundai",5
2015,1,"charlie cheap car",5
2015,1,"chrysler / dodge / jeep / ram of gadsden",5
2015,1,"classic chevrolet",5
2015,1,"coastal credit llc/virginia beach/virginia beac",5
2015,1,"crossroads ford inc",5
2015,1,"donlen/ray chevrolet",5
2015,1,"doug marine motors inc",5
2015,1,"downtown nashville nissan",5
2015,1,"driveway leasing",5
2015,1,"dupaco community credit union",5
2015,1,"eastern auto trading inc",5
2015,1,"ed napleton honda",5
2015,1,"elite motors inc",5
2015,1,"ent fcu",5
2015,1,"euro motorcars inc",5
2015,1,"fair oaks chrysler jeep dodge",5
2015,1,"federated financial corporation",5
2015,1,"fields motorcars",5
2015,1,"findlay hyundai subaru",5
2015,1,"first merit bank",5
2015,1,"first tech credit union",5
2015,1,"fisher auto sales inc",5
2015,1,"fomoco corp",5
2015,1,"fort worth audi",5
2015,1,"frank matteo inc",5
2015,1,"fredericksburg remarketing",5
2015,1,"fuccillo autoplex of nelliston",5
2015,1,"gary yeomans ford lincoln mercury",5
2015,1,"germain toyota of sarasota",5
2015,1,"gilboy automotive group",5
2015,1,"gmac smartlane dealers",5
2015,1,"gosch ford",5
2015,1,"gurley leep buick gmc cadillac gm giant",5
2015,1,"hallmark cards inc",5
2015,1,"hbl llc",5
2015,1,"hendrick bmw northlake",5
2015,1,"hendrick toyota scion concord",5
2015,1,"heritage nissan",5
2015,1,"hidy acura",5
2015,1,"holman automotive grp inc",5
2015,1,"holman ford lincoln",5
2015,1,"holman infiniti",5
2015,1,"honda of pasadena",5
2015,1,"honda world",5
2015,1,"hyundai of auburn inc",5
2015,1,"hyundai of st augustine",5
2015,1,"infinity auto sales llc",5
2015,1,"innovate loan servicing corp",5
2015,1,"j c auto world inc",5
2015,1,"j r mirizio auto sales",5
2015,1,"jaguar aston martin naples",5
2015,1,"jerrys chevrolet of beresford",5
2015,1,"jmj motors",5
2015,1,"jn group inc",5
2015,1,"john pauls automotive",5
2015,1,"kia motors america inc - lemon law",5
2015,1,"kia of cerritos",5
2015,1,"king hyundai",5
2015,1,"lagrange toyota inc",5
2015,1,"lake trust credit union",5
2015,1,"leasing associates inc",5
2015,1,"lilliston enterprises inc",5
2015,1,"lindsay volkswagen of dulles",5
2015,1,"liquidation llc",5
2015,1,"robert ss auto sales inc",5
2015,1,"rockville auto vehicle",5
2015,1,"rolando kenneth auto",5
2015,1,"rusnak pasadena jaguar sterling pasadena",5
2015,1,rvr,5
2015,1,"san antonio dodge chrysler jeep",5
2015,1,"sims buick gmc nissan",5
2015,1,"sisk auto mall",5
2015,1,"smart auto",5
2015,1,"south bay hyundai",5
2015,1,"southern remarketing solutions/regions bank",5
2015,1,"southgate capital llc",5
2015,1,"specialized sales and leasing",5
2015,1,"street smart auto brokers",5
2015,1,"strosnider chevrolet inc",5
2015,1,"sun community fcu",5
2015,1,"the bank of southside virginia",5
2015,1,"the bmw store",5
2015,1,"toyota of clermont",5
2015,1,"toyota of glen burnie",5
2015,1,"toyota scion of downtown la",5
2015,1,"trade in solutions",5
2015,1,"tri county auto center ltd",5
2015,1,"university ford north",5
2015,1,"velocity auto broker inc",5
2015,1,"velocity mazda",5
2015,1,"volkswagen of america",5
2015,1,"volvo na lemon law/world omni",5
2015,1,"west coast motor sales & leasing corp",5
2015,1,"west herr auto exchange inc",5
2015,1,"white county ford llc",5
2015,1,"william h porter inc",5
2015,1,"wright automotive inc",5
2015,1,"wzs auto sales inc",5
2015,1,"york dodge chrysler jeep ram",5
2015,1,"zappone chrysler jeep dodge ram",5
2015,1,"rippy cadillac llc",4
2015,1,"riverton hyundai",4
2015,1,"rollins automotive",4
2015,1,"safe auto sales",4
2015,1,"safford chrysler jeep dodge of springfield",4
2015,1,"sawgrass infiniti",4
2015,1,"scheidemantle motors",4
2015,1,"scott london auto sales of nj",4
2015,1,"selig leasing co inc",4
2015,1,"shamaley buick gmc",4
2015,1,"shore toyota & shore scion",4
2015,1,"skyline auto sales inc",4
2015,1,"south carolina state credit union",4
2015,1,"stanley ford lincoln mercury brownfield",4
2015,1,"stanley ford sweetwater",4
2015,1,"subaru of orange park",4
2015,1,"subasta & subasta",4
2015,1,"sullivan cadillac",4
2015,1,"suncoast credit corporation",4
2015,1,"sunrise ford company",4
2015,1,swo,4
2015,1,"the key finance",4
2015,1,"thrifty rent a car/mount rainier",4
2015,1,"tom bell chevrolet",4
2015,1,"torre nissan",4
2015,1,"town & country motors ii",4
2015,1,"towne motors inc",4
2015,1,"trucks unlimited inc",4
2015,1,"tustin community bank",4
2015,1,"union auto credit",4
2015,1,"vci/eich motor company",4
2015,1,"vci/stone mountain volkswagen",4
2015,1,"victory auto",4
2015,1,"volkswagen of murrieta",4
2015,1,"vw credit canada inc",4
2015,1,"walker's renton subaru",4
2015,1,"walser nissan",4
2015,1,"western fcu",4
2015,1,"wheel city auto sales",4
2015,1,"winner subaru/vw of dover",4
2015,1,"woodbridge auto sales",4
2015,1,"wyatt johnson automotive group inc",4
2015,1,"xclusive auto leasing inc",4
2015,1,"xtreme automotive group inc",4
2015,1,"2020 motors",4
2015,1,"800 loan mart",4
2015,1,"a l financial",4
2015,1,"a+ autobrokers inc",4
2015,1,"abc hyundai",4
2015,1,"acme auto leasing llc",4
2015,1,"advancial fcu",4
2015,1,"advia credit union",4
2015,1,"aero corporation",4
2015,1,"afg/champion cu",4
2015,1,"all american ford/subaru",4
2015,1,"amber auto",4
2015,1,"army aviation center fcu",4
2015,1,"athens bmw",4
2015,1,"audi plano",4
2015,1,"audi san diego",4
2015,1,"austin infiniti inc",4
2015,1,"auto city sales/leasing",4
2015,1,"auto city stl",4
2015,1,"auto financial group",4
2015,1,"auto/magic car sales",4
2015,1,"autonation chrysler dodge jeep ram pembroke pine",4
2015,1,"autonation direct",4
2015,1,"autonation ford sanford",4
2015,1,"avis rac system/pv holding corp",4
2015,1,"bavarian motor cars usa inc",4
2015,1,"behlmann buick gmc cadillac",4
2015,1,"best chevrolet",4
2015,1,"bill holt chevrolet buick and gmc inc",4
2015,1,"bill holt chevrolet of canton inc",4
2015,1,"bill pearce motors",4
2015,1,"bmw gallery",4
2015,1,"bmw mini of south atlanta",4
2015,1,"bmw of arlington",4
2015,1,"bmw of bayside",4
2015,1,"bmw of sterling",4
2015,1,"bob baker toyota of lemon grove",4
2015,1,"bob frensley chrysler plymouth inc",4
2015,1,"bobby rahal motorcar company",4
2015,1,"brown toyota",4
2015,1,"brown's leesburg hyundai",4
2015,1,"bud's auto sales",4
2015,1,"budget rent a car & sales/las vagas",4
2015,1,"budget rent a car/rapid city",4
2015,1,"burns kull inc",4
2015,1,"cable dahmer of kansas city",4
2015,1,"california auto finance",4
2015,1,"certified auto center inc",4
2015,1,"chris hallett auto",4
2015,1,"classic chevrolet bmw",4
2015,1,"classic ford",4
2015,1,"clay chevrolet hyundai",4
2015,1,"cloquet ford chrysler center",4
2015,1,"coggin honda of ft pierce",4
2015,1,"community choice credit union",4
2015,1,"concord honda",4
2015,1,"corona auto wholesale inc",4
2015,1,"courtesy chrysler jeep dodge",4
2015,1,"cowles ford inc",4
2015,1,"craig & landreth inc.",4
2015,1,"crest ford inc",4
2015,1,"crevier bmw/crevier mini",4
2015,1,"crown lexus",4
2015,1,"culver city volvo",4
2015,1,"curry honda",4
2015,1,"curry toyota scion",4
2015,1,"dan judds auto sales inc",4
2015,1,"darcars toyota",4
2015,1,"dave's speedway service",4
2015,1,"david mcdavid acura",4
2015,1,"davis automotive",4
2015,1,"daytona toyota",4
2015,1,"direct financial solutions inc",4
2015,1,"dollar thrifty/tra",4
2015,1,"don whites timonium chrysler jeep dodge",4
2015,1,"dublin cadillac nissan & gmc",4
2015,1,"love field chrysler dodge jeep ram",4
2015,1,"m & l motor co inc",4
2015,1,"m f enterprise llc",4
2015,1,"manheim central facilitation services group",4
2015,1,"manheim milwaukee",4
2015,1,"manheim minneapolis",4
2015,1,"manheim pittsburgh",4
2015,1,"manheim san francisco bay",4
2015,1,"manheim tampa",4
2015,1,"massey automotive inc",4
2015,1,"mccarthy chevrolet inc",4
2015,1,"mercedes benz of arlington",4
2015,1,"mercedes benz of eugene",4
2015,1,"mercedes benz of ft lauderdale",4
2015,1,"mercedes benz of south orlando",4
2015,1,"mercedes-benz/hertz wholesale advantage",4
2015,1,"metro lexus",4
2015,1,"metro volkswagen",4
2015,1,"mike albert leasing inc",4
2015,1,"mike watchers used cars",4
2015,1,"mint motorcars inc",4
2015,1,"miracle chrysler-dodge-jeep inc.",4
2015,1,"montclair auto sls grp llc",4
2015,1,"mossy ford",4
2015,1,"nalley toyota stonecrest",4
2015,1,"napleton's volkswagen of orlando",4
2015,1,"napletons river oaks honda",4
2015,1,"nedals inc",4
2015,1,"nissan dealer blend/infiniti of cool springs",4
2015,1,"norris ford",4
2015,1,"northtown lexus",4
2015,1,"o'neal sales",4
2015,1,"one nevada credit union",4
2015,1,"onemain rem/advance auto wholesale inc",4
2015,1,"onemain rem/capital auto broker inc",4
2015,1,"onemain rem/network sales and leasing",4
2015,1,"ontario auto sales",4
2015,1,"palm toyota",4
2015,1,"paramount ford llc",4
2015,1,"paramount kia of hickory",4
2015,1,"park fcu",4
2015,1,"parktown imports inc",4
2015,1,"paul's trading station llc",4
2015,1,"pegues hurst motor company",4
2015,1,"perris valley dodge jeep",4
2015,1,"persichetti motorsports inc",4
2015,1,"peruzzi nissan",4
2015,1,"peruzzi pontiac gmc truck inc",4
2015,1,"piazza acura vw of ardmore",4
2015,1,"plaza auto sales",4
2015,1,"pohanka nissan hyundai",4
2015,1,"premier motors",4
2015,1,"premier motors-leasing inc.",4
2015,1,"premiere chevrolet inc",4
2015,1,"prestige auto imports inc",4
2015,1,"primeritus remarketing/bank of hawaii",4
2015,1,"primeritus remarketing/dai",4
2015,1,"primeritus remarketing/fast line auto sales inc",4
2015,1,"primeritus remarketing/piedmont aviation",4
2015,1,"pryor creek fleet services inc",4
2015,1,"r e jahn auto sales",4
2015,1,"red noland cadillac inc.",4
2015,1,"regional finance corp ga dba autocredit source",4
2015,1,"remarketing by ge/affiliated financial corp",4
2015,1,"remarketing by ge/citizens equity first cu",4
2015,1,"remarketing by ge/columbus metro fcu",4
2015,1,"remarketing by ge/dade county fcu",4
2015,1,"remarketing by ge/florida central credit union",4
2015,1,"remarketing by ge/granite credit union",4
2015,1,"remarketing by ge/marcar leasing 2011 inc",4
2015,1,"remarketing by ge/sixrentals corp",4
2015,1,"remarketing by ge/tech auto sales inc",4
2015,1,"remarketing by ge/usa brokers",4
2015,1,"rent a vette",4
2015,1,"renton honda automobiles",4
2015,1,"repo remarketing inc",4
2015,1,"repo remarketing/obee fcu",4
2015,1,"richards motorcars inc",4
2015,1,"rick hendrick city chevrolet",4
2015,1,"duval ford",4
2015,1,"ed bozarth nevada #1 chevrolet",4
2015,1,"eide chrysler dodge jeep ram",4
2015,1,"elco chevrolet inc",4
2015,1,"enterprise fleet management exchange",4
2015,1,"enterprise rent a car/london",4
2015,1,"enterprise vehicle exchange inc. dallas",4
2015,1,"escamilla ford inc",4
2015,1,"fairfield hyundai",4
2015,1,"falcon autohaus inc",4
2015,1,"ferrari of orange county",4
2015,1,"financial services remarketing",4
2015,1,"findlay toyota flagstaff",4
2015,1,"firkins nissan",4
2015,1,"florida credit union",4
2015,1,"flow gm auto center",4
2015,1,"flowers nissan",4
2015,1,"ford of upland",4
2015,1,"frank kent hyundai",4
2015,1,"fred anderson toyota/scion",4
2015,1,"freedom ford sales inc",4
2015,1,"gainesville chrysler dodge jeep",4
2015,1,"gary smith ford inc",4
2015,1,"gateway of quakertown",4
2015,1,"gettel nissan of sarasota",4
2015,1,"glens falls national bank & trust co",4
2015,1,"gm financial/fender automotive group",4
2015,1,"go auto outlet west",4
2015,1,"great lakes auto purchasing and wholesale",4
2015,1,"gregg young chevrolet inc",4
2015,1,"guard auto sales",4
2015,1,gulliver,4
2015,1,"gunn infiniti ltd",4
2015,1,"gunn nissan ltd",4
2015,1,"hall auto brokerage",4
2015,1,"harrison auto sales",4
2015,1,"hayes chrysler dodge jeep inc",4
2015,1,"healey ford lincoln mercury llc",4
2015,1,"hendersonville auto brokers",4
2015,1,"hendrick honda bradenton",4
2015,1,"hendrick lexus",4
2015,1,"hendrick toyota scion wilmington",4
2015,1,"hertz/allard rental corp",4
2015,1,"hidalgo motors",4
2015,1,"hinton chevrolet buick inc",4
2015,1,"horizon ford",4
2015,1,"hyundai of cookeville",4
2015,1,"hyundai of wesley chapel",4
2015,1,"ideal transportation",4
2015,1,"image fleet & lease sales llc",4
2015,1,"imperial auto sales inc",4
2015,1,"infiniti of cool springs",4
2015,1,"innovate auto finance",4
2015,1,"international toyota subaru",4
2015,1,"iron trail chevrolet",4
2015,1,"j mark martin auto sales llc",4
2015,1,"jackson family of dealerships",4
2015,1,"jaguar land rover north scottsdale",4
2015,1,"jaguar san diego",4
2015,1,"jim butler chevrolet inc",4
2015,1,"jimmie johnson kearny mesa chevrolet",4
2015,1,"john altimari auto co inc",4
2015,1,"karl flammer ford inc",4
2015,1,"land rover las vegas",4
2015,1,"landers mclarty nis merc benz of huntsville",4
2015,1,"larry h. miller lexus murray",4
2015,1,"lehman hyundai",4
2015,1,"levittown ford llc",4
2015,1,"lexus of henderson",4
2015,1,"lexus of tampa bay",4
2015,1,"liberty auto city inc",4
2015,1,"linus cadillac buick gmc",4
2015,1,"logistics leasing",4
2015,1,"durfee street auto sales inc",3
2015,1,"e & l motors corp",3
2015,1,"east bay bmw",3
2015,1,"eastern carolina nissan inc",3
2015,1,"ed bresnahan a/s dba thrifty rac",3
2015,1,"elmhurst auto group ltd",3
2015,1,"empire rent a car inc",3
2015,1,"enterprise car sales/tulsa",3
2015,1,"enterprise motorcars inc",3
2015,1,"enterprise vehicle exchange/wayne",3
2015,1,"escamilla chevrolet pontiac gmc",3
2015,1,"executive leasing",3
2015,1,"exotic motors imports llc",3
2015,1,"expert auto brokers",3
2015,1,"fairfield chrysler dodge jeep ram of danville",3
2015,1,"fairfield chrysler jeep dodge",3
2015,1,"fairfield honda",3
2015,1,"farm credit leasing exchange inc",3
2015,1,"feldmann imports inc",3
2015,1,"ferman bmw",3
2015,1,"ferrari & maserati of san diego",3
2015,1,"findlay honda flagstaff",3
2015,1,"fiserv/community bank",3
2015,1,"fiserv/regional acceptance corp",3
2015,1,"fiserv/us bank",3
2015,1,"fletcher jones motorcars of fremont",3
2015,1,"fort collins dodge chrysler jeep",3
2015,1,"foust fleet leasing",3
2015,1,"fred raynor ford",3
2015,1,"freedom ford",3
2015,1,"ft knox fcu",3
2015,1,"gateway ford lincoln mazda inc",3
2015,1,"gateway kia",3
2015,1,"gaudin motor co",3
2015,1,"gen x motors",3
2015,1,"genuine motorcars inc",3
2015,1,"gettel hyundai",3
2015,1,"global imports",3
2015,1,"gossler motors",3
2015,1,goyetteauto.com,3
2015,1,"graff chevrolet company",3
2015,1,"grand prix suzuki",3
2015,1,"gray chrysler dodge jeep",3
2015,1,"gregg glenn auto sales",3
2015,1,"grossinger honda",3
2015,1,"gt leasing inc",3
2015,1,"gurley leep hyundai subaru saab car city",3
2015,1,"h n s auto sales inc",3
2015,1,"h&h chevrolet llc",3
2015,1,"halleen kia",3
2015,1,"harr motors inc",3
2015,1,"harry kaufmann motor cars inc",3
2015,1,"healey chrysler dodge jeep llc",3
2015,1,"healey hyundai inc",3
2015,1,"hemborg ford",3
2015,1,"hendrick chrysler dodge jeep ram of concord",3
2015,1,"hendrick volkswagen of concord",3
2015,1,"herrnstein chrysler inc",3
2015,1,"hertz car exchange inc/orlando",3
2015,1,"hertz corporation/non pgm",3
2015,1,hgreg.com,3
2015,1,"hi class auto sales inc",3
2015,1,"high country auto center inc.",3
2015,1,"honda north",3
2015,1,"hopper buick gmc",3
2015,1,"hornburg jaguar",3
2015,1,"ht automotive llc",3
2015,1,"hudson toyota",3
2015,1,"huston buick gmc cadillac inc",3
2015,1,"ik autowholesale inc",3
2015,1,"indoor auto llc",3
2015,1,"infiniti of coconut creek",3
2015,1,"j & j auto & truck sales",3
2015,1,"jack sherman toyota scion",3
2015,1,"james family auto sales",3
2015,1,"jay wolfe honda",3
2015,1,"jensen incorporated",3
2015,1,"jepson car co llc",3
2015,1,"john bleakley ford inc",3
2015,1,"john roberts toyota",3
2015,1,"jones kia",3
2015,1,"joyce koons honda buick gmc",3
2015,1,"kalona auto",3
2015,1,"kearny pearson kia",3
2015,1,"kentucky telco credit union",3
2015,1,"knoepfler chevrolet co",3
2015,1,"kolosso chrysler jeep dodge",3
2015,1,"koons lexus of wilmington",3
2015,1,"la auto house",3
2015,1,"lake norman infiniti",3
2015,1,"lake park mitsubishi",3
2015,1,"lakeland toyota/lakeland scion",3
2015,1,"land rover newport beach",3
2015,1,"land rover north dade llc",3
2015,1,"landers mclarty honda",3
2015,1,"larry h miller dodge ram tucson",3
2015,1,"larry h miller toyota peoria",3
2015,1,"lenders option corporation",3
2015,1,"lexus of bellevue",3
2015,1,"lexus of edison",3
2015,1,"lexus of knoxville",3
2015,1,"lexus of palm beach",3
2015,1,"lexus of rockville",3
2015,1,"location sauvageau inc",3
2015,1,"1st mid america credit union",3
2015,1,"22nd street motors inc",3
2015,1,"91 automotive west",3
2015,1,"a and d motors llc",3
2015,1,"acres auto recycling inc",3
2015,1,"adventure chrysler jeep",3
2015,1,"afg/roquemore and roquemore inc",3
2015,1,"ajmp/jamieson's car & truck rental",3
2015,1,"all american chevrolet of midland",3
2015,1,"all american ford inc",3
2015,1,"allen samuels chrysler dodge jeep ram",3
2015,1,"alliance automotive marketing",3
2015,1,"alliance credit union",3
2015,1,"ally smartlane dealers",3
2015,1,"american leasing/northstar",3
2015,1,"amherst autoplace inc",3
2015,1,"apollo vw subaru",3
2015,1,"asanka cars.com inc",3
2015,1,"astorg ford lincoln mercury",3
2015,1,"atlanta postal credit union",3
2015,1,"aubrey alexander toyota",3
2015,1,"audi mission viejo",3
2015,1,"audi northlake",3
2015,1,"auto centers bonne terre llc",3
2015,1,"auto et moto gilles cloutier inc",3
2015,1,"auto marques inc",3
2015,1,"autonation chevrolet north richland hills",3
2015,1,"autonation toyota winter park",3
2015,1,"avis tra",3
2015,1,"ayers chevrolet inc",3
2015,1,"b & j car company",3
2015,1,"baileys truck & auto sales",3
2015,1,"barberas autoland",3
2015,1,"barreth chrysler center inc",3
2015,1,"barter holdings inc.",3
2015,1,"beasley ford lincoln",3
2015,1,"bergeys chrysler jeep dodge",3
2015,1,"bergstrom lexus",3
2015,1,"bergstrom neenah gm",3
2015,1,"bert wolfe ford inc",3
2015,1,"big country ford lincoln mercury",3
2015,1,"big joes auto sales",3
2015,1,"black tie auto group llc",3
2015,1,"bmw of des moines",3
2015,1,"bmw of silver spring",3
2015,1,"bob johnson chevrolet",3
2015,1,"bourne enterprises",3
2015,1,"braman cadillac",3
2015,1,"braman honda",3
2015,1,"browns arlington honda",3
2015,1,"budget rac/easy car leasing",3
2015,1,"budget rent a car & sales",3
2015,1,"budget rent a car/utah",3
2015,1,"buick gmc of mahwah",3
2015,1,"burns buick gmc inc",3
2015,1,"butler leasing",3
2015,1,"byers ford llc",3
2015,1,"caldwell leasing",3
2015,1,"capital eurocars inc",3
2015,1,"capital ford inc",3
2015,1,"capitol chevrolet buick gmc",3
2015,1,"car web",3
2015,1,"carlos jeep rental",3
2015,1,"carsense incorporated",3
2015,1,cashmoneycars,3
2015,1,"centennial buick gmc",3
2015,1,"centennial hyundai",3
2015,1,"centerone/southeast toyota distributors",3
2015,1,"central florida postal credit union",3
2015,1,"century buick gmc",3
2015,1,"champion auto wholesale inc",3
2015,1,"chapman ford llc",3
2015,1,"cherokee ford lincoln mercury of alpharetta llc",3
2015,1,"chicago motor car corporation",3
2015,1,"chiefland chrys dodge jeep inc",3
2015,1,"cj wilson mazda of ventura",3
2015,1,"classic auto brokers inc",3
2015,1,"classic hyundai",3
2015,1,"classic mazda",3
2015,1,"clutch georgia llc",3
2015,1,"comfort auto rental/leasing dba comfort auto",3
2015,1,"cotroneo auto group",3
2015,1,"courtesy chevrolet",3
2015,1,"courtesy palm harbor honda",3
2015,1,"credit union 1",3
2015,1,"criswell isuzu trucks",3
2015,1,"crosby nissan sales",3
2015,1,"crosslane wholesale llc",3
2015,1,"crown acura",3
2015,1,"crown audi",3
2015,1,"crown buick gmc",3
2015,1,"crown hyundai",3
2015,1,"cumberland toyota",3
2015,1,"daniels bmw mini of allentown",3
2015,1,"darcars imports inc",3
2015,1,"david austin auto sales",3
2015,1,"david mcdavid honda of frisco",3
2015,1,"david mcdavids plano lincoln",3
2015,1,"dch bloomfield llc",3
2015,1,"dch millburn audi",3
2015,1,"dch wappingers falls toyota auto group",3
2015,1,"dealer network group auto wholesale",3
2015,1,"delta audi delta porsche delta subaru",3
2015,1,"delta auto group london",3
2015,1,"derwood auto sales",3
2015,1,"diablo motors",3
2015,1,"dick devoe buick cadillac inc",3
2015,1,"don ledford automotive center inc",3
2015,1,"dorazio ford inc",3
2015,1,"rivergate toyota",3
2015,1,"riverside chevrolet inc",3
2015,1,"roberts nissan inc.",3
2015,1,"roberts toyota",3
2015,1,"rock city chrysler jeep dodge",3
2015,1,"romeo chevrolet buick gmc llc",3
2015,1,"ryan mtrs of morristown inc",3
2015,1,"s w corporation",3
2015,1,"sac fcu",3
2015,1,"saitta trudeau chrysler jeep dodge",3
2015,1,"salt lake valley chrysler dodge jeep ram",3
2015,1,"sam galloway ford lincoln",3
2015,1,"sampson motors llc",3
2015,1,"schlossmanns dodge city chrysler jeep",3
2015,1,"schroeder motors llc",3
2015,1,"scott robinson chrysler jeep dodge ram",3
2015,1,"seay motors llc",3
2015,1,"serra chevrolet buick gmc",3
2015,1,"seth wadley ford lincoln mercury",3
2015,1,"shannon auto sales",3
2015,1,"sheehy hyundai of waldorf",3
2015,1,"sheridan nissan llc",3
2015,1,"sixrentals corp/damage liquidation",3
2015,1,"smoaks auto sales",3
2015,1,"south bay mazda",3
2015,1,"south coast toyota",3
2015,1,"south county auto center",3
2015,1,"southern motors honda",3
2015,1,"southside auto sales llc",3
2015,1,"sports trend auto sales",3
2015,1,"springfield chrysler auto mart",3
2015,1,"st atanas inc",3
2015,1,"stanley chrysler dodge jeep brownwood",3
2015,1,"star buick gmc cadillac",3
2015,1,"stateline chrysler jeep dodge inc",3
2015,1,"stoudt auto sales inc",3
2015,1,"stykemain pontiac buick gmc ltd",3
2015,1,"subaru of las vegas",3
2015,1,"sugar loaf ford linc mrc inc",3
2015,1,"sullivan buick gmc truck",3
2015,1,"sun motor cars bmw",3
2015,1,"sun motor cars inc",3
2015,1,"sunbelt chrysler jeep dodge inc",3
2015,1,"sunset auto",3
2015,1,"superior toyota",3
2015,1,"tacoma dodge chrysler jeep",3
2015,1,"tds auto brokers",3
2015,1,"telhio credit union",3
2015,1,"the auto group inc",3
2015,1,"the motorlease corporation",3
2015,1,"tom gill chevrolet",3
2015,1,"toms truck center inc",3
2015,1,"topline automotive inc",3
2015,1,"towbin motorcars",3
2015,1,"towne ford lincoln mazda hyundai",3
2015,1,"toyota motor sales usa inc/buyback/lexus",3
2015,1,"toyota motor sales usa inc/marshalled units",3
2015,1,"toyota of renton",3
2015,1,"toyota of slidell",3
2015,1,"twin motor",3
2015,1,"udrive chicago inc",3
2015,1,"ultimate buick gmc",3
2015,1,"united motors llc",3
2015,1,"vci/volkswagen of edmond",3
2015,1,"villa motors inc",3
2015,1,"viva dodge chrysler & jeep",3
2015,1,"volkswagen north scottsdale",3
2015,1,"volkswagen of fort myers",3
2015,1,"volvo na lease/world omni",3
2015,1,"volvo of ft myers",3
2015,1,"walser chrysler jeep dodge",3
2015,1,"west financial acceptance",3
2015,1,"white plains lincoln",3
2015,1,"wilmar leasing inc",3
2015,1,"winner dover llc",3
2015,1,"woodhouse ford south inc",3
2015,1,"younger toyota",3
2015,1,"ziems ford corners inc",3
2015,1,"lombard auto exchange inc",3
2015,1,"lone star liquidation/twisted performance",3
2015,1,"louie herron auto sales",3
2015,1,"luxury auto group",3
2015,1,"lynnes nissan city inc",3
2015,1,"manheim palm beach",3
2015,1,"manheim philadelphia",3
2015,1,"marion ford inc",3
2015,1,"marion motors llc",3
2015,1,"marple fleet leasing",3
2015,1,"martins sales llc",3
2015,1,"mazda knoxville",3
2015,1,"mcgee's used cars",3
2015,1,"mcgrath city hyundai inc",3
2015,1,"merced volkswagen",3
2015,1,"mercedes benz and porsche of atlantic city",3
2015,1,"mercedes benz of des moines",3
2015,1,"mercedes benz of san francisco",3
2015,1,"mercedes benz of westminster",3
2015,1,"mercedes-benz of durham",3
2015,1,"metro auto wholesale llc",3
2015,1,"mick motors llc",3
2015,1,"mike craig ford",3
2015,1,"milford motors inc",3
2015,1,"minas van rental",3
2015,1,"miracle ford inc.",3
2015,1,"mitchell associates",3
2015,1,"mitsubishi consignments",3
2015,1,"moss bros cjd riverside",3
2015,1,"mvl leasing ltd",3
2015,1,"nalley acura",3
2015,1,"nassau educators federal credit union",3
2015,1,"nassief auto group inc",3
2015,1,"nationwide imports",3
2015,1,"nbt bank na",3
2015,1,"neuwirth motors inc",3
2015,1,"nissan dealer blend/continental motors",3
2015,1,"nissan dealer blend/holman infiniti",3
2015,1,"nissan of lagrange",3
2015,1,"nissan of the eastside at bellevue",3
2015,1,"northwest fcu",3
2015,1,"northwest fleet",3
2015,1,"northwest import sales",3
2015,1,"nuvision financial fcu",3
2015,1,"oars fleet lease llc",3
2015,1,"off lease vehicle llc",3
2015,1,"on trac auto sales",3
2015,1,"onemain rem/aa certified auto sales",3
2015,1,"onemain rem/advance automotive sales & financing",3
2015,1,"onemain rem/cisco enterprises",3
2015,1,"onemain rem/fmt enterprises inc",3
2015,1,"onemain rem/international automart export",3
2015,1,"onemain rem/royal motors wholesale",3
2015,1,"onemain rem/shak's auto sales inc",3
2015,1,"onemain rem/unique autos inc",3
2015,1,"orlando mini",3
2015,1,"p & w foreign car service inc",3
2015,1,"pacifico ford inc",3
2015,1,"palm coast ford",3
2015,1,"palmetto chevrolet co inc",3
2015,1,"pals auto wholesale",3
2015,1,"paris auto sales inc",3
2015,1,"park chrysler jeep",3
2015,1,"pat o'brien chevrolet",3
2015,1,"patrick vienneau autos inc",3
2015,1,"paul moteur",3
2015,1,"performance chev subaru porsche",3
2015,1,"performance chrysler jeep dodge inc",3
2015,1,"planet chrysler dodge jeep ram",3
2015,1,"plaza hyundai ltd",3
2015,1,"pohanka acura",3
2015,1,"preferred auto brokers",3
2015,1,"prestige auto wholesale inc",3
2015,1,"preston auto company inc",3
2015,1,"primeritus remarketing/cu recovery",3
2015,1,"primeritus remarketing/dwai",3
2015,1,"primeritus remarketing/jack's used cars l",3
2015,1,"primeritus remarketing/liberty savings fc",3
2015,1,"primeritus remarketing/midwest auto mart llc",3
2015,1,"priscilla & kids wholesalers inc",3
2015,1,"publix employees fcu",3
2015,1,"r & r auto group inc",3
2015,1,"r & r auto sales",3
2015,1,"ralph larson chevrolet inc",3
2015,1,"ramos auto sales",3
2015,1,"remarketing by ge/drivetime",3
2015,1,"remarketing by ge/eglin fcu",3
2015,1,"remarketing by ge/manheim san diego",3
2015,1,"remarketing by ge/manheim seattle",3
2015,1,"remarketing by ge/unique autos",3
2015,1,"remarketing by ge/united traders inc",3
2015,1,"repo remarketing/arizona central credit union",3
2015,1,"repo remarketing/coast hills fcu",3
2015,1,"repo remarketing/schools first fcu",3
2015,1,"rick case hyundai",3
2015,1,"rick hendrick chevrolet buick gmc",3
2015,1,"rick matthews buick gmc llp",3
2015,1,"rick miller used cars & rvs",3
2015,1,"riley enterprises llc",3
2015,1,"longmont auto wholesale",2
2015,1,"lorenzo bomnin chevrolet",2
2015,1,"los angeles japanese auto corp",2
2015,1,"lou fusz kia",2
2015,1,"low low miles llc",2
2015,1,"ltd automotive llc",2
2015,1,"lucky imports",2
2015,1,"luxury cars of lexington",2
2015,1,"luxury imports/bmw of bowling green",2
2015,1,"lxm motorcars",2
2015,1,"m & n financial",2
2015,1,"m & t bank",2
2015,1,"m b turnersville llc",2
2015,1,"m l bradford enterprises",2
2015,1,"mac haik's southway ford",2
2015,1,"madigans auto sales llc",2
2015,1,"maguire automotive llc",2
2015,1,"main line honda",2
2015,1,"mall of georgia mazda",2
2015,1,"manheim fort lauderdale",2
2015,1,"manheim harrisonburg",2
2015,1,"manheim ohio",2
2015,1,"marin auto group",2
2015,1,"marine chevrolet cadillac",2
2015,1,"marine credit union",2
2015,1,"mark toyota of plover",2
2015,1,"marple fleet leasing llc/non program",2
2015,1,"mason avenue motors inc",2
2015,1,"massive auto brokers inc",2
2015,1,"master lease plan",2
2015,1,"mazda of lakewood",2
2015,1,"mc grath imports inc",2
2015,1,"mcgoldrick leasing co inc",2
2015,1,"mcnutt motor sales inc.",2
2015,1,"members auto lease inc",2
2015,1,"members co-op credit union",2
2015,1,"men car auto sales",2
2015,1,"mercedes benz of augusta",2
2015,1,"mercedes benz of miami",2
2015,1,"mercedes benz of northlake",2
2015,1,"mercedes benz of south atlanta",2
2015,1,"metro honda",2
2015,1,"metroplex sales & leasing inc",2
2015,1,"mid carolina credit union",2
2015,1,"mid lake motors inc",2
2015,1,"midwest america fcu",2
2015,1,"mike kelly kia",2
2015,1,"miller motors",2
2015,1,"mini of plano",2
2015,1,mobilease,2
2015,1,"montrose nissan",2
2015,1,"moon township honda",2
2015,1,"morris auto sales inc",2
2015,1,"morrissey motor company",2
2015,1,"mossy nissan oceanside",2
2015,1,"mossy toyota",2
2015,1,"motor city",2
2015,1,"motoring trendds of canada corporation",2
2015,1,"mount one inc",2
2015,1,"mountain america credit union",2
2015,1,"mp motors inc",2
2015,1,"mtp auto leasing & services inc",2
2015,1,"mullers woodfield acura",2
2015,1,"murray ford mercury inc",2
2015,1,"mustard motor company",2
2015,1,"mwm motors inc",2
2015,1,"nae moe inc dba matthews & michaels",2
2015,1,"nalley kia",2
2015,1,"napleton auto werks of ind",2
2015,1,"napleton's mid rivers kia",2
2015,1,"napletons goldcoast imports inc",2
2015,1,"napletons nissan",2
2015,1,"nashville chrysler dodge jeep ram",2
2015,1,"national auto acceptance",2
2015,1,"national auto lenders inc",2
2015,1,"national remarketing services/secu",2
2015,1,"new england performance cars llc",2
2015,1,"nick nicholas ford inc",2
2015,1,"nikles motor co inc",2
2015,1,"nissan dealer blend/lake norman infiniti",2
2015,1,"nissan dealer blend/nissan of cookeville",2
2015,1,"nissan dealer blend/nissan of south holland",2
2015,1,"nissan of stafford",2
2015,1,"nissan south",2
2015,1,"no limit imports inc",2
2015,1,"norfolk motors",2
2015,1,"norman baker auto sales inc.",2
2015,1,"norris acura west",2
2015,1,"north lily auto sales llc",2
2015,1,"north palm hyundai",2
2015,1,"northbrook toyota",2
2015,1,"northstar ford",2
2015,1,"northwest fleet lease inc",2
2015,1,"nova auto sales inc",2
2015,1,"o'reilly auto parts",2
2015,1,"olathe subaru llc",2
2015,1,"onemain rem/close leasing systems",2
2015,1,"onemain rem/jmp motors llc",2
2015,1,"onemain rem/navi exchange llc",2
2015,1,"onemain rem/wholesale remarketing inc",2
2015,1,"onesource/earl stewart toyota",2
2015,1,"onesource/ernie palmer toyota",2
2015,1,"onesource/high country toyota",2
2015,1,"onesource/wesley chapel toyota",2
2015,1,"opelika ford inc",2
2015,1,"orlando car connection",2
2015,1,"orlando hyundai",2
2015,1,"orlando kia east",2
2015,1,"orr preowned of destin",2
2015,1,"ourisman of clarksville inc",2
2015,1,"ourisman volkswagen mazda of rockville",2
2015,1,"overland park imports",2
2015,1,"overland park mazda",2
2015,1,"oxmoor ford lincoln mercury",2
2015,1,"oxmoor toyota",2
2015,1,"pacific funding",2
2015,1,"palm springs ford-lincoln-mercury",2
2015,1,"palmer dodge inc",2
2015,1,"palmiero toyota",2
2015,1,"paramount autosport",2
2015,1,"paramus ford inc",2
2015,1,"park ave motor corp",2
2015,1,"park place ltd",2
2015,1,"park place motorcars",2
2015,1,"pat obrien chevrolet buick norwalk",2
2015,1,"pathways financial credit union",2
2015,1,"paul tinney auto sales ltd",2
2015,1,"payless auto sales inc",2
2015,1,"peddle llc",2
2015,1,"pennstar bank/nbt bank na",2
2015,1,"penske toyota",2
2015,1,"performance chrysler dodge jeep ram of bellevue",2
2015,1,"performance lexus",2
2015,1,"performance toyota-scion of lincoln",2
2015,1,"permian toyota",2
2015,1,"phil tolkan leasing co inc",2
2015,1,"phillipsburg easton vehicle",2
2015,1,"pikes peak automotive group llc",2
2015,1,"platte city airport chrysler dodge jeep ram",2
2015,1,"ponoka chrysler jeep dodge",2
2015,1,"porsche cars north america",2
2015,1,"porsche of fresno audi fresno",2
2015,1,"porsche of hawaii",2
2015,1,"potomac imports inc",2
2015,1,"pra recievables management llc",2
2015,1,"precision fleet services",2
2015,1,"premier auto sales",2
2015,1,"premier toyota of newport",2
2015,1,"prestige auto",2
2015,1,"prestige usa sport cars inc.",2
2015,1,"prestine auto group",2
2015,1,"preston motors inc",2
2015,1,"preston of sharon",2
2015,1,"priced right cars inc",2
2015,1,"primeritus remarketing/cars america inc",2
2015,1,"primeritus remarketing/farm bureau",2
2015,1,"primeritus remarketing/jw auto & truck sa",2
2015,1,"primeritus remarketing/manheim darlington",2
2015,1,"priority nissan chantilly",2
2015,1,"proctor motor company inc",2
2015,1,"professional financial services/raleigh",2
2015,1,"pye auto sales",2
2015,1,"rainbow motors corporation",2
2015,1,"rally cad chev pont gmc hyundai buick",2
2015,1,"randall ray motor company",2
2015,1,"redline remarketing",2
2015,1,"reliable rent a car",2
2015,1,"remarketing by ge/all star",2
2015,1,"remarketing by ge/cable-dahmer of kansas city",2
2015,1,"remarketing by ge/central fl sales & leasing inc",2
2015,1,"remarketing by ge/comm financial members fcu",2
2015,1,"remarketing by ge/community cu of florida",2
2015,1,"remarketing by ge/dab auto world & leasing",2
2015,1,"remarketing by ge/fc leasing",2
2015,1,"remarketing by ge/finance & thrift company",2
2015,1,"remarketing by ge/firelands fcu",2
2015,1,"remarketing by ge/first fidelity investments",2
2015,1,"remarketing by ge/first florida credit union",2
2015,1,"remarketing by ge/five star autoplex",2
2015,1,"remarketing by ge/lion's share fcu",2
2015,1,"remarketing by ge/manheim el paso",2
2015,1,"remarketing by ge/manheim nashville",2
2015,1,"remarketing by ge/manheim san francisco bay",2
2015,1,"remarketing by ge/people driven credit union",2
2015,1,"remarketing by ge/westconsin credit union",2
2015,1,"remktgedge/fastenal company fleet",2
2015,1,"remktgedge/ruan inc",2
2015,1,"rentschler corporation",2
2015,1,"repo remarketing/first commerce credit union",2
2015,1,"repo remarketing/first imperial cu",2
2015,1,"repo remarketing/north island fcu",2
2015,1,"repo remarketing/sun east credit union",2
2015,1,"repo remarketing/unitus community cu",2
2015,1,"repo remarketing/verity credit union",2
2015,1,"repo remarketing/whatcom educational credit unio",2
2015,1,"rhinelander chrysler dodge jeep ram",2
2015,1,"richmond car & truck sales",2
2015,1,"rick case fiat",2
2015,1,"rick hendrick buick gmc",2
2015,1,"rick hendrick chevrolet of buford",2
2015,1,"ricks place auto sales inc",2
2015,1,"ride rite automobiles llc",2
2015,1,"a & b auto inc",2
2015,1,"aarts enterprise inc",2
2015,1,"acura of glendale",2
2015,1,"acura of huntington",2
2015,1,"admiral leasing",2
2015,1,"advantage auto sales",2
2015,1,"aek auto dealer",2
2015,1,"ahfc/honda lease trust/hvt inc",2
2015,1,"al piemonte ford sales inc",2
2015,1,"alamo leasing co inc",2
2015,1,"alaska sales and service inc",2
2015,1,"alexander automotive downtown franklin",2
2015,1,"alexandria volkswagen",2
2015,1,"all pro sales & leasing inc",2
2015,1,"allan nott honda",2
2015,1,"allen cadillac gmc",2
2015,1,"alse auto",2
2015,1,"altoona honda",2
2015,1,"american bank",2
2015,1,"american honda fin/honda lse trust/hvt inc/inet",2
2015,1,"american sales & leasing inc",2
2015,1,"amros wholesales",2
2015,1,"anaheim mitsubishi",2
2015,1,"anderson ford lincoln",2
2015,1,"andrews fcu",2
2015,1,"apexcars net",2
2015,1,"apple ford",2
2015,1,"apple ford inc",2
2015,1,"aps rent a car & leasing",2
2015,1,"ar auto sales",2
2015,1,"arcadia motors inc",2
2015,1,"ars/all vehicle leasing",2
2015,1,"ars/american road insurance co",2
2015,1,"ashland motorcars llc",2
2015,1,"ashwini k bahl",2
2015,1,"atlanta auto distributors llc",2
2015,1,"atlanta classic cars inc",2
2015,1,"atlantic fleet services",2
2015,1,"auction access auto inc",2
2015,1,"auction credit",2
2015,1,"audi of smithtown",2
2015,1,"auto equity loans of de llc",2
2015,1,"auto show place llc",2
2015,1,"auto town credit inc",2
2015,1,"autobahn gallery",2
2015,1,"autodeal ltd",2
2015,1,"automobiles n.c.",2
2015,1,"automotive dynamics",2
2015,1,"automotive holding co ltd",2
2015,1,"automotive remarketing inc",2
2015,1,"autonation buick gmc laurel",2
2015,1,"autonation chevrolet greenacres",2
2015,1,"autonation chevrolet pembroke pines",2
2015,1,"autonation ford burleson",2
2015,1,"autonation ford marietta",2
2015,1,"autonation ford st petersburg",2
2015,1,"autonation honda hollywood",2
2015,1,"autonation nissan orange park",2
2015,1,"autonation toyota scion weston",2
2015,1,"autonation v imports of delray beach llc",2
2015,1,"autopros columbia",2
2015,1,"b & j wholesale inc",2
2015,1,"bachman auto group inc.",2
2015,1,"baierl ford",2
2015,1,beadles,2
2015,1,"beaman dodge chrysler jeep ram",2
2015,1,"beaver dam ford llc",2
2015,1,"bedford nissan inc",2
2015,1,"beford auto",2
2015,1,"bellamy strickland chev gmc",2
2015,1,"bellco credit union",2
2015,1,"bendary car corp",2
2015,1,"bergstrom cadillac inc",2
2015,1,"bergstrom infiniti of the fox valley",2
2015,1,"bergstrom land rover jaguar volvo pors mase alfa",2
2015,1,"bert ogden infiniti",2
2015,1,"bill gray volvo",2
2015,1,"billion dodge chrysler jeep",2
2015,1,"billotti auto sales",2
2015,1,"blevins auto sales llc",2
2015,1,"blue ridge north georgia ford inc",2
2015,1,"bluewater motorsports ws",2
2015,1,"bmw of alexandria",2
2015,1,"bmw of annapolis/mini of annapolis",2
2015,1,"bmw of el paso",2
2015,1,"bmw of henderson",2
2015,1,"bmw of ontario",2
2015,1,"bmw of san diego",2
2015,1,"boyd chev buick gmc of emporia va inc",2
2015,1,"braman hyundai",2
2015,1,"braman motorcars of jupiter",2
2015,1,"brandon auto mall fiat",2
2015,1,"bredemann chevrolet",2
2015,1,"brian s richmond enterprise inc",2
2015,1,"bright bay lincoln inc",2
2015,1,"bright bay mazda",2
2015,1,"british motor car dist ltd",2
2015,1,"brown's dulles nissan",2
2015,1,"brown's manassas kia",2
2015,1,"browns alexandria mazda",2
2015,1,"browns fairfax mazda",2
2015,1,"budget sales & leasing",2
2015,1,"buschmeer enterprises llc",2
2015,1,"bush motors",2
2015,1,"c & k auto imports inc",2
2015,1,"c harper ford kia",2
2015,1,"c harper honda",2
2015,1,"c&a auto ny corp",2
2015,1,"cadillac of norwood",2
2015,1,"caguas auto city inc",2
2015,1,"cal west motors",2
2015,1,"capital finance and sales of kenosha inc",2
2015,1,"capital honda",2
2015,1,"capital one certified inc",2
2015,1,"car authority inc",2
2015,1,"car connection inc",2
2015,1,"car market inc",2
2015,1,"car solutions",2
2015,1,"carfinders inc",2
2015,1,"carisma auto wholesaler inc",2
2015,1,"carlock kia of tuscaloosa",2
2015,1,"carlsbad chevrolet",2
2015,1,"carolina chrysler dodge jeep ram",2
2015,1,"cars for less auto",2
2015,1,"cenizo financial corporation inc",2
2015,1,"centennial mazda",2
2015,1,"centennial toyota & scion",2
2015,1,"central bank",2
2015,1,"central florida sales and leasing inc",2
2015,1,"centris fcu",2
2015,1,"century kia",2
2015,1,"chapman corporate wholesale",2
2015,1,"chapman ford of lancaster",2
2015,1,"charles chevrolet oldsmobile inc",2
2015,1,"charleston automotive company",2
2015,1,"cherry hill nissan inc",2
2015,1,"chevrolet of dublin",2
2015,1,"chilson chrysler dodge llc",2
2015,1,"chrysler dodge jeep ram 24",2
2015,1,"city auto",2
2015,1,"city of cars",2
2015,1,"classic honda",2
2015,1,"classic kia",2
2015,1,"classic toyota",2
2015,1,"classy and luxury motors",2
2015,1,"clearview fcu",2
2015,1,"co car toyota motor sales",2
2015,1,"coast 2 coast auto wholesale",2
2015,1,"coastal credit corp",2
2015,1,"coconut point ford",2
2015,1,"colon motor auto sales inc",2
2015,1,"colonial toyota",2
2015,1,"commerce bank",2
2015,1,"consumer credit union",2
2015,1,"cook auto rental & leasing inc",2
2015,1,"corona nissan",2
2015,1,"cory fairbanks mazda",2
2015,1,"country club auto inc",2
2015,1,"courtesy hyundai",2
2015,1,"cox fleet/wheels",2
2015,1,"craig & landreth pre-owned",2
2015,1,"crescent ford inc",2
2015,1,"crevier bmw",2
2015,1,"crivelli ford inc",2
2015,1,"crossroads chrysler jeep dodge",2
2015,1,"crossroads ford lincoln of morganton inc",2
2015,1,"crossroads ford lincoln of southern pines inc",2
2015,1,"crossroads ford of fuquay-varina",2
2015,1,"crossroads ford of kernersville inc",2
2015,1,"crossroads nissan",2
2015,1,"crossroads nissan of hickory inc",2
2015,1,"crown honda greensboro",2
2015,1,"crown honda of southpoint",2
2015,1,"crown toyota",2
2015,1,"curry auto center inc",2
2015,1,"d & d auto group llc",2
2015,1,"daimler truck financial",2
2015,1,"dan martins auto depot ltd",2
2015,1,"danna investments llc",2
2015,1,"darcars chrysler jeep of rockville",2
2015,1,"darrell waltrip buick gmc",2
2015,1,"dave hallman chevrolet inc",2
2015,1,"dave syverson ford lin mer",2
2015,1,"david maus volkswagen",2
2015,1,"david scott investments",2
2015,1,"davies ford inc",2
2015,1,"day ford inc",2
2015,1,"dch freehold llc",2
2015,1,"de felice of pt pleasant inc",2
2015,1,"deacon jones auto park",2
2015,1,"dealers auto select",2
2015,1,"dealers choice motor co.",2
2015,1,"dealers toa baja",2
2015,1,"del norte credit union",2
2015,1,"del-one fcu",2
2015,1,"derr motor co",2
2015,1,"diamond credit union",2
2015,1,"dick sneeringer",2
2015,1,"doan buick gmc",2
2015,1,"dollar rac/salt lake city",2
2015,1,"dollar rac/st louis",2
2015,1,"don beyer motors inc",2
2015,1,"don bindas motors",2
2015,1,"don davis dodge chrysler jeep ram",2
2015,1,"don jacobs imports inc",2
2015,1,"don moore toyota",2
2015,1,"double e motors",2
2015,1,"dow louisiana fcu",2
2015,1,"downey nissan",2
2015,1,"dream jeep",2
2015,1,"dtg operations",2
2015,1,"ducharme motors ltd",2
2015,1,"dutton motor co",2
2015,1,"e.t. sales",2
2015,1,"east side motors",2
2015,1,"economy honda cars",2
2015,1,"ed howard lincoln mercury inc",2
2015,1,"ed shults of warren inc",2
2015,1,"educational employees credit union",2
2015,1,"educators credit union",2
2015,1,eecu,2
2015,1,"effingham auto care & tire inc",2
2015,1,"elite car rental",2
2015,1,"elite car sales west inc",2
2015,1,"elite motors llc",2
2015,1,"elmwood chrysler dodge jeep ram",2
2015,1,"enterprise car sales/orange",2
2015,1,"enterprise fm exchange",2
2015,1,"envista credit union",2
2015,1,"erhard bmw of farmington hills",2
2015,1,"essen motor company inc",2
2015,1,"eugene auto center",2
2015,1,"euro auto collection inc",2
2015,1,"evolution motorsports llc",2
2015,1,"exotic auto sales",2
2015,1,"faines auto sales inc",2
2015,1,"fairway motor cars inc",2
2015,1,"fajardo ford inc",2
2015,1,"family ford lincoln",2
2015,1,"faulkner auto sales",2
2015,1,"faulkner honda used cars",2
2015,1,"fernandez honda",2
2015,1,"fiat of las vegas",2
2015,1,"fidelity auto credit",2
2015,1,"fields alfa romeo fiat orlando",2
2015,1,"fields chrysler jeep dodge ram",2
2015,1,"fields of daytona llc",2
2015,1,"finishline services",2
2015,1,"first ford inc.",2
2015,1,"first hyundai",2
2015,1,"first reliance bank",2
2015,1,"fisher kia",2
2015,1,"fleet street remarketing (heavy)",2
2015,1,"flexi lease inc",2
2015,1,"florence toyota",2
2015,1,"florida farm bureau insurance agency",2
2015,1,"florida luxury motorcars llc",2
2015,1,"flycatcher llc",2
2015,1,"ford country",2
2015,1,"ford of murfreesboro",2
2015,1,"fox toyota inc",2
2015,1,"frank marcum motors",2
2015,1,"franklin chrysler dodge jeep ram",2
2015,1,"fred anderson nissan of fayetteville",2
2015,1,"fred martin nissan",2
2015,1,"frederick ford inc",2
2015,1,"freeway ford llc",2
2015,1,"friendly finance corp",2
2015,1,"friendly ford",2
2015,1,"frontier honda ltd",2
2015,1,"fruendly auto source inc",2
2015,1,"fusion autoplex",2
2015,1,"fx caprara chevrolet olds buick inc",2
2015,1,"gainesville nissan",2
2015,1,"galaxy auto sales inc",2
2015,1,"gardner motors inc",2
2015,1,"gary miller chrysler jeep inc",2
2015,1,"gastonia chrysler jeep dodge ram",2
2015,1,"gateway car dealer inc",2
2015,1,"gateway chevrolet",2
2015,1,"gene gormans auto sales",2
2015,1,"gentilini chevrolet llc",2
2015,1,"george kell motors inc.",2
2015,1,"georgia united credit union",2
2015,1,"germain honda of naples",2
2015,1,"germain lincoln",2
2015,1,"gettel hyundai of lakewood",2
2015,1,"giles automotive inc",2
2015,1,"ginn motor co",2
2015,1,"glendale chrysler jeep dodge ram",2
2015,1,"glenview mitsubishi",2
2015,1,"glesby marks leasing",2
2015,1,"glesby marks ltd",2
2015,1,"global auto group inc",2
2015,1,"global motors corp",2
2015,1,"goode motor chrysler dodge jeep ram",2
2015,1,"gordon chevrolet",2
2015,1,"gosch toyota",2
2015,1,"grables auto wholesale",2
2015,1,"grahams auto wholesale",2
2015,1,"great lakes chevrolet inc",2
2015,1,"green light automotive llc",2
2015,1,"greenway ford inc",2
2015,1,"gretna auto outlet",2
2015,1,"grieco nissan",2
2015,1,"grove dodge chrysler jeep",2
2015,1,"haley toyota of richmond certified center",2
2015,1,"hancock bank",2
2015,1,"hanover honda",2
2015,1,"hardy chev pont buick gmc",2
2015,1,"hardy family ford",2
2015,1,"harrison imports llc",2
2015,1,"heartland toyota scion",2
2015,1,"hendrick acura",2
2015,1,"hendrick chevrolet cadillac",2
2015,1,"hendrick honda easley",2
2015,1,"hendrick honda of charleston",2
2015,1,"hendrick lexus charleston",2
2015,1,"hendrick lexus kansas city north",2
2015,1,"hendrick lexus northlake",2
2015,1,"hendrick volkswagen lewisville",2
2015,1,"heritage cars inc",2
2015,1,"heritage volkswagen inc",2
2015,1,"hidy ford",2
2015,1,"hiller ford inc",2
2015,1,"hinshaw's acura",2
2015,1,"hollern and sons auto sales",2
2015,1,"holman ford lincoln turnersville",2
2015,1,"home credit corp inc/laurinburg",2
2015,1,"hometrust bank",2
2015,1,"honda cars of bellevue",2
2015,1,"honda cars of corona",2
2015,1,"honda of serramonte",2
2015,1,"hrm auto sales inc",2
2015,1,"huffines chrysler jeep dodge lewisville",2
2015,1,"husker auto group inc",2
2015,1,"hyundai inland empire",2
2015,1,"imperial ford corporation",2
2015,1,"imports by day inc",2
2015,1,"inland northwest financial services",2
2015,1,"inlane auto llc",2
2015,1,"integrity automotive inc",2
2015,1,"isringhausen imports inc",2
2015,1,"j & b auto & truck inc",2
2015,1,"j and c inc",2
2015,1,"j b a automotive llc",2
2015,1,"j cars",2
2015,1,"j j auto sales llc",2
2015,1,"j5's auto sales llc",2
2015,1,"jacky jones ford inc",2
2015,1,"jaguar landover of west columbia",2
2015,1,"jb motors & sons llc",2
2015,1,"jba chevrolet",2
2015,1,"jc auto world",2
2015,1,"jeb leasing co",2
2015,1,"jeff johnson chevrolet inc",2
2015,1,"jersey motors inc",2
2015,1,"jim carlson leasing company",2
2015,1,"jim coleman toyota inc",2
2015,1,"jim fuoco motor company",2
2015,1,"jim hudson ford",2
2015,1,"jimmy's love bug sales",2
2015,1,"jn auto",2
2015,1,"john sisson motors inc.",2
2015,1,"jrs autobuyers llc",2
2015,1,"kargo quality cars & trucks inc",2
2015,1,"keith m motors",2
2015,1,"keller bros ford",2
2015,1,"ken cox ford inc",2
2015,1,"kernersville chrysler dodge jeep",2
2015,1,"key scales ford inc",2
2015,1,"kia of gastonia",2
2015,1,"kia west edmonton",2
2015,1,"kightlinger motors inc",2
2015,1,"kilpatrick chevrolet inc",2
2015,1,"king automotive llc",2
2015,1,"kingdom auto center inc",2
2015,1,"kings honda",2
2015,1,"kings volkswagen",2
2015,1,"kull auto sales inc",2
2015,1,"lacombe ford sales ltd",2
2015,1,"lake powell car rental co dba avis rent a car",2
2015,1,"lakeland chrysler dodge jeep",2
2015,1,"lampe chrysler dodge jeep ram",2
2015,1,"land rover charlotte",2
2015,1,"land rover of alexandria",2
2015,1,"landmark mazda",2
2015,1,"landrover jacksonville",2
2015,1,"laramine plains community federal credit union",2
2015,1,"larry h miller chevrolet",2
2015,1,"larry h miller toyota scion boulder",2
2015,1,"larson enterprises inc.",2
2015,1,"launch fcu",2
2015,1,"leasing associates",2
2015,1,"lee chrysler dodge jeep",2
2015,1,"legends toyota legends scion",2
2015,1,"len stoler nissan ford porsche audi",2
2015,1,"lenny genzale auto sales",2
2015,1,"lester glenn ford",2
2015,1,"lexus financial services/torrance",2
2015,1,"lexus of clearwater",2
2015,1,"lexus of southampton",2
2015,1,"lexus of tucson",2
2015,1,"litchfield auto sales",2
2015,1,"lobel financial corp",2
2015,1,"loehmann blasius chevrolet inc",2
2015,1,"logix federal credit union",2
2015,1,"riverside car store inc",2
2015,1,"riverside hyundai",2
2015,1,"robert chevrolet inc",2
2015,1,"rockie williams premier dod chry jeep",2
2015,1,"rok auto brokers",2
2015,1,"rosen motor sales inc",2
2015,1,"rudolph mazda",2
2015,1,"russell barnett kia",2
2015,1,"s/s auto leasing inc",2
2015,1,"sac federal credit union",2
2015,1,"schomp bmw",2
2015,1,"sds motors",2
2015,1,"seasons fcu",2
2015,1,"sell all cars.com llc",2
2015,1,"sell your car here",2
2015,1,"sewell cadillac-hummer",2
2015,1,"shaker auto leasing/ars",2
2015,1,"sheboygan chev buick pontiac gmc cad inc",2
2015,1,"sherwood ford lincoln of salisbury",2
2015,1,"shifferly dodge leasing inc",2
2015,1,"shults ford lincoln",2
2015,1,"sierra auto investment co",2
2015,1,"sierra toyota",2
2015,1,"signature rent a car",2
2015,1,"sioux city ford lincoln mercury",2
2015,1,"smith volvo inc",2
2015,1,"smothers european",2
2015,1,"somerville national lease & rentals ltd",2
2015,1,"sons acura",2
2015,1,"south hills car store",2
2015,1,"southern american lease corp",2
2015,1,"southern motors acura",2
2015,1,"southland automotive group llc",2
2015,1,"southwest business corporation",2
2015,1,"ss motors llc",2
2015,1,"st. joseph's credit union",2
2015,1,"stanley chevrolet buick gmc gatesville",2
2015,1,"starling chevrolet",2
2015,1,"stephen wade auto center",2
2015,1,"steve and sons auto sales llc",2
2015,1,"steve's mobile detail",2
2015,1,"stone motors",2
2015,1,"street track-n-trail inc",2
2015,1,"subaru of dayton",2
2015,1,"sullivan buick gmc inc",2
2015,1,"sunrise volkswagen inc",2
2015,1,"suntrup hyundai west inc",2
2015,1,"super auto",2
2015,1,"superior a s llc",2
2015,1,"surf city nissan",2
2015,1,"t l c auto sales inc",2
2015,1,"taunton fcu",2
2015,1,"taylor infiniti bmw hyundai",2
2015,1,"tdaf remarketing/capital one certified inc",2
2015,1,"tdaf remarketing/miloschs palace chrysler jeep",2
2015,1,"ted britt ford lincoln",2
2015,1,"teg federal credit union",2
2015,1,"tenvoorde ford inc",2
2015,1,"the car company inc",2
2015,1,"the faricy boys",2
2015,1,"the motor company inc",2
2015,1,"the sewickley car store inc",2
2015,1,"thompson toyota inc",2
2015,1,"tipton motors inc",2
2015,1,"tower fcu",2
2015,1,"town & country ford inc",2
2015,1,"town & country salida inc",2
2015,1,"toy barn",2
2015,1,"toyota motor credit corp/torrance",2
2015,1,"toyota of greenville",2
2015,1,"toyota of northwest arkansas",2
2015,1,"toyota of stafford",2
2015,1,"toyota of surprise",2
2015,1,"toyota santa monica",2
2015,1,"toyota volvo jaguar of warren",2
2015,1,"toyota west",2
2015,1,"trailer source inc",2
2015,1,"transitowne dodge chrysler jeep of williamsville",2
2015,1,"transworld auto finance & leasing",2
2015,1,"treasure coast toyota of stuart",2
2015,1,"tri star ford chry dodge jeep ram suz kia",2
2015,1,"triangle auto painting llc",2
2015,1,"troy spencer and sons inc",2
2015,1,"truliant fcu",2
2015,1,"twin city auto sales inc",2
2015,1,"u haul",2
2015,1,"u save rent a car",2
2015,1,"u-haul truck and equipment sales",2
2015,1,"uag hudson cjd llc",2
2015,1,"union bank & trust",2
2015,1,"united acceptance inc",2
2015,1,"united imports",2
2015,1,"united inventory control inc",2
2015,1,"universal auto leasing",2
2015,1,"university of virginia community credit union",2
2015,1,"usa car rental",2
2015,1,"veridian credit union",2
2015,1,"veros credit",2
2015,1,"victory auto sales inc",2
2015,1,"vnb loan services inc",2
2015,1,"volkswagen of duluth",2
2015,1,"volkswagen of kirkland",2
2015,1,"vp auto brokerage",2
2015,1,vroom,2
2015,1,"walser bloomington toyota",2
2015,1,"wantz chevrolet inc",2
2015,1,"weikert ford inc",2
2015,1,"wells auto group",2
2015,1,"west coast auto brokers",2
2015,1,"west palm financial group llc",2
2015,1,"west street motors llc",2
2015,1,"weston buick gmc inc",2
2015,1,"westside hyundai",2
2015,1,"wholesale auto brokers inc",2
2015,1,"wholesale outlet inc",2
2015,1,"wildwood auto plaza",2
2015,1,"witham chevrolet",2
2015,1,"woodbridge motors inc",2
2015,1,"woodhouse nissan inc",2
2015,1,"woodlake auto sales inc",2
2015,1,"worldwide auto sales and service llc",2
2015,1,"xtreme auto wholesalers inc",2
2015,1,"zeibak auto trading",2
2015,1,"rise v auto & tire center",1
2015,1,"river region credit union",1
2015,1,"robbie roberson ford inc",1
2015,1,"robins fcu",1
2015,1,"rock county honda",1
2015,1,"rock springs honda toyota",1
2015,1,"rockland fcu",1
2015,1,"rockville audi",1
2015,1,"roger beasley volvo of georgetown",1
2015,1,"rogue cu",1
2015,1,"roling ford llc",1
2015,1,"romano motors ltd",1
2015,1,"romero cars llc",1
2015,1,"ron bouchard auto sales inc",1
2015,1,"ron schmidts used cars",1
2015,1,"ron tonkin acura",1
2015,1,"rons rides inc",1
2015,1,"rosen nissan inc",1
2015,1,"rosenberger auto sales llc",1
2015,1,"rosenthal jaguar landrover of tysons corner",1
2015,1,"roseville buick gmc",1
2015,1,"roswell auto brokers inc",1
2015,1,"roth cadillac",1
2015,1,"rountree moore ford lllp",1
2015,1,"route 13 auto group inc",1
2015,1,"roy schmidt honda",1
2015,1,"royal auto chicago inc",1
2015,1,"royal auto sales",1
2015,1,"royal motors",1
2015,1,"royal motors usa",1
2015,1,"royal palm nissan",1
2015,1,"roz auto salvage inc",1
2015,1,"rpm auto remarketing llc",1
2015,1,"rpm luxury auto sales inc",1
2015,1,"rpm motors",1
2015,1,"ruda chevrolet toyota",1
2015,1,"rusnak westlake porsche",1
2015,1,"russ darrow leasing co inc",1
2015,1,"russ darrow leasing company inc",1
2015,1,"ryal & co inc.",1
2015,1,"rye ford inc",1
2015,1,"s & f auto sales inc.",1
2015,1,"s & p auto leasing",1
2015,1,"s & s auto discount",1
2015,1,"s l ford sales ltd",1
2015,1,"safco southern automotive finance",1
2015,1,"safford kia of fredericksburg",1
2015,1,"saint constant kia",1
2015,1,"sal's auto service ltd.",1
2015,1,"sam stevens motors inc",1
2015,1,"sames motor company inc",1
2015,1,"sams auto",1
2015,1,"san antonio federal credit union",1
2015,1,"san marcos chrysler dodge jeep",1
2015,1,"san mateo credit union",1
2015,1,"sandy sansing nissan inc",1
2015,1,"santa margarita ford",1
2015,1,"santa monica europeans",1
2015,1,"sarge's auto sales inc",1
2015,1,"sauke inc",1
2015,1,"sc automotive world",1
2015,1,"sc motors inc",1
2015,1,"schools financial credit union",1
2015,1,"scottsdale ferrari llc",1
2015,1,"scottsdale motor company llc",1
2015,1,"scottsdale sports car group",1
2015,1,"scratch and dent motors",1
2015,1,"seattle mini",1
2015,1,"second to none auto sales",1
2015,1,"select automotive llc",1
2015,1,"select remarketing group llc/loan max title",1
2015,1,"select remarketing group llc/midwest title loans",1
2015,1,"sewell infiniti of fort worth",1
2015,1,"sewell subaru",1
2015,1,"shamaley ford",1
2015,1,"sharlene realty llc",1
2015,1,"sharon credit union",1
2015,1,"sharonview fcu",1
2015,1,"shawnee mission hyundai",1
2015,1,"sheehan buick gmc inc",1
2015,1,"sheehy ford inc",1
2015,1,"sheehy nissan of waldorf",1
2015,1,"shelly bmw",1
2015,1,"sherman dodge",1
2015,1,"sherold salmon motor co inc",1
2015,1,"shore rentals inc",1
2015,1,"shores auto sales inc",1
2015,1,"showcase wholesale auto llc",1
2015,1,"shults certified.com",1
2015,1,"shults nissan subaru",1
2015,1,"shults resale center",1
2015,1,"sideline auto sales inc",1
2015,1,"sierra acura of alhambra",1
2015,1,"sierra blanca motor company",1
2015,1,"signature auto enterprises inc",1
2015,1,"signature leasing llc",1
2015,1,"silver sales automotive group",1
2015,1,"silver star ag ltd",1
2015,1,"simply wheelz d/b/a/ advantage rent a car",1
2015,1,"simpson auto inc",1
2015,1,"sioux empire automotive inc",1
2015,1,"sioux falls ford inc",1
2015,1,"sis quality automobiles inc",1
2015,1,"sixrentals corp",1
2015,1,"sj auto fleet wholesale inc",1
2015,1,"skipco financial adjusters",1
2015,1,"skokie suburban auto sales inc",1
2015,1,"sky motor cars",1
2015,1,"sky touch imports inc",1
2015,1,"sleepy hollow chrysler dodge jeep inc",1
2015,1,"smart honda",1
2015,1,"smithfield motor sales inc",1
2015,1,"smiths auto sales",1
2015,1,"sml auto sales",1
2015,1,"sonic crest honda llc",1
2015,1,"sons honda",1
2015,1,"sound ford inc",1
2015,1,"source one adj of ohio inc/community one cu inc",1
2015,1,"source one adj of ohio inc/skipco",1
2015,1,"source one adj of ohio inc/softite community fcu",1
2015,1,"south bay lexus",1
2015,1,"south coast subaru",1
2015,1,"south credit motors inc",1
2015,1,"south fort chevrolet ltd",1
2015,1,"south metro fcu",1
2015,1,"south regional financial llc",1
2015,1,"south shore bmw",1
2015,1,"south street auto sales",1
2015,1,"southern auto finance company/ft lauderdale",1
2015,1,"southern cascades finance corporation",1
2015,1,"southlake motorcars",1
2015,1,"southland credit union",1
2015,1,"southside auto sales inc",1
2015,1,"southtowne motors inc",1
2015,1,"southwest auto brokers",1
2015,1,"southwest national bank",1
2015,1,"southwest title loans",1
2015,1,"spallco enterprises inc",1
2015,1,"spanos imports",1
2015,1,"sparks toyota",1
2015,1,"spartan autoworx llc",1
2015,1,"spc credit union",1
2015,1,"speedy motors & collision llc",1
2015,1,"spitzer toyota scion",1
2015,1,"spotless auto llc",1
2015,1,"st cloud hyundai llc",1
2015,1,"stadium nissan",1
2015,1,"stamford european motors inc",1
2015,1,"stanley chevrolet pontiac kaufman",1
2015,1,"stanley ford-mcgregor",1
2015,1,"stanley ford-pilot point",1
2015,1,"staples auto sales inc",1
2015,1,"starling chevrolet cadillac llc",1
2015,1,"statewide leasing corp",1
2015,1,"statewide wholesale ltd",1
2015,1,"steet ponte ford inc",1
2015,1,"sterimark motors inc",1
2015,1,"stetson motors 2010 ltd",1
2015,1,"steve link ford lincoln mercury inc",1
2015,1,"steve pound wholesale",1
2015,1,"steve rotella sales ltd",1
2015,1,"stevens point honda",1
2015,1,"stevenson toyota",1
2015,1,"stew hansen dodge city jeep",1
2015,1,"sti fleet corp",1
2015,1,"stikeleather auto sales",1
2015,1,"stivers ford lincoln",1
2015,1,"street visions inc",1
2015,1,"strider buick gmc subaru",1
2015,1,"subaru of port richey",1
2015,1,"summs skip & collections service inc",1
2015,1,"sunset autos",1
2015,1,"suntide fcu",1
2015,1,"suntrup hyundai inc",1
2015,1,"superbodies auto center llc",1
2015,1,"superior autos for you",1
2015,1,"superior brookdale ford llc",1
2015,1,"supreme nissan of slidell",1
2015,1,"susquehanna chrysler dodge jeep ram",1
2015,1,swbc,1
2015,1,"switzerland of america",1
2015,1,"symes saab of pasadena",1
2015,1,"synergy car sales",1
2015,1,"szottm-59 toyota szott m-59 scion",1
2015,1,"t & t motorsports",1
2015,1,"t j mcgeehan sales and service ltd",1
2015,1,"t&t auto sales",1
2015,1,"tafel motors inc",1
2015,1,"tag financial services inc",1
2015,1,"tamiami hyundai mitsubishi",1
2015,1,"tappahannock chevrolet llc",1
2015,1,"tarheel auto sales of locust inc",1
2015,1,"tbt auto",1
2015,1,"tc's used cars llc",1
2015,1,"tcar recovery and remarketing",1
2015,1,"tdaf remarketing / brunswick car trding rentl llc",1
2015,1,"team chrysler jeep dodge",1
2015,1,"tempe motors llc",1
2015,1,"terry inc",1
2015,1,"thatchers auto mart",1
2015,1,"the automotive connection inc.",1
2015,1,"the caldwell leasing",1
2015,1,"the car firm llc",1
2015,1,"the farmers bank",1
2015,1,"the luxury haus inc",1
2015,1,"the national banks of central texas",1
2015,1,"the ohio educational credit union",1
2015,1,"the right buy trb auto sales llc",1
2015,1,"the showroom",1
2015,1,"the western motor co inc",1
2015,1,"third national bank",1
2015,1,"thornton chevrolet inc",1
2015,1,"thoroughbred motors llc",1
2015,1,"three some auto sales",1
2015,1,"thrifty rent a car systems inc",1
2015,1,"ticket to ride auto",1
2015,1,"tiger financial management llc",1
2015,1,"tim marburger honda",1
2015,1,"tims buick hyundai subaru & gmc inc",1
2015,1,"tinker credit union",1
2015,1,"titan motors inc",1
2015,1,"titlebucks/lasvegas nv1",1
2015,1,"titlemax/flower mound tx1",1
2015,1,"titlemax/jonesboro ga2",1
2015,1,"titlemax/las vegas nv18",1
2015,1,"titlemax/san diego ca1",1
2015,1,"titlemax/san diego ca2",1
2015,1,"titlemax/whitehall oh1",1
2015,1,"tnh enterprises inc",1
2015,1,"tom ahl chrysler dodge inc",1
2015,1,"tom williams imports llc",1
2015,1,"tom wood nissan inc",1
2015,1,"tony domiano auto dealerships inc",1
2015,1,"top star lsg",1
2015,1,"topspeed motor group",1
2015,1,"total resource auctions-tulsa",1
2015,1,"tower auto sales inc",1
2015,1,"town & country toyota scion",1
2015,1,"town center nissan",1
2015,1,"toyota financial services cfg",1
2015,1,"toyota knoxville",1
2015,1,"toyota motor credit corp",1
2015,1,"toyota of boardman",1
2015,1,"toyota of des moines",1
2015,1,"toyota of fort worth",1
2015,1,"toyota of orange",1
2015,1,"toyota of pullman",1
2015,1,"toyota of san bernardino",1
2015,1,"toyota of selma",1
2015,1,"toyota of tampa bay",1
2015,1,"toyota scion of scranton",1
2015,1,"toyota vallejo",1
2015,1,"toyota/scion of gastonia",1
2015,1,"tra aims buyer",1
2015,1,"transfleet us llc",1
2015,1,"transit motors inc",1
2015,1,"transitowne hyundai",1
2015,1,"transitowne resale of amherst",1
2015,1,"trask river auto sales llc",1
2015,1,"travis credit union",1
2015,1,"trenton auto sales",1
2015,1,"tri city auto sales",1
2015,1,"tri state leasing",1
2015,1,"tri-mark motors",1
2015,1,"tricolor auto",1
2015,1,"trona valley community fcu",1
2015,1,"tropical auto outlet",1
2015,1,"trra motors llc",1
2015,1,"tru west credit union",1
2015,1,"trustone financial fed credit union",1
2015,1,"ttcu the credit union",1
2015,1,"tulsa teachers credit union",1
2015,1,"tustin hyundai",1
2015,1,"tuttle click ford lincoln mercury",1
2015,1,"tystanic auto sales & rental",1
2015,1,"u f o motorsports llc",1
2015,1,"u save car & truck rental",1
2015,1,"udrive automobiles",1
2015,1,"ultimate tire & auto",1
2015,1,"uncle maxs auto sales & leasing",1
2015,1,"unified communities fcu",1
2015,1,"union bank & trust co",1
2015,1,"union first market bankshares",1
2015,1,"union volkswagen",1
2015,1,"unique auto inc.",1
2015,1,"unique car rental & sales",1
2015,1,"united auto brokers inc",1
2015,1,"united auto credit/newport beach",1
2015,1,"united bank inc",1
2015,1,"united car sales",1
2015,1,"united imports inc",1
2015,1,"united motors trade llc",1
2015,1,"universal auto gallery inc",1
2015,1,"university fcu",1
2015,1,"unlimited automotive wholesalers",1
2015,1,"usaa federal savings bank",1
2015,1,"usf federal credit union",1
2015,1,"valley auto llc",1
2015,1,"valley brook auto brokers",1
2015,1,"valley honda",1
2015,1,"valone ford lincoln inc",1
2015,1,"van chevrolet cadillac inc",1
2015,1,"vci/maple hill auto center",1
2015,1,"vegas city motors",1
2015,1,"vehicles nashville llc",1
2015,1,"venice nissan",1
2015,1,"vidalia ford lincoln inc",1
2015,1,"vigils auto sales",1
2015,1,"villa auto sales",1
2015,1,"vin devers inc",1
2015,1,"vip auto enterprises inc",1
2015,1,"virginia premier auto",1
2015,1,"vision motors inc",1
2015,1,"viva kia",1
2015,1,"viva nissan",1
2015,1,"volkswagen billingss",1
2015,1,"volkswagen of edmond",1
2015,1,"volkswagen of moreno valley",1
2015,1,"volkswagen of palm springs",1
2015,1,"volkswagen of saint augustine",1
2015,1,"volkswagen santa monica",1
2015,1,"volvo na company cars/world omni",1
2015,1,"volvo of cape cod",1
2015,1,"volvo of memphis",1
2015,1,"vw of freehold",1
2015,1,"vystar credit union",1
2015,1,"w & w of alexandria inc",1
2015,1,"w i simonson",1
2015,1,"wallace chevrolet-olds inc",1
2015,1,"wallace leasing corporation",1
2015,1,"walser honda",1
2015,1,"walser leasing & fleet services",1
2015,1,"walser lsg n fleet services",1
2015,1,"walts auto sales",1
2015,1,"wards motorsports inc",1
2015,1,"warren henry infiniti inc",1
2015,1,"warren toyota",1
2015,1,"wasatch peaks credit union",1
2015,1,"washtenaw fcu",1
2015,1,"watts auto sales llc",1
2015,1,"wayne akers ford inc",1
2015,1,"websmart auto inc",1
2015,1,"webster auto sales",1
2015,1,"weir canyon acura",1
2015,1,"wells fargo auto finance",1
2015,1,"wells fargo dealer services-tra",1
2015,1,"welsh subaru of limerick",1
2015,1,"wesley chapel toyota",1
2015,1,"west burlington honda",1
2015,1,"west chevrolet inc.",1
2015,1,"west coast motors",1
2015,1,"west coast rovers",1
2015,1,"west hills chrysler jeep",1
2015,1,"west hills honda",1
2015,1,"westbury imports llc",1
2015,1,"westchester car rentals inc",1
2015,1,"western american loan",1
2015,1,"western federal credit union",1
2015,1,"western financial & leasing inc",1
2015,1,"westmont m imports inc",1
2015,1,"wheels by r t incorporated",1
2015,1,wheels/cox,1
2015,1,"whites auto sales inc",1
2015,1,"whites auto sales llc",1
2015,1,"whitney motor company",1
2015,1,"wholesale leasing llc",1
2015,1,"wilde toyota",1
2015,1,"willett honda south",1
2015,1,"william lehman leasing corporation",1
2015,1,"win kelly chev buic pont gmc",1
2015,1,"winegardner motor company llc",1
2015,1,"with style auto sales inc",1
2015,1,"wiz leasing inc",1
2015,1,"wolf auto center sterling llc",1
2015,1,"wolf automotive center inc",1
2015,1,"woodhouse lincoln",1
2015,1,"woodmen nissan",1
2015,1,"world ford pensacola",1
2015,1,"world hyundai matteson",1
2015,1,"world motorsports",1
2015,1,"wright way hyundai",1
2015,1,"ws healey chevrolet buick inc",1
2015,1,"wybles used cars",1
2015,1,"xavier auto sales inc",1
2015,1,"yes auto brokers inc.",1
2015,1,"york enterprise inc",1
2015,1,"york kia",1
2015,1,"young buick gmc co.",1
2015,1,"young volkswagen inc",1
2015,1,"yucca valley chrysler plymouth dodge inc",1
2015,1,"zanger enterprises inc",1
2015,1,zipcar,1
2015,1,"143 auto sales inc",1
2015,1,"1491081 alberta inc.",1
2015,1,"1st advantage fcu",1
2015,1,"2626 5660 quebec inc",1
2015,1,"3 in one auto sales inc",1
2015,1,"3242878 nova scotia company",1
2015,1,"46 vans & trucks llc",1
2015,1,"486236 alberta ltd",1
2015,1,800cash247,1
2015,1,"9250 3002 quebec inc",1
2015,1,"a & a auto and truck center inc",1
2015,1,"a & w sales",1
2015,1,"a a a motors inc",1
2015,1,"a automotive inc auto sales",1
2015,1,"a d autos",1
2015,1,"a&e automotive llc",1
2015,1,"absolute auto center",1
2015,1,"ace auto group",1
2015,1,"ace auto sales",1
2015,1,"ace auto wholesale inc",1
2015,1,"acm enterprises group inc",1
2015,1,"acra automotive group",1
2015,1,"action finance & leasing corporation",1
2015,1,"acura north scottsdale",1
2015,1,"acura of brookfield",1
2015,1,"acura of gainesville",1
2015,1,"acura of limerick",1
2015,1,"acura of omaha",1
2015,1,"acura of orange park",1
2015,1,"ada dodge chrysler jeep ram",1
2015,1,"adams leasing inc",1
2015,1,"adams motor company",1
2015,1,"addison motorcars",1
2015,1,"advance automotive sales & financing inc",1
2015,1,"advantage auto sales inc",1
2015,1,"advantage ford of stuart inc",1
2015,1,"affinity automotive repairs & sales inc",1
2015,1,"affordable autos",1
2015,1,"affordable t motors",1
2015,1,"afg/state national companies",1
2015,1,"after lease auto sales",1
2015,1,"air academy fcu",1
2015,1,"air force fcu",1
2015,1,"airport mini of cleveland",1
2015,1,"akt investments inc",1
2015,1,"ala sales inc",1
2015,1,"albright motor company",1
2015,1,"aleks foreign & domestic auto sales llc",1
2015,1,"alexander family pont buick olds gmc truck inc",1
2015,1,"alexander subaru inc",1
2015,1,"alexandria toyota inc",1
2015,1,"all american ford of kingston llc",1
2015,1,"all makes auto sales inc",1
2015,1,"all out powersports",1
2015,1,"all star mitsubishi",1
2015,1,"allegacy fcu",1
2015,1,"allegiance credit union",1
2015,1,"alpine buick gmc llc",1
2015,1,"altier credit union",1
2015,1,"alvarez lincoln mercury jaguar",1
2015,1,"american auto finance",1
2015,1,"american auto-rama inc",1
2015,1,"american eagle bank",1
2015,1,"american financial",1
2015,1,"american financial inc",1
2015,1,"american recovery services",1
2015,1,"american road insurance company",1
2015,1,"amigo auto sales",1
2015,1,"ancira chrysler jeep dodge",1
2015,1,"anderson automotive group inc",1
2015,1,"anderson truck & trailer",1
2015,1,"andrey's auto repair corp",1
2015,1,"ann arbor acura hyundai",1
2015,1,"annapolis hyundai",1
2015,1,"antiek journeys inc",1
2015,1,"antwerpens toyota village",1
2015,1,"apco employees credit union",1
2015,1,"apex auto wholesale - gary",1
2015,1,"apple bmw of york",1
2015,1,"apple chrysler dodge jeep ram of hanover",1
2015,1,"aristocrat motors",1
2015,1,"arizona auto resource",1
2015,1,"arrow auto sales",1
2015,1,"ars/ate industries",1
2015,1,"ars/dealer ars canada",1
2015,1,"asbury inventory bank",1
2015,1,"asi fcu",1
2015,1,"assets recovered llc",1
2015,1,"atlanta dealer trades inc",1
2015,1,"atlantic coast remarketing inc/bai",1
2015,1,"atlantic coast remarketing inc/tm",1
2015,1,"atlantic coast remarketing/pagi",1
2015,1,"aubreys auto sales inc",1
2015,1,"audi arlington",1
2015,1,"audi nashville",1
2015,1,"audi of chandler",1
2015,1,"audi of huntington",1
2015,1,"audi of wallingford",1
2015,1,"auffenberg hyundai inc",1
2015,1,"augusta metro fcu",1
2015,1,"augusta motor group inc.",1
2015,1,"auto boutique 1",1
2015,1,"auto connect",1
2015,1,"auto credit source",1
2015,1,"auto dynamics inc",1
2015,1,"auto easy",1
2015,1,"auto elite group inc",1
2015,1,"auto finance solutions dba abc remarketing",1
2015,1,"auto finders inc",1
2015,1,"auto fleet sales inc",1
2015,1,"auto integrity",1
2015,1,"auto link",1
2015,1,"auto master",1
2015,1,"auto network group of arizona",1
2015,1,"auto outlet",1
2015,1,"auto outlet llc",1
2015,1,"auto plaza",1
2015,1,"auto ranch llc",1
2015,1,"auto remarketing resources",1
2015,1,"auto rental services",1
2015,1,"auto seekers inc",1
2015,1,"auto service & sales",1
2015,1,"auto solutions",1
2015,1,"auto star motor co llc",1
2015,1,"auto unlimited inc",1
2015,1,"auto world inc",1
2015,1,"auto world usa llc",1
2015,1,"auto xtreme inc",1
2015,1,"autobahn motorcars",1
2015,1,"autobahn motorcars llc",1
2015,1,"autobahn motors",1
2015,1,"autohaus bmw",1
2015,1,"autohaus lancaster inc",1
2015,1,"autolink sales llc",1
2015,1,automart,1
2015,1,"automatic finance",1
2015,1,"automax hv inc",1
2015,1,"automobile brokerage/leasing of nv",1
2015,1,"automobile rimek inc",1
2015,1,"automobiles nascar",1
2015,1,"automobili corp",1
2015,1,"automotive credit corp",1
2015,1,"automotive finance center inc",1
2015,1,"automotive fleet management/capital city bank",1
2015,1,"automotive specialties inc",1
2015,1,"autonation cadillac west palm beach",1
2015,1,"autonation chevrolet airport",1
2015,1,"autonation chevrolet delray",1
2015,1,"autonation chevrolet doral",1
2015,1,"autonation chevrolet fort lauderdale",1
2015,1,"autonation chevrolet laurel",1
2015,1,"autonation chevrolet security blvd",1
2015,1,"autonation chevrolet south clearwater",1
2015,1,"autonation ford delray",1
2015,1,"autonation ford jacksonville",1
2015,1,"autonation ford memphis",1
2015,1,"autonation gmc mendenhall",1
2015,1,"autonation honda clearwater",1
2015,1,"autonation honda lewisville",1
2015,1,"autonation honda ohare",1
2015,1,"autonation nissan arapahoe",1
2015,1,"autonation nissan brandon",1
2015,1,"autonation nissan las vegas",1
2015,1,"autonation nissan miami",1
2015,1,"autonation nissan pembroke pines",1
2015,1,"autonation subaru west",1
2015,1,"autonation toyota fort myers",1
2015,1,"autonation toyota north arlington",1
2015,1,"autonation toyota pinellas park",1
2015,1,"autonation toyota scion las vegas",1
2015,1,"autonation volkswagen delray",1
2015,1,"autoplex usa",1
2015,1,"autoport llc",1
2015,1,"autos plus of smithville llc",1
2015,1,"autospot car sales",1
2015,1,"autotech of venice inc",1
2015,1,"autotrust inc",1
2015,1,autoworks,1
2015,1,"avis budget de puerto rico",1
2015,1,"avis rac",1
2015,1,"avis rac/evansville",1
2015,1,"avis rac/springfield",1
2015,1,"avm auto sales",1
2015,1,"awn sales ltd",1
2015,1,"azjor truck & equipment inc",1
2015,1,"b a motor co ltd",1
2015,1,"bachman subaru-volkswagen llc",1
2015,1,"bailey auto plaza",1
2015,1,"bales motor company inc",1
2015,1,"balkcum auto inc",1
2015,1,"baltic auto shipping inc",1
2015,1,"bank of america/select repo",1
2015,1,"bank of hawaii auto leasing department",1
2015,1,"bar none auction",1
2015,1,"bargain auto centre",1
2015,1,"bargain town motor cars inc",1
2015,1,"barnes baker automotive",1
2015,1,"barry brown motors llc",1
2015,1,"base lane auto export",1
2015,1,"bashir & son inc",1
2015,1,"basler auto ltd",1
2015,1,"battlefield ford",1
2015,1,"bavarian auto sales llc",1
2015,1,"bavarian motor sport inc",1
2015,1,"baxter ford inc",1
2015,1,baydos,1
2015,1,"bbc motorsports",1
2015,1,"beadle fd inc/beadle chry ctr",1
2015,1,"beaman motor company",1
2015,1,"beaver toyota of st augustine",1
2015,1,"beaverton auto wholesale llc",1
2015,1,"bedard bros auto sales inc",1
2015,1,"bell automotive",1
2015,1,"bell lexus",1
2015,1,"benami managment inc",1
2015,1,"bening ford",1
2015,1,"bennett chrysler dodge jeep llc",1
2015,1,"bentley naples",1
2015,1,"bergen auto sales llc",1
2015,1,"bergeys buick gmc",1
2015,1,"bergstrom buick gmc truck inc",1
2015,1,"bergstrom chev cad buick gmc truck inc",1
2015,1,"bergstrom victory lane imports",1
2015,1,"berko auto brokers llc",1
2015,1,"berstrom pioneer auto & truck leasing",1
2015,1,"bert ogden chrysler ply dodge inc",1
2015,1,"bert ogden motors inc",1
2015,1,"beshoff motorcars",1
2015,1,"best auto brokers inc",1
2015,1,"best auto sales inc",1
2015,1,"best buy auto brokers inc",1
2015,1,"best buy motors llc",1
2015,1,"best cars kc inc.",1
2015,1,"best finish auto sales",1
2015,1,"beverly hills bmw",1
2015,1,"bf saul",1
2015,1,"bic motors llc",1
2015,1,"big 3 motors llc",1
2015,1,"big billy a/s llc",1
2015,1,"big country chevrolet inc",1
2015,1,"big west dodge chrysler ltd",1
2015,1,"bill barlow",1
2015,1,"bill doraty kia",1
2015,1,"bill gatton mazda",1
2015,1,"bill luke chrysler jeep and dodge inc",1
2015,1,"binghamton chrysler jeep dodge",1
2015,1,"bird chevrolet company",1
2015,1,"black tie classics llc",1
2015,1,"blacksmoke wholesale llc",1
2015,1,"blaise alexander ford of ephrata",1
2015,1,"bluesignet enterprise llc",1
2015,1,"bmc auto rental sales & leasing inc",1
2015,1,"bmw financial services",1
2015,1,"bmw financial services p/u's",1
2015,1,"bmw mini portland",1
2015,1,"bmw north america pickups",1
2015,1,"bmw northwest",1
2015,1,"bmw of bakersfield",1
2015,1,"bmw of dayton",1
2015,1,"bmw of lincoln",1
2015,1,"bmw of macon",1
2015,1,"bmw of mobile",1
2015,1,"bmw of murrieta",1
2015,1,"bmw of san francisco mini of san francisco",1
2015,1,"bmw of sioux falls",1
2015,1,"bmw of the hudson valley",1
2015,1,"bmw of towson",1
2015,1,"boardwalk volkswagen",1
2015,1,"boast volkswagen",1
2015,1,"bob brown chevrolet inc",1
2015,1,"bob davidson ford lincoln",1
2015,1,"bob johnson 390 chevrolet inc",1
2015,1,"bob kings mazda",1
2015,1,"bob ruth ford inc",1
2015,1,"bob's rentals inc",1
2015,1,"bobbs auto sales",1
2015,1,"bobs rentals inc dba/avis",1
2015,1,"boch honda west",1
2015,1,"boston foreign motor",1
2015,1,"boucher cadillac buick gmc of waukesha",1
2015,1,"boulevard bank",1
2015,1,"bowmans auto sales",1
2015,1,"boyd chevrolet buick gmc",1
2015,1,"boyd motors inc",1
2015,1,"boyer trucks",1
2015,1,"braddock motors llc",1
2015,1,"brand automotive financial services",1
2015,1,"bravo chevrolet cadillac",1
2015,1,"bredemann ford-glenview",1
2015,1,"brilliance subaru",1
2015,1,"broadway motor company",1
2015,1,"brooklyn pk automotive inc",1
2015,1,"brown's manassas subaru",1
2015,1,"brown's volkswagen suzuki",1
2015,1,"browning auto sales",1
2015,1,"browns fairfax nissan",1
2015,1,"bryant motors",1
2015,1,"buckeye state auto sales",1
2015,1,"bucktown auto sales",1
2015,1,"bud smail motorcars ltd",1
2015,1,"budget car sales",1
2015,1,"budget rac/atlanta",1
2015,1,"budget rac/wichita",1
2015,1,"budget rent a car/ars",1
2015,1,"budget rent a car/las vagas",1
2015,1,"burns chevrolet cadillac inc",1
2015,1,"business leasing & management corp",1
2015,1,"butler county motor company",1
2015,1,"buying all cars.com",1
2015,1,"byers delaware auto llc",1
2015,1,"byers imports llc",1
2015,1,"c & s motorsports inc",1
2015,1,"c j lensing motors inc",1
2015,1,"cac motors",1
2015,1,"cadillac of las vegas west",1
2015,1,"caguax auto sales",1
2015,1,"cal rentals",1
2015,1,"cali motors",1
2015,1,"camex auto sale",1
2015,1,"camp bmw",1
2015,1,"campervan north america",1
2015,1,"cannon motors inc",1
2015,1,"canuck auto sales",1
2015,1,"caparra auto y/o oriental bank",1
2015,1,"capistrano volkswagen",1
2015,1,"capital asset recovery",1
2015,1,"capital bank",1
2015,1,"capital ford lincoln of rocky mount",1
2015,1,"capital lease group",1
2015,1,"capital lease group ltd",1
2015,1,"capital lincoln of cary",1
2015,1,"capital volkswagen",1
2015,1,"capitol dealerships inc",1
2015,1,"capitol hyundai",1
2015,1,"capitol mitsubishi",1
2015,1,"car cash of new jersey llc",1
2015,1,"car country",1
2015,1,"car go auto",1
2015,1,"car master",1
2015,1,"car source",1
2015,1,carbiz,1
2015,1,"cardinale gmc truck",1
2015,1,"cardinaleway volkswagen",1
2015,1,carflex,1
2015,1,"carl burk wholesale autos",1
2015,1,"carlock nissan of jackson inc",1
2015,1,"carlock nissan of tupelo inc",1
2015,1,"carls buick gmc",1
2015,1,"carmall auto sales",1
2015,1,"carolina farm credit",1
2015,1,"carolina finance llc",1
2015,1,"carpower trading inc",1
2015,1,"cars & trucks",1
2015,1,"cars 911",1
2015,1,"cars cars cars",1
2015,1,"cars for less llc",1
2015,1,"cars on broadway inc",1
2015,1,"carsdirect llc",1
2015,1,"cartech enterprises inc",1
2015,1,"carter federal credit union",1
2015,1,carzone,1
2015,1,"cascade used auto sales",1
2015,1,"caserta car company inc",1
2015,1,"cavender toyota",1
2015,1,"cdd motors",1
2015,1,"cella ford inc",1
2015,1,"central auto sales",1
2015,1,"centre city motors",1
2015,1,"century bmw",1
2015,1,"century finance & lease",1
2015,1,"cerritos infiniti inc",1
2015,1,"chaco credit union",1
2015,1,"championship auto sales",1
2015,1,"chaser inc",1
2015,1,"checkered flag auto sales llc",1
2015,1,"chejo auto sales inc",1
2015,1,"cherokee county toyota",1
2015,1,"cherokee hyundai of kennesaw",1
2015,1,"chesterfield imports inc",1
2015,1,"chevrolake motorcars (2002) inc",1
2015,1,"chevrolet 21 inc",1
2015,1,"chevrolet buick gmc cadillac of murfreesboro",1
2015,1,"chicago auto sales inc",1
2015,1,"chilsons corner motors of cadott llc",1
2015,1,"choice auto group",1
2015,1,"chrysler on nicholasville",1
2015,1,"cincinnati police credit union",1
2015,1,"ciocca ford",1
2015,1,"citi remarketing & recovery services",1
2015,1,"city auto sales incorporated",1
2015,1,"city motors group inc",1
2015,1,"claremont volkswagen",1
2015,1,"classic audi",1
2015,1,"classic automotive inc",1
2015,1,"classic buick gmc",1
2015,1,"classic chevrolet of kannapolis llc",1
2015,1,"classic motors llc",1
2015,1,"classic nissan of statesville llc",1
2015,1,"clay cooley toyota of hazelwood",1
2015,1,"clay nissan of newton inc",1
2015,1,"clay subaru",1
2015,1,"clermont nissan",1
2015,1,"cmm finance",1
2015,1,"cnc motors inc",1
2015,1,"coastal auto brokers",1
2015,1,"coastal bend rent a car inc",1
2015,1,"coastal credit llc",1
2015,1,"coastal credit llc / centennial / centennial",1
2015,1,"coastal credit llc / macedonia / macedonia",1
2015,1,"coastal mitsubishi coastal hyundai",1
2015,1,"coastal union remarketing",1
2015,1,"coggin acura",1
2015,1,"coggin buick-gmc of orange park",1
2015,1,"coggin deland hyundai",1
2015,1,"coggin honda",1
2015,1,"coggin honda of st. augustine",1
2015,1,"cold lake ford",1
2015,1,"colin's motors",1
2015,1,"collins auto wholesale",1
2015,1,"colonial hyundai of downingtown llc",1
2015,1,"colorado river ford of kingman",1
2015,1,"colvin's auto sales inc.",1
2015,1,"communication fcu",1
2015,1,"community bank",1
2015,1,"community chevrolet inc",1
2015,1,"community credit inc",1
2015,1,"community cu of florida",1
2015,1,"community one auto finance",1
2015,1,"complete fleet auto sales",1
2015,1,"concours motors inc",1
2015,1,"conklin cars hutchinson",1
2015,1,"connell chevrolet",1
2015,1,"contemporary mitsubishi",1
2015,1,"coon rapids nissan",1
2015,1,"coors credit union",1
2015,1,"corporate america family credit union",1
2015,1,"corry fcu",1
2015,1,"cosmopolitan finance",1
2015,1,"country chevrolet buick gmc",1
2015,1,"courtesy autopark",1
2015,1,"courtesy chrysler dodge jeep ram of orange",1
2015,1,"courtesy kia of brandon",1
2015,1,"courtesy mitsubishi mazda kia",1
2015,1,"courtesy nissan of tampa",1
2015,1,"courtesy toyota of brandon",1
2015,1,"courtier automobile r g enr",1
2015,1,"cover-jones motor company",1
2015,1,"cox auto group inc",1
2015,1,"cox mazda",1
2015,1,"cpr auto sales & finance",1
2015,1,"craig toyota",1
2015,1,"credit acceptance corp/inop/southfield",1
2015,1,"credit acceptance corp/southfield",1
2015,1,"crest lincoln inc",1
2015,1,"crisas auto sales & repair inc",1
2015,1,"criswell maserati",1
2015,1,"crofton auto brokers",1
2015,1,"cross creek subaru inc",1
2015,1,"cross roads auto & sales",1
2015,1,"crossroads auto center",1
2015,1,"crossroads nissan of wake forest",1
2015,1,"crown chrysler dodge jeep ram",1
2015,1,"crown direct llc",1
2015,1,"crown dodge of fayetteville",1
2015,1,"crown ford",1
2015,1,"crown motor co",1
2015,1,"ctl corp",1
2015,1,"cu auto source/autobranch",1
2015,1,"cure inc",1
2015,1,"d & j auto inc",1
2015,1,"d. dahle mazda of murray",1
2015,1,"d/m auto sales inc",1
2015,1,"dan hecht chevrolet inc",1
2015,1,"dan powers chevrolet buick gmc",1
2015,1,"danbury auto group inc",1
2015,1,"daniels long chevrolet",1
2015,1,"danny holder automotive inc.",1
2015,1,"dans of big lake inc",1
2015,1,"darcars kia",1
2015,1,"darrell waltrip honda",1
2015,1,"dave sinclair ford inc",1
2015,1,"dave white acura",1
2015,1,"dave white chevrolet inc",1
2015,1,"daves motors",1
2015,1,"david mcdavid ford ft worth",1
2015,1,"davis motor co",1
2015,1,"dayton andrews inc",1
2015,1,"daytona hyundai",1
2015,1,"dch honda of temecula",1
2015,1,"dch toyota of torrance",1
2015,1,"dcm sales ltd",1
2015,1,"dealer wholesale llc",1
2015,1,"dealers leasing inc",1
2015,1,"deals on wheels",1
2015,1,"dean team ballwin",1
2015,1,"decker motor car co inc",1
2015,1,"del valle auto sales",1
2015,1,"delacom inc",1
2015,1,"delashmit motors llc",1
2015,1,"dellen chevy buick pont gmc",1
2015,1,"dellen chry dod jeep",1
2015,1,"delray auto mall",1
2015,1,"dennis j baglier buick inc",1
2015,1,"denper group inc",1
2015,1,"denper group inc.",1
2015,1,"dependable auto sales",1
2015,1,"dependable motor sales inc",1
2015,1,"des sources dodge chrysler ltee",1
2015,1,"desert fleet lease",1
2015,1,"desert ranger auto sales inc",1
2015,1,"destiny auto sales inc",1
2015,1,"detroit west auto wholesale",1
2015,1,"deva motor co",1
2015,1,"devoe buick gmc",1
2015,1,"diaz and sons auto sales inc",1
2015,1,"dick barbour performance llc",1
2015,1,"dick hannah honda",1
2015,1,"dick hannah toyota",1
2015,1,"dick hannah volkswagen",1
2015,1,"dick myers chrysler dodge jeep inc",1
2015,1,"dick poe toyota",1
2015,1,"dick smith ford inc",1
2015,1,"difeo bmw",1
2015,1,"direct sales and leasing",1
2015,1,"direct wholesale motors inc",1
2015,1,"discount auto",1
2015,1,"discount auto sales",1
2015,1,"discount car and truck rentals",1
2015,1,"dixie buick gmc truck inc",1
2015,1,"dk ford sales ltd",1
2015,1,"dnl automotive inc",1
2015,1,"doan chevrolet llc",1
2015,1,"dodge city inc",1
2015,1,"dodge city motors inc",1
2015,1,"dollar thrifty auto group/salvage",1
2015,1,"don chalmers ford",1
2015,1,"don rosen imports",1
2015,1,"don worley used cars",1
2015,1,"don's auto body & glass inc",1
2015,1,"donlen corp/marblehead lime company",1
2015,1,"doral buick gmc",1
2015,1,"dover fcu",1
2015,1,"downtown dodge inc",1
2015,1,"downtown ford lincoln mercury inc",1
2015,1,"downtown l a motors",1
2015,1,"dr detail inc",1
2015,1,"dragon auto group inc",1
2015,1,"dreamauto inc",1
2015,1,"drive 4 less auto inc",1
2015,1,"drive now auto credit inc",1
2015,1,"dtgc car rental ltd partnership",1
2015,1,"du page chrysler dodge ram jeep",1
2015,1,"duke industries",1
2015,1,"dukes auto",1
2015,1,"dunn brothers premium auto corp",1
2015,1,"lokey nissan",1
2015,1,"long island motor sales llc",1
2015,1,"longstreet auto",1
2015,1,"los angeles police fcu",1
2015,1,"lou bachrodt chevrolet",1
2015,1,"lph automotive",1
2015,1,"ltd ford lincoln",1
2015,1,"lucas chevrolet geo inc",1
2015,1,"lujacks northpark auto plaza",1
2015,1,"luther brookdale toyota scion",1
2015,1,"luther ford lincoln",1
2015,1,"luxury auto group llc",1
2015,1,"luxury cars inc",1
2015,1,"luxury of queens inc",1
2015,1,"luxury sports & imports",1
2015,1,"lynn douglas motor co inc",1
2015,1,"lynnes hyundai llc",1
2015,1,"m & g cars unlimited llc",1
2015,1,"m & m auto sale inc",1
2015,1,"m & m motors",1
2015,1,"m & t investments",1
2015,1,"m and m enterprises",1
2015,1,"m5 automotive group inc",1
2015,1,"mac haik ford lincoln",1
2015,1,"macatawa auto & finance company",1
2015,1,"magnussens lexus of fremont",1
2015,1,"majesty auto sales corp",1
2015,1,"mall chevrolet inc",1
2015,1,"manassas chrysler dodge jeep ram",1
2015,1,"mancaris chrysler jeep inc",1
2015,1,"manchester motors",1
2015,1,"manhattan beach toyota",1
2015,1,"manheim albany",1
2015,1,"manheim arena illinois",1
2015,1,"manheim auctions",1
2015,1,"manheim auctions inc/ars",1
2015,1,"manheim baltimore-washington",1
2015,1,"manheim central california",1
2015,1,"manheim chicago",1
2015,1,"manheim chicago aa",1
2015,1,"manheim darlington",1
2015,1,"manheim denver",1
2015,1,"manheim greater chicago aa/honm",1
2015,1,"manheim las vegas",1
2015,1,"manheim mississippi",1
2015,1,"manheim nevada",1
2015,1,"manheim new york -ars",1
2015,1,"manheim north carolina",1
2015,1,"manheim northstar minnesota",1
2015,1,"manheim pennsylvania",1
2015,1,"manheim resale llc",1
2015,1,"manheim riverside",1
2015,1,"manheim riverside arbitrations",1
2015,1,"manheim seattle",1
2015,1,"mann auto group llc",1
2015,1,"mark beutz auto sales",1
2015,1,"mark miller subaru inc",1
2015,1,"marken ventures inc",1
2015,1,"markham auto sales",1
2015,1,"markquart motors",1
2015,1,"marshal mize ford inc",1
2015,1,"martin auto sales inc",1
2015,1,"martin swanty hyundai",1
2015,1,"martin's auto brokers llc",1
2015,1,"massey cadillac",1
2015,1,"master lease plan inc",1
2015,1,"matix motoring inc",1
2015,1,"maurice schwartz",1
2015,1,"max auto sales inc",1
2015,1,"max speed motors",1
2015,1,"maypole chevrolet inc",1
2015,1,"mbm auto sales inc",1
2015,1,"mbz 4 less",1
2015,1,"mc quality cars inc",1
2015,1,"mccarthy olathe nissan inc",1
2015,1,"mcconnell automotive corp",1
2015,1,"mccorkle motors",1
2015,1,"mcdonald automotive group-hyundai",1
2015,1,"mcdonough toyota & scion",1
2015,1,"mcelveen pont buick gmc trk inc",1
2015,1,"mcfadden motorsports",1
2015,1,"mcgrath lexus of chicago",1
2015,1,"mckerson auto sales",1
2015,1,"mclaughlins chrysler jeep",1
2015,1,"mcmahon leasing inc",1
2015,1,"mcmahon leasing/mcmahon motors",1
2015,1,"mechanicsville toyota",1
2015,1,mecu,1
2015,1,"mega leasing",1
2015,1,"meggs ford inc",1
2015,1,"member one fcu",1
2015,1,"members auto brokerage service inc",1
2015,1,"members choice of central texas credit union",1
2015,1,"mendocino auto sales/repair center inc",1
2015,1,"mercedes benz of buffalo",1
2015,1,"mercedes benz of chandler",1
2015,1,"mercedes benz of daytona beach",1
2015,1,"mercedes benz of delray",1
2015,1,"mercedes benz of denver",1
2015,1,"mercedes benz of foothill ranch",1
2015,1,"mercedes benz of fort myers",1
2015,1,"mercedes benz of north orlando",1
2015,1,"mercedes benz of omaha",1
2015,1,"mercedes benz of orlando",1
2015,1,"mercedes benz of pembroke pines",1
2015,1,"mercedes benz of sarasota",1
2015,1,"mercedes benz of south bay",1
2015,1,"mercedes benz of sugarland",1
2015,1,"mercedes-benz of nashville",1
2015,1,"merchants auto sales inc",1
2015,1,"merle stone chevrolet inc",1
2015,1,"merlin auto group",1
2015,1,"mesa leasing company",1
2015,1,"met autos llc",1
2015,1,"metro american brokerage",1
2015,1,"metro auto sales",1
2015,1,"metro credit union",1
2015,1,"metro ford",1
2015,1,"metro motors",1
2015,1,"metrolina credit co of charlotte inc",1
2015,1,"mgl auto sales",1
2015,1,"miami lakes chevrolet",1
2015,1,"michael hohl subaru",1
2015,1,"michael saab auto ctr cad olds michael lsg humer",1
2015,1,"michaels motorcars inc",1
2015,1,"michigan schools and government credit union",1
2015,1,"mid florida auto outlet inc",1
2015,1,"mid-tenn ford truck sales inc.",1
2015,1,"middleton ford",1
2015,1,"midflorida credit union",1
2015,1,"mike albert leasing",1
2015,1,"mike albert leasing inc/suzuki",1
2015,1,"mike kelly hyundai inc",1
2015,1,"mike reichenbach chevrolet inc",1
2015,1,"mike reichenbach ford lincoln inc",1
2015,1,"mike shaw subaru inc",1
2015,1,"mikhail okhtenberg",1
2015,1,"miller bros",1
2015,1,"millers auto sales llc",1
2015,1,"mills transportation service inc",1
2015,1,"mini of tempe",1
2015,1,"mirage motors",1
2015,1,"mk auto sales",1
2015,1,"mobility motoring llc",1
2015,1,"mobiloil fcu",1
2015,1,"modern image customs inc",1
2015,1,"modern nissan of concord llc",1
2015,1,"moline motors llc",1
2015,1,"molle chevrolet inc",1
2015,1,"molle toyota inc",1
2015,1,"momentum chevrolet",1
2015,1,"monroe bank & trust",1
2015,1,"montrose buick pontiac gmc cadillac",1
2015,1,"montrose mazda kent",1
2015,1,"moore-stewart honda",1
2015,1,"moose auto ltd",1
2015,1,"morell auto gallery inc",1
2015,1,"moritz kia",1
2015,1,"morries 394 hyundai",1
2015,1,"moses family motors inc",1
2015,1,"moshina motors inc",1
2015,1,"moss bros cjd san bernandino",1
2015,1,"moss bros toyota",1
2015,1,"mossy nissan poway",1
2015,1,"motor city lexus of bakersfield",1
2015,1,"motor town llc",1
2015,1,"motor werks of barrington inc",1
2015,1,"motor werks of hoffman estates inc",1
2015,1,"motorcars of delaware",1
2015,1,"motorwerks mini",1
2015,1,"mountaineer automotive llc",1
2015,1,"mpm auto traders",1
2015,1,"mr m auto group",1
2015,1,"msd global corporation",1
2015,1,"msd san alfonso auto group inc",1
2015,1,"mtk auto",1
2015,1,"muller nissan subaru vw",1
2015,1,"mungenast hyundai",1
2015,1,"murdock chevrolet inc.",1
2015,1,"murray bmw of denver",1
2015,1,"murrays used cars inc",1
2015,1,"mv motorsports",1
2015,1,"my mint car corp",1
2015,1,"myrtle beach chry jeep inc",1
2015,1,"n & b motorworks inc",1
2015,1,"n-baro auction team wholesale motor vehicle",1
2015,1,"naddi auto trade inc",1
2015,1,"nalley bmw",1
2015,1,"nalley honda",1
2015,1,"nalley toyota of roswell",1
2015,1,"naperville imports inc",1
2015,1,"naples motorsports inc",1
2015,1,"napleton fleet group",1
2015,1,"napletons hyundai of aurora",1
2015,1,"napletons tallahassee imports llc",1
2015,1,"natchitoches ford lincoln",1
2015,1,"nation wide auto sales llc",1
2015,1,"national auto acceptance corp",1
2015,1,"national brokers",1
2015,1,"national fleet management",1
2015,1,"national remarketing",1
2015,1,"nations best auto brokers llc",1
2015,1,"nationwide auto sales inc",1
2015,1,"navy yard credit union",1
2015,1,"neches fcu",1
2015,1,"nedal's inc",1
2015,1,"neighborhood credit union",1
2015,1,"neil huffman honda",1
2015,1,"nelson auto sales inc",1
2015,1,"nelson automotive ltd",1
2015,1,"nelson mazda",1
2015,1,"net sales auto",1
2015,1,"new holland dodge chrysler jeep",1
2015,1,"new holland toyota",1
2015,1,"new horizons credit union",1
2015,1,"new york autosports inc.",1
2015,1,"newcastle motors ltd",1
2015,1,"nico buys cars",1
2015,1,"nissan dealer blend/airport infiniti",1
2015,1,"nissan dealer blend/al piemonte nissan inc",1
2015,1,"nissan dealer blend/briggs motor company",1
2015,1,"nissan dealer blend/chandler nissan",1
2015,1,"nissan dealer blend/costa mesa nissan",1
2015,1,"nissan dealer blend/hudson nissan",1
2015,1,"nissan dealer blend/mossy nissan el cajon",1
2015,1,"nissan dealer blend/oak ridge nissan",1
2015,1,"nissan dealer blend/premier nissan",1
2015,1,"nissan marshlling",1
2015,1,"nissan north america - pickup request",1
2015,1,"nissan north america - program",1
2015,1,"nissan of casper llc",1
2015,1,"nissan of cookeville",1
2015,1,"nissan of melbourne",1
2015,1,"nissan of newnan",1
2015,1,"nissan of south holland",1
2015,1,"nissan of van nuys",1
2015,1,"nissan/infiniti remarketing/avis budget grp",1
2015,1,"nivek paul auto brokers llc",1
2015,1,"no limit auto sales llc",1
2015,1,"nold wholesale llc",1
2015,1,"norling motors inc",1
2015,1,"normandin chrysler jeep dodge",1
2015,1,"north bakersfield toyota scion",1
2015,1,"north central ford",1
2015,1,"north county hyundai",1
2015,1,"northeast credit union",1
2015,1,"northern auto sales",1
2015,1,"northside imports llc",1
2015,1,"northwest sales & service",1
2015,1,"nsk industries inc",1
2015,1,"numerica credit union",1
2015,1,"nuvison financial fcu",1
2015,1,"o hara motors inc",1
2015,1,"o'brien's automotive group",1
2015,1,"ohio auto sales",1
2015,1,"ohio mutual insurance company",1
2015,1,"old national",1
2015,1,"omaha fcu",1
2015,1,"omaha police fcu",1
2015,1,"on the road again",1
2015,1,"one source fcu",1
2015,1,"onemain rem/alliance motor cars",1
2015,1,"onemain rem/buckner rac & sales dba mq&kk ent",1
2015,1,"onemain rem/caltex motors",1
2015,1,"onemain rem/crown luxury car inc",1
2015,1,"onemain rem/fastlane automotive enterprises",1
2015,1,"onemain rem/global imports sales inc",1
2015,1,"onemain rem/hanson auto repair",1
2015,1,"onemain rem/intigue motors",1
2015,1,"onemain rem/j&d expo inc dba auto connect",1
2015,1,"onemain rem/jalisco auto sales",1
2015,1,"onemain rem/lenn costner auto sales",1
2015,1,"onemain rem/manheim georgia",1
2015,1,"onemain rem/master car center",1
2015,1,"onemain rem/metropolitan classic cars inc",1
2015,1,"onemain rem/nationwide remarketing",1
2015,1,"onemain rem/sams auto sales",1
2015,1,"onemain rem/silva auto sales",1
2015,1,"onemain rem/steely lease sales",1
2015,1,"onemain rem/tejada auto sales",1
2015,1,"onemain rem/the parshay group inc",1
2015,1,"onemain rem/university imports",1
2015,1,"onemain rem/us auto fleet group",1
2015,1,"onesource/atlanta toyota",1
2015,1,"onesource/cornhusker auto center inc",1
2015,1,"onesource/elgin toyota",1
2015,1,"onesource/lagrange toyota inc",1
2015,1,"onesource/limbaugh toyota",1
2015,1,"onesource/rick hendrick toyota scion",1
2015,1,"onesource/sun toyota",1
2015,1,"onesource/toyota of melbourne",1
2015,1,"onesource/tuscaloosa toyota",1
2015,1,"orange buick gmc",1
2015,1,"orange coast chrysler jeep dodge",1
2015,1,"orange county's credit union",1
2015,1,"orderyourcars.com inc",1
2015,1,"oriental group",1
2015,1,"orlando kia north",1
2015,1,"orlando kia west",1
2015,1,"oscar traders inc",1
2015,1,"oswego county fcu",1
2015,1,"oxmoor hyundai",1
2015,1,"oxmoor mazda",1
2015,1,"p & l motors",1
2015,1,"p & r auto brokers llc",1
2015,1,"p a c",1
2015,1,"pacific auto resellers",1
2015,1,"pacific nissan",1
2015,1,"pacific porsche",1
2015,1,"pacoima motors",1
2015,1,"palisades dealer funding llc",1
2015,1,"palm beach auto collection inc",1
2015,1,"palm chevrolet of gainesville",1
2015,1,"palm lincoln",1
2015,1,"palm springs volvo",1
2015,1,"par north america/alaska usa fcu",1
2015,1,"paradise bank",1
2015,1,"paramount hyundai of hickory",1
2015,1,"park place infiniti",1
2015,1,"parker ford-lincoln inc",1
2015,1,"parkway ford inc",1
2015,1,"parsons of eagle river inc",1
2015,1,"pat obrien chevrolet south",1
2015,1,"patrick european llc",1
2015,1,"pav inc",1
2015,1,"pawtucket credit union",1
2015,1,"payton place auto",1
2015,1,"pdx auto source llc",1
2015,1,"peltier chevrolet",1
2015,1,"penn toyota",1
2015,1,"peoples credit union",1
2015,1,"peoples driven credit union",1
2015,1,"performance motors inc",1
2015,1,"performance nissan",1
2015,1,"performance volkswagen",1
2015,1,"perkins used cars",1
2015,1,"permian ford lincoln inc",1
2015,1,"personalized auto group",1
2015,1,"peruzzi mazda",1
2015,1,"peterson autoplex",1
2015,1,"pfk automotive",1
2015,1,"pfs/porsche partnership program",1
2015,1,"phelps auto sales",1
2015,1,"phillips chevrolet inc",1
2015,1,"phoenix wholesale motorsports",1
2015,1,"piazza acura of reading",1
2015,1,"piazza honda of reading",1
2015,1,"piazza honda of springfield",1
2015,1,"piazza hyundai of pottstown",1
2015,1,"pinellas fcu",1
2015,1,"pines auto brokers",1
2015,1,"pinnacle automotive gallery llc",1
2015,1,"pioneer bank",1
2015,1,"pitts toyota inc",1
2015,1,"pj auto rentals inc/dba all american car rental",1
2015,1,"pj's motorcars inc",1
2015,1,"planet mitsubishi-suzuki",1
2015,1,"platinum auto",1
2015,1,"platinum auto wholesale inc",1
2015,1,"platinum car brokers llc",1
2015,1,"plaza motors inc",1
2015,1,"plumillo auto sales inc.",1
2015,1,"pm worldwide rent a car",1
2015,1,"pnc bank",1
2015,1,"poage cadillac buick gmc inc",1
2015,1,"porcaro ford",1
2015,1,"porsche fin svcs dba bentley financial services",1
2015,1,"porsche of the main line",1
2015,1,"porter ford",1
2015,1,"porter nissan buick",1
2015,1,"potomac preowned auto sales",1
2015,1,"precision auto sales",1
2015,1,"precision mitsubishi / precision mazda",1
2015,1,"preferred motor cars",1
2015,1,"premier auto brokers",1
2015,1,"premier auto consulting llc",1
2015,1,"premier motor/cars",1
2015,1,"premier nissan of newport",1
2015,1,"premier remarketing",1
2015,1,"premium auto group llc",1
2015,1,"prestige auto sales and rentals",1
2015,1,"preston chrysler dodge jeep ram",1
2015,1,"preston honda",1
2015,1,"preston volkswagen lp",1
2015,1,"price chrysler dodge jeep ram",1
2015,1,"prime auto group of nj",1
2015,1,"primeritus remarketing / carolinas telco fc",1
2015,1,"primeritus remarketing / executive auto sal",1
2015,1,"primeritus remarketing / pennsylvania state",1
2015,1,"primeritus remarketing / sandhills motorsports",1
2015,1,"primeritus remarketing / trugrocer fcu",1
2015,1,"primeritus remarketing/american airlines",1
2015,1,"primeritus remarketing/americu credit uni",1
2015,1,"primeritus remarketing/bayport credit uni",1
2015,1,"primeritus remarketing/best used cars",1
2015,1,"primeritus remarketing/capital bank",1
2015,1,"primeritus remarketing/car city inc",1
2015,1,"primeritus remarketing/jimmys used cars inc",1
2015,1,"primeritus remarketing/overseas military car",1
2015,1,"primeritus remarketing/sms",1
2015,1,"primm auto sales & repair",1
2015,1,"primo motor cars",1
2015,1,"pristine enterprises inc",1
2015,1,"pritchard brothers inc",1
2015,1,"pritchard's of clear lake inc",1
2015,1,"proctor subaru",1
2015,1,"professional financial services/knoxville",1
2015,1,"professional financial services/savannah",1
2015,1,"ps auto sales",1
2015,1,"public service credit union",1
2015,1,"puerto rican cars inc",1
2015,1,"puklich chevrolet inc",1
2015,1,"purity product inc",1
2015,1,"purple heart services inc",1
2015,1,"pv holidng inc/non pgm",1
2015,1,"quakertown mitsubishi",1
2015,1,"quality auto wholesale llc",1
2015,1,"quality leasing",1
2015,1,"r k motors inc",1
2015,1,"r.k. belt & sons inc",1
2015,1,"rafael morales",1
2015,1,"rafferty subaru inc",1
2015,1,"rainbow motors",1
2015,1,"ramsey pontiac corp",1
2015,1,"ray brandt dodge chrysler jeep ram",1
2015,1,"rb leasing",1
2015,1,"rdr car truck van rentals",1
2015,1,"red 66 auto group",1
2015,1,"red line auto & tires corp",1
2015,1,"red tag center",1
2015,1,"redline motorsports inc.",1
2015,1,"regal motors",1
2015,1,"regional finance corp cincinnati",1
2015,1,"rehman auto sales",1
2015,1,"rehoboth beach motor cars",1
2015,1,"reliance leasing dba avis fargo",1
2015,1,"remarketing by ge/advantage financing",1
2015,1,"remarketing by ge/alliant credit union",1
2015,1,"remarketing by ge/arkansas federal credit union",1
2015,1,"remarketing by ge/arnie yusim leasing",1
2015,1,"remarketing by ge/arrowhead central credit union",1
2015,1,"remarketing by ge/astera credit union",1
2015,1,"remarketing by ge/buckeye state credit union",1
2015,1,"remarketing by ge/budget motor co",1
2015,1,"remarketing by ge/campus auto retail service",1
2015,1,"remarketing by ge/cardinal community cu inc.",1
2015,1,"remarketing by ge/carolina collegiate fcu",1
2015,1,"remarketing by ge/cawood auto",1
2015,1,"remarketing by ge/cox fleet",1
2015,1,"remarketing by ge/desert fleet finance",1
2015,1,"remarketing by ge/first commerce credit union",1
2015,1,"remarketing by ge/freedom fcu",1
2015,1,"remarketing by ge/heritage ford of indiana inc",1
2015,1,"remarketing by ge/jax fcu",1
2015,1,"remarketing by ge/jme services llc",1
2015,1,"remarketing by ge/linn co federal credit union",1
2015,1,"remarketing by ge/manheim atlanta",1
2015,1,"remarketing by ge/manheim digital marketplace",1
2015,1,"remarketing by ge/manheim ft. lauderdale",1
2015,1,"remarketing by ge/manheim northstar",1
2015,1,"remarketing by ge/manheim portland",1
2015,1,"remarketing by ge/manheim utah",1
2015,1,"remarketing by ge/michigan state university fcu",1
2015,1,"remarketing by ge/monterey credit union",1
2015,1,"remarketing by ge/power financial credit union",1
2015,1,"remarketing by ge/public service credit union",1
2015,1,"remarketing by ge/rock valley credit union",1
2015,1,"remarketing by ge/sound credit union",1
2015,1,"remarketing by ge/southern california financial",1
2015,1,"remarketing by ge/sunstate fcu",1
2015,1,"remarketing by ge/utah power credit union",1
2015,1,"remarketing by ge/vermont state emp credit union",1
2015,1,"remarketing by ge/vic canever chevrolet inc",1
2015,1,"remarketing by ge/yusim",1
2015,1,"remarketing by ge/zeal credit union",1
2015,1,"remktgedge/td bank",1
2015,1,"rent to own car rental",1
2015,1,"rental remarketing inc",1
2015,1,"repo remarketing / southwest airlines fcu",1
2015,1,"repo remarketing/bay fcu",1
2015,1,"repo remarketing/farmers insurance group fcu",1
2015,1,"repo remarketing/first american credit union",1
2015,1,"repo remarketing/first credit union",1
2015,1,"repo remarketing/hughes fcu",1
2015,1,"repo remarketing/o bee credit union",1
2015,1,"repo remarketing/pacific marine credit union",1
2015,1,"repo remarketing/prime way fcu",1
2015,1,"repo remarketing/sce federal credit union",1
2015,1,"repo remarketing/tucson old pueblo credit union",1
2015,1,"rexis financial llc",1
2015,1,"rhinelander honda",1
2015,1,"rhode auto sales",1
2015,1,"riceland motors inc",1
2015,1,"rich auto sales ltd",1
2015,1,"richardson motor corp",1
2015,1,"richfield bloomington mitsubishi",1
2015,1,"richfield rent a car",1
2015,1,"richmond bmw crown mini of richmond",1
2015,1,"richmond car & truck center",1
2015,1,"rick case cars inc",1
2015,1,"rick case hyundai inc",1
2015,1,"rick hendrick chevrolet",1
2015,1,"rick hendrick dodge chrysler jeep ram",1
2015,1,"rick hendrick jeep chrys dodge ram fiat",1
2015,1,"ride share systems llc/dba dollar rent a car",1
2015,1,"ridgeway auto sales inc",1
2015,1,"rikers auto financial",1
2015,1,"dupont community credit union",1
2015,1,"dyer mazda",1
2015,1,"e b autos",1
2015,1,"e j auto sales",1
2015,1,"e motor cars",1
2015,1,"eagle auto finance",1
2015,1,"ean holdings",1
2015,1,"east charlotte nissan",1
2015,1,"east end auto sales",1
2015,1,"easterns automotive group",1
2015,1,"eaton auto sales & leasing",1
2015,1,"ec cars",1
2015,1,echopark,1
2015,1,"ed morse honda",1
2015,1,"ed morse mazda lakeland",1
2015,1,"ed morse sawgrass auto mall",1
2015,1,"ed shults ford lincoln",1
2015,1,"ed stibgen auto sales",1
2015,1,"edd lindley auto sales",1
2015,1,"educational system fcu",1
2015,1,"edwards motor company inc",1
2015,1,"el mor chevrolet inc",1
2015,1,"elite auto group inc",1
2015,1,"elite motors",1
2015,1,"ellis brooks leasing inc",1
2015,1,"emich chevrolet",1
2015,1,"empire auto",1
2015,1,"encore motorcars of sarasota inc",1
2015,1,"energy fcu",1
2015,1,"engle road auto",1
2015,1,"englewood cadillac",1
2015,1,"enterprise fleet management inc",1
2015,1,"enterprise leasing company/merriam",1
2015,1,"enterprise rac/edmonton",1
2015,1,"enterprise rent a car/hyundai",1
2015,1,"er fleet and rental",1
2015,1,"erac vehicle holdings llc",1
2015,1,"erie community credit union",1
2015,1,"erie community federal credit union",1
2015,1,"ernst auto center inc",1
2015,1,"ernst toyota",1
2015,1,"erwin enterprises inc",1
2015,1,"euro coach auto net corp",1
2015,1,"euromotive llc",1
2015,1,"european motor sports inc",1
2015,1,"eurotake llc",1
2015,1,"everett nissan",1
2015,1,"evolve federal credit union",1
2015,1,"excalibur auto group inc",1
2015,1,"excel finance co/austin",1
2015,1,"exclusive motors",1
2015,1,"executive autorama",1
2015,1,"executive business wholesale",1
2015,1,"executive enterprises auto wholesale inc",1
2015,1,"exotic motoring group llc",1
2015,1,"extra credit union",1
2015,1,"extreme motors",1
2015,1,"ez dealer llc",1
2015,1,"f a m international inc",1
2015,1,"f c kerbeck & sons",1
2015,1,"fairchild wholesale",1
2015,1,"fairfield ford of williamsport",1
2015,1,"family auto sales and leasing llc",1
2015,1,"family toyota of burleson",1
2015,1,"fancher sales llc",1
2015,1,"fast title & finance inc",1
2015,1,"father & son 170 atlantic av car corp",1
2015,1,"faucett motors of boaz inc",1
2015,1,"faulkner ciocca chevrolet llc",1
2015,1,"faulkner ciocca ford",1
2015,1,"faulkner nissan",1
2015,1,"faulkner toyota",1
2015,1,"fayette honda",1
2015,1,"federal financial services inc/elkin",1
2015,1,"feeny chrysler jeep dodge inc",1
2015,1,"felix chevrolet & cadillac",1
2015,1,"felt & lukes llc",1
2015,1,"fiat of creve coeur",1
2015,1,"fiat of strongsville",1
2015,1,"fields motorcars orlando",1
2015,1,"financial one credit union",1
2015,1,"financial partners credit union",1
2015,1,"financial services remarketing (other aucs)",1
2015,1,"financial services remarketing/trade assets",1
2015,1,"findlay chevrolet",1
2015,1,"findlay lincoln mercury",1
2015,1,"finish line auto sales llc",1
2015,1,"firefighters first credit union",1
2015,1,"first america auto center",1
2015,1,"first bank florida",1
2015,1,"first cheyenne fcu",1
2015,1,"first credit",1
2015,1,"first financial credit union",1
2015,1,"first flight federal credit union",1
2015,1,"first interstate bank",1
2015,1,"first missouri credit union",1
2015,1,"first team hyu-nis-sub-vw auto mall",1
2015,1,"fiserv/citizens bank",1
2015,1,"fiserv/glen falls national bank and trust",1
2015,1,fiserv/snaac,1
2015,1,"five brothers auto sales inc",1
2015,1,"five star auto sales corp.",1
2015,1,"five star nissan of florence llc",1
2015,1,"fleet masters",1
2015,1,"fleet services inc",1
2015,1,"fleet systems inc",1
2015,1,"floorplan xpress llc",1
2015,1,"florida farm bureau casualty insurance company",1
2015,1,"flow companies of greensboro llc",1
2015,1,"flowers honda",1
2015,1,"fmgj inc",1
2015,1,"ford lincoln of queens preowned",1
2015,1,"ford motor company",1
2015,1,"ford of augusta",1
2015,1,"ford of port richey",1
2015,1,"foreign cars international llc",1
2015,1,"fort mill ford inc",1
2015,1,"foulke management corp",1
2015,1,"four way m & m llc",1
2015,1,"fox motors inc",1
2015,1,"frank boucher chevrolet inc",1
2015,1,"frank leta acura",1
2015,1,"franklin park lincoln inc",1
2015,1,"fred a groves motor company inc",1
2015,1,"fred beans nissan of doylestown",1
2015,1,"fred beans toyota of flemington",1
2015,1,"fred martin ford inc",1
2015,1,"frederick chev cad olds",1
2015,1,"free auto sales llc",1
2015,1,"freedom automotive group llc",1
2015,1,"freedom chrysler jeep dodge inc",1
2015,1,"freeman buick gmc",1
2015,1,"freeway chevrolet",1
2015,1,"fremont chevrolet",1
2015,1,"fremont volkswagen",1
2015,1,"friendly honda",1
2015,1,"frontier rental inc/dba dollar rent a car",1
2015,1,"frontline enterprises inc",1
2015,1,"ft worth community credit union",1
2015,1,"fuccillo nissan of latham",1
2015,1,"fuller auto sales",1
2015,1,"fusion motorsports",1
2015,1,"fuson automotive inc",1
2015,1,"future finance company inc/oak forest",1
2015,1,"g & g auto sales",1
2015,1,"g and m auto sales",1
2015,1,"g s auto sales inc",1
2015,1,"g&f autos inc",1
2015,1,"gainesville buick gmc",1
2015,1,"gainesville mitsubishi",1
2015,1,"gannett fleming inc",1
2015,1,"garys auto sales inc",1
2015,1,"gateway financial services",1
2015,1,"gecu credit union",1
2015,1,"gene latta ford inc",1
2015,1,"gene steffy ford llc",1
2015,1,"george yelland inc",1
2015,1,"georges auto sales",1
2015,1,"georgia's own credit union",1
2015,1,"germain bmw of naples",1
2015,1,"germain lexus of dublin",1
2015,1,"germain lexus of easton",1
2015,1,"get me done autosales",1
2015,1,"gettel gainesville inc",1
2015,1,"ghandour auto grp llc",1
2015,1,"gilboy volkswagen inc",1
2015,1,"gladstone mitsubishi",1
2015,1,"gm/avis rent a car",1
2015,1,"gmotorcars inc",1
2015,1,"go right auto group",1
2015,1,"godwin auto sales inc",1
2015,1,"gowolfe llc",1
2015,1,"grand motors inc",1
2015,1,"gray daniels nissan south",1
2015,1,"great lakes autosports llc",1
2015,1,"great lakes hyundai inc",1
2015,1,"greenwood remarketing",1
2015,1,"grm enterprises",1
2015,1,"grove city area fcu",1
2015,1,"gt motorsports llc",1
2015,1,"guardian rent a car inc",1
2015,1,"gunn acura",1
2015,1,"gunn buick- gmc ltd",1
2015,1,"gunners automotive center inc",1
2015,1,"gurley leep ford",1
2015,1,"gurley leep kia",1
2015,1,"h & h motors inc",1
2015,1,"haifaa export auto sales",1
2015,1,"haldeman ford inc",1
2015,1,"haldeman ford of hightstown llc",1
2015,1,"halfmoon trading corp",1
2015,1,"hamer toyota",1
2015,1,"hanesbrands credit union",1
2015,1,"hanover hyundai",1
2015,1,"hansen lease & rental inc",1
2015,1,"hardy automotive llc",1
2015,1,"harrison motors inc",1
2015,1,"harvard ford llc",1
2015,1,"harvester motors",1
2015,1,"harvey-ellis motors inc.",1
2015,1,"hatfield hyundai",1
2015,1,"hawaii usa fcu",1
2015,1,"headquarter honda",1
2015,1,"healthcare associates credit union",1
2015,1,"heffle motor company preowned vehicles",1
2015,1,"heim auto sales",1
2015,1,"heiser toyota",1
2015,1,"helm bank",1
2015,1,"henderson chevrolet company",1
2015,1,"hendrick acura overland park",1
2015,1,"hendrick lexus kansas city",1
2015,1,"hendrick nissan kansas city",1
2015,1,"hendrick toyota merriam",1
2015,1,"hendrick toyota scion north charleston",1
2015,1,"henry motors y/o oriental",1
2015,1,"heritage auto center inc",1
2015,1,"heritage buick gmc",1
2015,1,"heritage toyota",1
2015,1,"herman jenkins motors inc.",1
2015,1,"hertrich chevrolet dodge",1
2015,1,"hertrich toyota scion",1
2015,1,"hertz car exchange inc/dfw airport",1
2015,1,"heyer automotive",1
2015,1,"hg motor company llc",1
2015,1,"hi country buick gmc",1
2015,1,"hi country chevrolet inc",1
2015,1,"hi-end auto llc",1
2015,1,"hickam fcu",1
2015,1,"hidy honda",1
2015,1,"high country honda",1
2015,1,"high line auto inc",1
2015,1,"hiland toyota",1
2015,1,"hiley buick gmc",1
2015,1,"hiley mazda of hurst",1
2015,1,"hinsdale bank & trust",1
2015,1,"hmh rent a car inc",1
2015,1,"hodges imported cars inc",1
2015,1,"hoffman chevrolet inc",1
2015,1,"hoffman chrysler dodge",1
2015,1,"hoffman ford sales inc",1
2015,1,"home town auto sales",1
2015,1,"hometown motors inc",1
2015,1,"honda cars of rock hill",1
2015,1,"honda marysville",1
2015,1,"honda motorwerks",1
2015,1,"honda of chantilly",1
2015,1,"honda of concord",1
2015,1,"honda of marysville",1
2015,1,"honda of princeton",1
2015,1,"honda of santa maria",1
2015,1,"honda of santa monica",1
2015,1,"honda of superstition springs",1
2015,1,"honda on grand",1
2015,1,"honda west",1
2015,1,"hoovers used cars",1
2015,1,"hoss's auto sales",1
2015,1,"hotte automobile inc",1
2015,1,"houston fcu",1
2015,1,"hub city ford inc",1
2015,1,"huffines chrysler jeep dodge",1
2015,1,"huffines hyundai mckinney lp",1
2015,1,"hughes honda",1
2015,1,"humboldt chrysler-dodge-jeep inc.",1
2015,1,"hunt auto sales inc",1
2015,1,"huntington beach ford",1
2015,1,"huntington national bank",1
2015,1,"husker auto group llc",1
2015,1,"hyundai mtrs of morris ct inc",1
2015,1,"hyundai of la quinta",1
2015,1,"hyundai of louisville",1
2015,1,"hyundai of newport",1
2015,1,"hyundai of wichita inc",1
2015,1,"i 10 toyota",1
2015,1,"ichy auto sales",1
2015,1,"idaho central credit union",1
2015,1,"ideal credit union",1
2015,1,"ideal lease",1
2015,1,"illest motors",1
2015,1,"imperial chrysler dodge jeep corp",1
2015,1,"import exchange inc",1
2015,1,"import plus auto center inc",1
2015,1,"imports auto sales inc",1
2015,1,"independent auto brokers",1
2015,1,"infiniti of dayton",1
2015,1,"infiniti of norwood",1
2015,1,"infiniti of omaha",1
2015,1,"infiniti of tampa",1
2015,1,"infiniti of van nuys",1
2015,1,"ingram motor sales",1
2015,1,"inland chevrolet",1
2015,1,"integrity auto sales inc",1
2015,1,"integrity motor sales inc",1
2015,1,"intermountain auto sales",1
2015,1,"intermountain coach lease inc",1
2015,1,"interstate motors",1
2015,1,"inver grove honda",1
2015,1,"island lincoln mercury inc",1
2015,1,"j & m wholesale inc",1
2015,1,"j & r car and truck center llc",1
2015,1,"j and s motor cars",1
2015,1,"j f r & associates inc",1
2015,1,"j r autobroker",1
2015,1,"jack f hyde auto brokers",1
2015,1,"jack schmitt cadillac oldsmobile inc",1
2015,1,"jaguar annapolis",1
2015,1,"jaguar jacksonville",1
2015,1,"jaguar land rover cerritos",1
2015,1,"jaguar porsche volvo of greenville",1
2015,1,"jake group",1
2015,1,"jakes auto exchange",1
2015,1,jakmax,1
2015,1,"jansens auto sales",1
2015,1,"jay honda",1
2015,1,"jay wolfe toyota scion",1
2015,1,"jba motors llc",1
2015,1,"jeep chrysler of ontario",1
2015,1,"jeff gordon chevrolet",1
2015,1,"jefferson leasing",1
2015,1,"jenkins acura",1
2015,1,"jerrys toyota inc",1
2015,1,"jessup cad buick pont gmc saab hummer chev",1
2015,1,"jim marsh mitsubishi suzuki kia",1
2015,1,"jim peplinski leasing",1
2015,1,"jimmy vasser toyota",1
2015,1,"jl auto sales corp",1
2015,1,"jm & lf inc",1
2015,1,"jmb auto sales",1
2015,1,"jmc auto brokers inc",1
2015,1,"jmj motors inc",1
2015,1,"jnb motor inc",1
2015,1,"joe ball gmc",1
2015,1,"joe ball pontiac gmc commercial trucks",1
2015,1,"joe hall used cars inc",1
2015,1,"john jones chevrolet buick of scottsburg inc",1
2015,1,"john megel motors",1
2015,1,"johns hopkins fcu",1
2015,1,"jonathan motor cars inc",1
2015,1,"jordan automotive inc",1
2015,1,"jordan motors inc",1
2015,1,"jt's car sales llc",1
2015,1,"justbettercars com inc",1
2015,1,"k a dealer",1
2015,1,"k and j auto exchange",1
2015,1,"k d kelley auto sales",1
2015,1,"kar motors inc",1
2015,1,"karl malone chrysler dodge jeep ram",1
2015,1,"karlas kars auto sales",1
2015,1,"karlee's auto inc",1
2015,1,"karmart chrysler jeep dodge",1
2015,1,"kars incorporated",1
2015,1,"karz direct inc",1
2015,1,"katy kars",1
2015,1,"kawo int'l inc",1
2015,1,"kei cars",1
2015,1,"keller bros dodge",1
2015,1,"keller chevrolet inc",1
2015,1,"kellie auto sales inc",1
2015,1,"kemba credit union",1
2015,1,"ken camp's auto world inc",1
2015,1,"ken garff motors",1
2015,1,"ken peterson sales & leasing",1
2015,1,"kennedy sales and leasing",1
2015,1,"kennys auto group inc",1
2015,1,"kentucky telco fcu",1
2015,1,"key finance",1
2015,1,"key west auto inc",1
2015,1,"kia de lasalle",1
2015,1,"kia matane",1
2015,1,"kia of alhambra",1
2015,1,"kia of bedford",1
2015,1,"kia of brooklyn park",1
2015,1,"kia of dayton",1
2015,1,"king brothers used cars",1
2015,1,"king is back inc",1
2015,1,"king motors llc",1
2015,1,"kingman honda",1
2015,1,"kings fiat",1
2015,1,"kinney motors ltd",1
2015,1,"kip killmon ford",1
2015,1,"klute truck equipment",1
2015,1,"koons silver spring ford lincoln",1
2015,1,"kpm auto brokers inc",1
2015,1,"ks motor group llc",1
2015,1,"kuni lexus of greenwood village",1
2015,1,"l k auto sales inc",1
2015,1,"la capitol fcu",1
2015,1,"la costa auto sales",1
2015,1,"la roca auto sales inc",1
2015,1,"la terre federal credit union",1
2015,1,"laclede family savings credit union",1
2015,1,"laguer auto sales",1
2015,1,"laird noller ford inc",1
2015,1,"lake chevrolet",1
2015,1,"lake nissan sales inc",1
2015,1,"lakefront auto sales inc",1
2015,1,"lakeshore chrysler dodge jeep ram of picayune",1
2015,1,"lancaster honda",1
2015,1,"lance inc buick pontiac gmc",1
2015,1,"land rover birmingham",1
2015,1,"land rover encino",1
2015,1,"land rover jaguar louisville",1
2015,1,"land rover knoxville llc",1
2015,1,"land rover of reno",1
2015,1,"land rover orlando",1
2015,1,"land rover san jose",1
2015,1,"landers mclarty chevrolet",1
2015,1,"landmark auto inc",1
2015,1,"landstreet auto solutions llc",1
2015,1,"lansdale chrysler dodge jeep ram",1
2015,1,"laporte chry ply dod inc",1
2015,1,"lariche toyota subaru inc",1
2015,1,"larry h miller chrysler jeep avondale",1
2015,1,"larry h miller chrysler jeep dodge ram sandy",1
2015,1,"larry h miller chrysler jeep tucson",1
2015,1,"larson chrysler jeep dodge",1
2015,1,"larson motors inc.",1
2015,1,"las vegas auto sports",1
2015,1,"las vegas motor company",1
2015,1,"lasco ford inc",1
2015,1,"last stop motors inc",1
2015,1,"lauderdale mini",1
2015,1,"laurel bmw of westmont",1
2015,1,"law auto group inc",1
2015,1,"lease & rental management",1
2015,1,"lease master inc",1
2015,1,"lease plan/fig leasing co",1
2015,1,leaseway,1
2015,1,"lee chevrolet buick",1
2015,1,"lee chrysler dodge jeep ram",1
2015,1,"lee ford lincoln",1
2015,1,"leesburg volkswagen",1
2015,1,"lehman buick gmc llc",1
2015,1,"lejeune honda cars",1
2015,1,"lenders assistance corp/fisher auto sales",1
2015,1,"les wenning motors inc",1
2015,1,"leto auto exchange",1
2015,1,"lextechs of atlanta",1
2015,1,"lexus el cajon",1
2015,1,"lexus north shore",1
2015,1,"lexus of brookfield",1
2015,1,"lexus of edmonton",1
2015,1,"lexus of greenville",1
2015,1,"lexus of louisville",1
2015,1,"lexus of omaha",1
2015,1,"lexus of orange park",1
2015,1,"lexus of serramonte",1
2015,1,"lexus of south atlanta",1
2015,1,"lexus of toledo",1
2015,1,"lexus of watertown",1
2015,1,"lexus of woodland hills",1
2015,1,"lhm fleet lease",1
2015,1,"liberal auto",1
2015,1,"liberty fleet and rental",1
2015,1,"lifetime auto sales and service inc",1
2015,1,"lighthouse acceptance corp",1
2015,1,"lightning auto group llc",1
2015,1,"like new autos llc",1
2015,1,"lilliston ford inc",1
2015,1,"lipton toyota",1
2015,1,"lithia nissan of fresno",1
2015,1,"lithia toyota of abilene",1
2015,1,"livermore toyota and livermore scion",1
2015,1,"lmg auto brokers llc",1
2015,2,"the hertz corporation",8685
2015,2,"nissan-infiniti lt",6206
2015,2,"ford motor credit company llc",5075
2015,2,"avis corporation",2863
2015,2,"nissan infiniti lt",2786
2015,2,"hyundai motor finance",2460
2015,2,"financial services remarketing (lease)",2231
2015,2,"mercedes-benz financial services",1673
2015,2,"chrysler capital",1615
2015,2,"dtg operations inc",1576
2015,2,"avis budget group",1497
2015,2,"enterprise veh exchange/rental",1474
2015,2,"toyota financial services",1379
2015,2,"ahfc/honda lease trust/hvt inc. eot",1237
2015,2,"world omni financial corporation",1112
2015,2,"gm remarketing",1107
2015,2,"lexus financial services",1099
2015,2,"kia motors america inc",1077
2015,2,"santander consumer",1072
2015,2,"lease plan usa",1039
2015,2,"ge fleet services for itself/servicer",948
2015,2,"tdaf remarketing",933
2015,2,u-haul,925
2015,2,"nissan motor acceptance corporation",921
2015,2,"kia motors finance",895
2015,2,"vw credit",888
2015,2,"ford motor credit company llc pd",844
2015,2,"fca canada inc",793
2015,2,"jpmorgan chase bank n.a.",772
2015,2,"wheels exchange llc",770
2015,2,"ars/avis budget group",769
2015,2,"hertz corporation/gdp",731
2015,2,"r hollenshead auto sales inc",719
2015,2,"gm financial",697
2015,2,"nissan north america inc.",684
2015,2,"ford motor credit company",676
2015,2,"toyota motor sales usa inc/program",653
2015,2,"fiserv/usb dealer services northstar exchange",555
2015,2,"enterprise vehicle exchange / tra / rental / tulsa",496
2015,2,"wells fargo dealer services",421
2015,2,"ars/ford-lincoln dealer program",388
2015,2,"gm financial leasing",373
2015,2,"bmw mini financial services",355
2015,2,"pv holding inc/gdp",351
2015,2,"adcock brothers inc",323
2015,2,"wholesale inc # 2",322
2015,2,"ahfc/honda lease trust/hvt inc.",321
2015,2,"subaru of america",299
2015,2,"ford-lincoln dealer program",295
2015,2,"meridian remarketing",261
2015,2,"capital one auto finance",260
2015,2,"ahfc/honda lease/trust/hvt inc. eot acuras",245
2015,2,"fca us llc",245
2015,2,"automobiles paille inc",239
2015,2,ari,228
2015,2,"bmw north america greer",228
2015,2,"donlen corporation",215
2015,2,"infiniti financial services",215
2015,2,"hertz car exchange inc/oklahoma city",214
2015,2,ars/enterprise,206
2015,2,"td auto finance",202
2015,2,"kevins marysville auto sales inc",188
2015,2,ally,185
2015,2,"vw credit prequalified",184
2015,2,hertz/tra,178
2015,2,"mercedes-benz finc wholesale advantage",174
2015,2,"porsche financial services",172
2015,2,"high bid trading co inc",167
2015,2,"exeter finance corp",163
2015,2,"volvo na rep/world omni",162
2015,2,"sullivan auto group llc",160
2015,2,"enterprise vehicle exchange/orange",157
2015,2,"bmw na manheim new jersey",141
2015,2,"music city autoplex llc",140
2015,2,"pro financial inc",140
2015,2,"oriental bank",138
2015,2,"hann financial services",137
2015,2,"hopper motorplex inc",135
2015,2,"u-haul technical center",132
2015,2,"hyundai of new port richey",129
2015,2,"larry hudson chevrolet buick gmc inc",129
2015,2,"enterprise holdings/gdp",124
2015,2,"enterprise vehicle exchange/davenport",122
2015,2,"young motors llc",117
2015,2,"sixt rent a car llc",116
2015,2,"hyundai motor america/co car",115
2015,2,"vw credit inc",111
2015,2,"us bank",109
2015,2,"nissan marshlling",107
2015,2,"stratford hyundai",106
2015,2,"regional acceptance corporation / greenville",103
2015,2,"remarketing by ge/flagship credit acceptance",103
2015,2,"ez rent a car inc",102
2015,2,"the collection",101
2015,2,"avis rac/san leandro",100
2015,2,"vw credit inc/pilot",97
2015,2,"consolidated asset recovery systems inc.",96
2015,2,"mercedes-benz usa",96
2015,2,"dollar thrifty automotive group",94
2015,2,"mmca inc",91
2015,2,"u-haul international",91
2015,2,"midtown motors",89
2015,2,"enterprise fleet management exchange",89
2015,2,"unique autos",88
2015,2,"braman motors",87
2015,2,"general american rentals",84
2015,2,"all car leasing inc",82
2015,2,"braman motorcars",81
2015,2,"lexus of pembroke pines",78
2015,2,"bmw alphera/alphera financial services",77
2015,2,"xcar inc",77
2015,2,"mike albert limited",77
2015,2,"citiwide auto leasing",73
2015,2,"dollar thrifty auto group",72
2015,2,"prestige audi",72
2015,2,"florida auto financial group",72
2015,2,"sutton ford/ge",72
2015,2,"bank of america",70
2015,2,"dollar rac/seattle",69
2015,2,"alans autos",68
2015,2,"ec sales llc",65
2015,2,"t & k enterprises of mt airy inc",64
2015,2,"vpsi inc",64
2015,2,"fox rent a car",63
2015,2,"honda of america manufacturing",63
2015,2,"advantage chevrolet/ge",63
2015,2,"braman honda of palm beach",61
2015,2,"fiserv/crescent bank & trust",61
2015,2,"select lane",60
2015,2,"bmw north america",59
2015,2,"fields bmw",57
2015,2,"prestige chrysler jeep dodge",57
2015,2,"skyhigh remarketing inc",57
2015,2,"volvo car financial service/world omni",56
2015,2,"financial services remarketing/rail cars",56
2015,2,"ford motor company of canada",55
2015,2,"barco rent a truck",55
2015,2,"manheim imports",55
2015,2,"northwestern chrys/j/d/ge",55
2015,2,"pauley motor car co preowned vehicles llc",55
2015,2,"jm lexus",54
2015,2,"zimmerman auto brokers inc",54
2015,2,"honda r&d americas inc",53
2015,2,"pm standley motorcars",53
2015,2,"cm investments",53
2015,2,"budget rac of atlanta",52
2015,2,"dt credit corporation",52
2015,2,"jim ellis",52
2015,2,"suntrust bank",52
2015,2,"toyota financial services/avis budget group-open",52
2015,2,"mid city mcandrew motors",52
2015,2,"onesource/kendall toyota",51
2015,2,"ars/budget rac of atlanta",51
2015,2,"bmw north america raa",50
2015,2,"usautoland inc",50
2015,2,"hyundai motor america",49
2015,2,"carworks inc",49
2015,2,"innovative auto llc",48
2015,2,"lauderdale imports ltd bmw pembrok pines",48
2015,2,"emkay inc",47
2015,2,"primeritus remarketing/compass bank",47
2015,2,"budget rent a car/kansas city funding llc",47
2015,2,"crb auto finance",47
2015,2,"d&a fine cars",47
2015,2,"charles & son auto sls inc",46
2015,2,"fiserv/citizens one auto finance",46
2015,2,"t & s motors",46
2015,2,"northway ford lincoln",46
2015,2,"ricks auto marketing center south",45
2015,2,"fairway ford henderson",45
2015,2,"excell auto center",44
2015,2,"fifth third bank",44
2015,2,"lester glenn buick",44
2015,2,"motor trade",43
2015,2,"remarketing by ge/west financial acceptance",42
2015,2,"bmw mini north america",42
2015,2,"wichita falls ford lin inc",42
2015,2,"overland west",41
2015,2,"right toyota",41
2015,2,"enterprise vehicle exchange-non pgm/orlando",41
2015,2,"automotive solutions inc",41
2015,2,"cameron motor sports",41
2015,2,"chapman chry jeep",40
2015,2,"coral springs honda",40
2015,2,"remarketing by ge/manheim pennsylvania",40
2015,2,"rlb investments",40
2015,2,"texas auto brokers",40
2015,2,"fiserv/global lending services",40
2015,2,"lexus of north miami",40
2015,2,"enterprise vehicle exchange/non program",39
2015,2,"exceptional motorcar llc",39
2015,2,"grace motors",39
2015,2,"new look enterprises inc",39
2015,2,"canadian road leasing co & ford credit canda ltd",39
2015,2,"first investors servicing corp",38
2015,2,"hertz damaged liquidation",38
2015,2,"sports car leasing",38
2015,2,"royal rent a car",37
2015,2,"smith haven chrysler jeep dodge",37
2015,2,"american bank auto liquidators",37
2015,2,"dtag tra",37
2015,2,"regional acceptance corporation / greensboro",37
2015,2,"prestige financial services",36
2015,2,"remarketing by ge/larry h miller-fleet lease",36
2015,2,"rental car finance corp/(pen)",36
2015,2,"arg inc",36
2015,2,"westlake financial services",36
2015,2,"gateway one lending & finance",36
2015,2,"gm/enterprise vehicle exchange",36
2015,2,"aaero sweet corporation",35
2015,2,"consumer portfolio services",35
2015,2,"malco enterprise of nevada/dba budget",35
2015,2,"mercedes benz of buckhead",35
2015,2,"merchants automotive group",35
2015,2,"onesource/toyota of hollywood",35
2015,2,"toyota credit de puerto rico",35
2015,2,"westfall auto sales",35
2015,2,"toyota financial services/tmct",34
2015,2,"datura auto sales and rentals",34
2015,2,"onesource/southwest remarketing",34
2015,2,"pnc bank national association",34
2015,2,"remarketing by ge/fusion auto finance llc",33
2015,2,"mike albert fleet solutions",32
2015,2,"scotiabank de puerto rico",32
2015,2,financialinx,32
2015,2,"bmw group financial services canada",32
2015,2,"don's wholesale llc",31
2015,2,"tsj auto brokers inc",31
2015,2,"marple fleet leasing",31
2015,2,"mazda of wesley chapel",31
2015,2,"medlin buick gmc mazda",31
2015,2,"remarketing by ge/the credit union loan source",31
2015,2,earnhardt,31
2015,2,"economy rent a car & sales inc",31
2015,2,"fca us/hertz/pv holding",31
2015,2,"hyundai buybacks",31
2015,2,"jenkins hyundai",31
2015,2,"kern automotive group inc",31
2015,2,"lauderdale bmw of fort lauderdale",31
2015,2,"emkay canada leasing corp",30
2015,2,"stratton auto sales inc",30
2015,2,"ambar motors inc",30
2015,2,"auto mall 59",30
2015,2,"multi auto trading inc",30
2015,2,"remktgedge / cars / carfinance capital llc",29
2015,2,ecars,29
2015,2,ars-cpo,29
2015,2,"auto focus inc",29
2015,2,"bob's rentals inc/avis systems licensee",29
2015,2,"d&m leasing",29
2015,2,"don davis nissan inc",29
2015,2,"central florida auto gallery inc",28
2015,2,"remarketing by ge/space coast credit union",28
2015,2,"hacienda ford",28
2015,2,"hoehn motors inc",28
2015,2,"enterprise vehicle exchange/franklin",27
2015,2,enterprise-tra,27
2015,2,enterprise/ars,27
2015,2,"fiserv/regions bank",27
2015,2,"gnm auto sales inc",27
2015,2,"ars/thrifty car rental/greer",27
2015,2,"avis rent a car/barbush rentals",27
2015,2,"daniel thomas sales",27
2015,2,"toyota motor sales usa inc",27
2015,2,"runde chevrolet inc",26
2015,2,"towbin dodge",26
2015,2,"certified preowned ford&lincoln/mercury dlr unit",26
2015,2,"ge fleet or gefs by apex fleet as agent",26
2015,2,"merchants leasing",26
2015,2,"precision kia of wesley chapel",26
2015,2,"remarketing by ge/summit financial corp",26
2015,2,"mazda motors of america inc.",25
2015,2,"mitsubishi north america",25
2015,2,"mercedes-benz/hertz wholesale advantage",24
2015,2,"par north america",24
2015,2,"primeritus remarketing/crescent bank & trust",24
2015,2,"remarketing by ge/suntrust bank",24
2015,2,"american road leasing inc",24
2015,2,"best auto wholesale",24
2015,2,"budget of omaha/ars",24
2015,2,"congers auto sales inc",24
2015,2,"credit acceptance corp/vrs/southfield",24
2015,2,"royal coast auto inc",24
2015,2,"universal nissan",24
2015,2,"wheat country motors",24
2015,2,"enterprise rent a car",24
2015,2,"fusion auto finance llc",24
2015,2,"firkins chrysler jeep dodge",23
2015,2,"firkins nissan",23
2015,2,"galyen leasing inc",23
2015,2,"hertz remarketing",23
2015,2,"lawler motor sports inc",23
2015,2,"aaa car rental inc",23
2015,2,"ars/budget rac of memphis",23
2015,2,"audi pembroke pines",23
2015,2,"aviscar inc ator",23
2015,2,"budget rent a car/atlanta",23
2015,2,"cenizo financial corporation inc",23
2015,2,"north york chrysler jeep dodge ram fiat",23
2015,2,"randy ford inc",23
2015,2,"woodhouse ford inc",23
2015,2,"924 auto corp",22
2015,2,autobuy,22
2015,2,"bmw of mount laurel",22
2015,2,"cire leasing",22
2015,2,"commonwealth audi volkswagen",22
2015,2,"enterprise vehicle exchange / tra / birmingham",22
2015,2,"j magnone auto group llc",22
2015,2,"east coast honda",21
2015,2,"enterprise vehicle exchange/montgomery",21
2015,2,"findlay kia",21
2015,2,"advantage opco llc",21
2015,2,"brac of salt lake city",21
2015,2,"courtesy kia mitsubishi",21
2015,2,"dm northwest inc",21
2015,2,"dtg operations",21
2015,2,"the auto connection",21
2015,2,"volkswagen credit inc/sc",21
2015,2,"mercedes benz of wilmington",21
2015,2,"lokey motor company",20
2015,2,"remarketing by ge/nextgear capital",20
2015,2,"remarketing of america",20
2015,2,"ahfc/honda lease trust/hvt inc acuras",20
2015,2,"all state motor inc",20
2015,2,"capps rent a car",20
2015,2,"central florida chrysler jeep dodge",20
2015,2,"chapman corporate wholesale",20
2015,2,"donlen exchange services inc",20
2015,2,"enterprise fm exchange/lease",20
2015,2,"enterprise vehicle exchange/wayne",20
2015,2,"fidelity bank",20
2015,2,"schumacher auto group inc",20
2015,2,"vw credit xu ready",20
2015,2,"walters auto sales/service inc",20
2015,2,"toyota motor sales usa inc/buyback/lexus",19
2015,2,"toyota of orlando",19
2015,2,vroom,19
2015,2,"web auto special inc",19
2015,2,"bank of the west",19
2015,2,"c & j rental",19
2015,2,"car and truck rentals",19
2015,2,"dab auto world & leasing",19
2015,2,"dollar thrifty damage liquidation",19
2015,2,"nil les auto sales inc",19
2015,2,"reliance motors llc",19
2015,2,"repo depo",19
2015,2,"right honda",19
2015,2,"fiserv/security national automotive accept corp",19
2015,2,"flag/reeves import motorca",19
2015,2,"gmt auto sales inc",19
2015,2,"fleet lease remarketing",18
2015,2,"flexco fleet services",18
2015,2,"grow financial fcu",18
2015,2,"hinton chevrolet buick inc",18
2015,2,"j zap llc",18
2015,2,"las vegas motorcars llc",18
2015,2,"lease plan advantage",18
2015,2,"american auto brokers inc",18
2015,2,"ars/enterprise vehicle exchange/coconut creek",18
2015,2,"autosport usa",18
2015,2,"bb&t asset disposal",18
2015,2,"c&f finance company",18
2015,2,"coral cadillac inc",18
2015,2,"southeastern auto brokers inc",18
2015,2,"suzuki of newmarket",18
2015,2,"nissan dealer blend/united nissan",18
2015,2,"paul motor company",18
2015,2,"pv holidng inc/non pgm",18
2015,2,"regional acceptance corporation / winterville",18
2015,2,"remarketing by ge/manheim riverside",18
2015,2,"manheim new jersey",17
2015,2,"midwestern wheels inc",17
2015,2,"onesource/savannah toyota scion",17
2015,2,"reedman toll auto world",17
2015,2,"remarketing by ge/xpress rent a car",17
2015,2,"automotive solutions llc",17
2015,2,"bmw of riverside",17
2015,2,"cat wholesale llc",17
2015,2,"deluca toyota",17
2015,2,"desert european motorcars",17
2015,2,"elder ford of tampa",17
2015,2,"fox rent a car tra",17
2015,2,"u-haul fleet sales",17
2015,2,"town & country motors",16
2015,2,"ars/enterprise rac",16
2015,2,"auto depot of orlando inc",16
2015,2,"auto trakk llc",16
2015,2,"bergen auto enterprises llc",16
2015,2,"bul connections llc",16
2015,2,"central florida educators fcu",16
2015,2,"manheim dallas",16
2015,2,"midway hfc fleet/ars",16
2015,2,"mitsubishi motors of america",16
2015,2,"moon valley used cars inc",16
2015,2,"nissan technical center",16
2015,2,"onesource/mega auto group inc",16
2015,2,"premium auto wholesale",16
2015,2,"remarketing by ge/michigan schools & govt cu",16
2015,2,"enterprise fm trust",16
2015,2,"express car & truck rental",16
2015,2,"henderson chevrolet company",16
2015,2,"hyundai motor america/lease",16
2015,2,"johnson lexus of raleigh",16
2015,2,"ferco motors corp",15
2015,2,"fleet street remarketing llc",15
2015,2,"foursight capital llc",15
2015,2,"germain bmw of naples",15
2015,2,"henderson hyundai superstore",15
2015,2,"jim pattison lease",15
2015,2,"kc landsmen ars",15
2015,2,"landers mclarty dge chry jeep",15
2015,2,"159191 canada inc",15
2015,2,"adk auto brokers inc",15
2015,2,"andrew thomas motorcars",15
2015,2,ars/uhaul,15
2015,2,"auto sails inc",15
2015,2,"bmw of manhattan inc",15
2015,2,"brunson auto sales",15
2015,2,"budget rent a car/salt lake city",15
2015,2,"carriage traders",15
2015,2,"robert larson's hyundai",15
2015,2,"superior automotive sales i",15
2015,2,"universal motors of miami inc",15
2015,2,"melvin g rhoades auto sales llc",15
2015,2,"mercedes benz of temecula",15
2015,2,"napleton's palm beach acura",15
2015,2,"ocean honda",15
2015,2,"onesource/hendrick toy scion of n charleston",15
2015,2,"m and t bank",14
2015,2,"m l sim",14
2015,2,"metro ford inc",14
2015,2,"ars/budget of omaha",14
2015,2,"audi san diego",14
2015,2,"california auto wholesale",14
2015,2,"car city inc",14
2015,2,"car rentals inc",14
2015,2,"easy car leasing llc dba brac of birmingham",14
2015,2,"expert auto group inc",14
2015,2,"flag/capital eurocars inc",14
2015,2,"knauz continental autos inc",14
2015,2,"rusnak westlake audi",14
2015,2,"usaa fleet",14
2015,2,"wetzel honda",14
2015,2,"robert ss auto sales inc",13
2015,2,"selig leasing co inc",13
2015,2,"southgate capital llc",13
2015,2,"the auto group collection inc",13
2015,2,"toyota of hollywood",13
2015,2,"acura of las vegas",13
2015,2,"blue knob auto sales inc",13
2015,2,"ciscon llc",13
2015,2,"dodge of paramus inc",13
2015,2,"mercedes benz of chicago",13
2015,2,"milham ford toyota scion",13
2015,2,"napletons north palm auto park inc",13
2015,2,"northeast leasing",13
2015,2,"planet nissan",13
2015,2,"premium cars wholesale ltd",13
2015,2,"primeritus remarketing/coastal fcu",13
2015,2,"r m hollenshead auto sales inc",13
2015,2,"remarketing by ge/bwas",13
2015,2,"remarketing by ge/sixrentals corp",13
2015,2,"repo remarketing/vantage west credit union",13
2015,2,"financial services remarketing (repos)",13
2015,2,"flag/ald motors inc",13
2015,2,"germain honda of naples",13
2015,2,"germain toyota of sarasota",13
2015,2,"hertz car exchange inc/alexandria",13
2015,2,"j mark martin auto sales llc",13
2015,2,"jack pfister autos",13
2015,2,"kelley buick gmc inc",13
2015,2,"lancaster car company llc",13
2015,2,"larson motors inc.",13
2015,2,"ed morse auto plaza",12
2015,2,"enterprise vehicle exchange/ars/coconut creek",12
2015,2,"falcon autohaus inc",12
2015,2,"go auto outlet west",12
2015,2,"harold mathews nissan inc",12
2015,2,"hawthorne auto sales co",12
2015,2,"jaguar north america llc",12
2015,2,"jim butler auto plaza",12
2015,2,"jones dealerships inc",12
2015,2,"kendall hyundai",12
2015,2,"kentland car co inc",12
2015,2,"kia motors america inc/company cars",12
2015,2,"land rover palm beach",12
2015,2,"ars/express car and truck rental inc",12
2015,2,"ars/kc landsmen",12
2015,2,"bellco fcu",12
2015,2,"brac of wichita - wichita landsman",12
2015,2,"brickell honda buick & gmc",12
2015,2,"c & k auto imports south inc",12
2015,2,"centennial toyota & scion",12
2015,2,"culver city honda",12
2015,2,"culver city volvo",12
2015,2,"david mcdavid ford ft.worth",12
2015,2,"desert auto trade",12
2015,2,"dublin cadillac nissan & gmc",12
2015,2,"rjk auto brokers llc",12
2015,2,"route one corporation",12
2015,2,"scerbo auto leasing inc",12
2015,2,"tidewater motor credit",12
2015,2,"tyson motor corporation",12
2015,2,"union leasing exchange llc",12
2015,2,"wayne auto sales inc",12
2015,2,"mercedes benz of tampa",12
2015,2,"metro wholesale outlet inc",12
2015,2,"navy fcu",12
2015,2,"northeast auto marketing",12
2015,2,"parkway ford lincoln",12
2015,2,"phillips auto brokerage",12
2015,2,"pohanka lexus",12
2015,2,"port charlotte honda",12
2015,2,"primeritus remarketing/mag interests",12
2015,2,"remarketing by ge/tmt auto wholesale inc",12
2015,2,"richard j bartlett jr enterprises",12
2015,2,"luxury motor car company",11
2015,2,"mckenna volkswagen",11
2015,2,"mossy nissan oceanside",11
2015,2,"platinum motor cars",11
2015,2,"premier remarketing llc",11
2015,2,"ally smartlane dealers",11
2015,2,"ars/easy car leasing llc dba brac of birmingham",11
2015,2,"autolenders liquidation center",11
2015,2,"bill pearce courtesy honda",11
2015,2,"budget rent a car/omaha",11
2015,2,"carl black chevrolet buick gmc",11
2015,2,"david wilsons toyota of las vegas",11
2015,2,"dt inventory",11
2015,2,"dubois & freres ltd",11
2015,2,"ebenzz motors",11
2015,2,"ec sales company",11
2015,2,"fenton auto sales",11
2015,2,"ford motor company of canada limited",11
2015,2,"gaudin motor co",11
2015,2,"ge capital fleet services",11
2015,2,"gte fcu",11
2015,2,"hornburg jaguar",11
2015,2,"jackson ford inc",11
2015,2,"kilpatrick chevrolet inc",11
2015,2,"land rover north america llc",11
2015,2,"robert preussler motors llc",11
2015,2,"safford chrysler jeep dodge of fredericksburg",11
2015,2,"salerno duane infiniti llc",11
2015,2,"sioux city ford lincoln mercury",11
2015,2,"subaru of pembroke pines",11
2015,2,"toyota motor sales usa inc/buyback",11
2015,2,"robinson buick gmc ltd",10
2015,2,"sac fcu",10
2015,2,"stream llc dba stream remarketing solutions",10
2015,2,"sun coast fleet services",10
2015,2,"tony domiano auto dealerships inc",10
2015,2,"toyota motor sales/lexus",10
2015,2,"advancial fcu",10
2015,2,"auto select inc",10
2015,2,"bmw north scottsdale",10
2015,2,"brandywine motor cars inc",10
2015,2,"byers car rentals llc",10
2015,2,"canadian auto remarketing",10
2015,2,"chrysler canada inc",10
2015,2,"corpat exchange llc",10
2015,2,"driscoll motors",10
2015,2,"manheim atlanta",10
2015,2,"metro toyota",10
2015,2,"mitsubishi motors north america company cars",10
2015,2,"momentum motorcars",10
2015,2,"navy federal credit union",10
2015,2,"newport lexus",10
2015,2,"nextgear capital",10
2015,2,"onesource/sand mountain toyota",10
2015,2,"primeritus remarketing/cook leasing inc",10
2015,2,"reeves import motorcars inc",10
2015,2,"reliable financial services inc",10
2015,2,"remarketing by ge/eurosport auto",10
2015,2,"rick hendrick chevrolet of buford",10
2015,2,"eckley auto brokers inc",10
2015,2,"edward colosimo auto sales",10
2015,2,"fiserv/citizens auto finance",10
2015,2,"fiserv/crescent ida",10
2015,2,"fiserv/dealer funding llc",10
2015,2,"fleetway leasing company",10
2015,2,"ford credit canada limited",10
2015,2,"frankfort toyota",10
2015,2,"graham motor co",10
2015,2,"holman honda of fort lauderdale",10
2015,2,"honda of pasadena",10
2015,2,"joe myers toyota",10
2015,2,"jr's auto city inc",10
2015,2,"kapitolia auto llc",10
2015,2,"kline leasing",10
2015,2,"lipton toyota",10
2015,2,"enterprise rent a car/ars",9
2015,2,"ez rent a car/orlando",9
2015,2,"first light fcu",9
2015,2,"glendale chrysler jeep dodge ram",9
2015,2,"gregg young chevrolet inc.",9
2015,2,"hiley mazda of hurst",9
2015,2,"holman automotive grp inc",9
2015,2,"honda of ocala",9
2015,2,"humberview chevrolet",9
2015,2,"international motor sports inc",9
2015,2,"king hyundai",9
2015,2,"lauderdale mini",9
2015,2,"lease plan/sutton ford",9
2015,2,"lenders assistance corporation",9
2015,2,"alternative enterprises inc",9
2015,2,"american honda motor company",9
2015,2,"audi north scottsdale",9
2015,2,"audi valencia",9
2015,2,"autodome ltd",9
2015,2,"basney honda",9
2015,2,"bay ridge honda suzuki kia",9
2015,2,"bev smith toyota",9
2015,2,"bill luke chrysler jeep and dodge inc",9
2015,2,"bmw of towson",9
2015,2,"brandon mitsubishi",9
2015,2,"brandywine chrysler jeep dodge",9
2015,2,"bright star credit union",9
2015,2,"budget rac of memphis",9
2015,2,"capps van & car rental",9
2015,2,"centerpoint auto exchange llc",9
2015,2,"chapman performance autos llc",9
2015,2,"dcm sales ltd",9
2015,2,"riverton elko chevrolet buick gmc cadillac",9
2015,2,"sonju two harbors llc",9
2015,2,"summer enterprises of miami inc",9
2015,2,"symbolic motor cars",9
2015,2,"texas direct auto",9
2015,2,"the bancorp bank",9
2015,2,"the car exchange",9
2015,2,"toyota of kirkland",9
2015,2,"trade in solutions irvine",9
2015,2,"vci/audi of downtown la",9
2015,2,"wilde chrysler jeep dodge",9
2015,2,"lujacks northpark auto plaza",9
2015,2,"margate volvo",9
2015,2,"mercedes benz of ontario",9
2015,2,"michmich auto brokers",9
2015,2,mobilease,9
2015,2,"nalley kia",9
2015,2,"nice car",9
2015,2,"ourismans rockmont chevrolet",9
2015,2,"park place infiniti",9
2015,2,"prestige auto",9
2015,2,"prestige motors inc",9
2015,2,"ralph schomp honda",9
2015,2,"lotus of las vegas",8
2015,2,"marin auto group",8
2015,2,"mckenna audi/mckenna bmw",8
2015,2,"mehdis car company",8
2015,2,"mercedes benz of encino",8
2015,2,"my car llc",8
2015,2,"nawi leasing inc",8
2015,2,"nissan of cool springs",8
2015,2,"o'fallon motorsports",8
2015,2,"oceanside auto center inc",8
2015,2,"onesource/treasure coast toyota of stuart",8
2015,2,"palmen buick gmc cadillac inc",8
2015,2,"phh vehicle management services",8
2015,2,"remarketing by ge/manheim central florida",8
2015,2,"remarketing by ge/manheim nevada",8
2015,2,"remarketing by ge/meritrust credit union",8
2015,2,"remarketing by ge/premier motors leasing inc",8
2015,2,"231 car sales inc.",8
2015,2,"afs acceptance llc",8
2015,2,"akins ford dodge jeep chrysler ram",8
2015,2,"alas leasing",8
2015,2,"amro -auction sale unit",8
2015,2,"apexcars net",8
2015,2,"ars/acme auto leasing",8
2015,2,"ars/budget rent a car/atlanta",8
2015,2,"asbury automotive group",8
2015,2,"auction direct",8
2015,2,"audi henderson",8
2015,2,"audi of huntington",8
2015,2,"bard whls",8
2015,2,"barnett w b chrys jeep dodge",8
2015,2,"bell audi",8
2015,2,"black/white auto sales",8
2015,2,"bmw of sterling",8
2015,2,"boniface hiers chrysler dodge jeep",8
2015,2,"braeger chevrolet",8
2015,2,"briggs auto group inc",8
2015,2,"cannon cadillac of lakeland",8
2015,2,"carphoria llc",8
2015,2,"carplex holdings llc",8
2015,2,"cars 911",8
2015,2,"chevrolet of wesley chapel",8
2015,2,"chrysler group llc",8
2015,2,"cory fairbanks mazda",8
2015,2,"d cars corp",8
2015,2,"direct financial solutions inc",8
2015,2,"ed voyles chrysler jeep inc",8
2015,2,"edwards nissan",8
2015,2,"family toyota of burleson",8
2015,2,"financial services remarketing (other aucs)",8
2015,2,"findlay acura",8
2015,2,"findlay toyota flagstaff",8
2015,2,"first community credit union",8
2015,2,"five star bank",8
2015,2,"flag/rbm of atlanta",8
2015,2,"gateway chevrolet inc",8
2015,2,"gaudin jaguar porsche of las vegas",8
2015,2,"germain lexus",8
2015,2,"germain toyota of naples/germain scion of naples",8
2015,2,"greenway ford inc",8
2015,2,"gsp transportation inc",8
2015,2,gulliver,8
2015,2,"h & h motors inc",8
2015,2,"hamilton honda",8
2015,2,"haselwood chevrolet cadillac buick pontiac gmc",8
2015,2,"hendrick bmw",8
2015,2,"hendrick buick gmc cadillac",8
2015,2,"justus motors company inc",8
2015,2,"south bay bmw",8
2015,2,"southgate leasing corp",8
2015,2,"sti remarketing",8
2015,2,"t. james motorsports llc",8
2015,2,"u save",8
2015,2,"ward muscatell auto grp inc",8
2015,2,"wheels of fortune auto inc",8
2015,2,"willis cadillac inc",8
2015,2,"snell indoor auto center",7
2015,2,"south coast toyota",7
2015,2,"town & country motors ii",7
2015,2,"volkswagen north scottsdale",7
2015,2,"wells fargo financial acceptance",7
2015,2,"west coast van rental",7
2015,2,"a & n auto sales inc",7
2015,2,"acr rental services inc",7
2015,2,"american fleet leasing",7
2015,2,"apex fleet as agent or assignee of gecfs",7
2015,2,"apple ford inc",7
2015,2,"audi beverly hills",7
2015,2,"auto city sales/leasing",7
2015,2,"bavarian motor cars usa inc",7
2015,2,"bellevue nissan",7
2015,2,"bmw of murrieta",7
2015,2,"braman cadillac",7
2015,2,"braman kia",7
2015,2,"buick gmc of mahwah",7
2015,2,"butler honda",7
2015,2,"cameron motors",7
2015,2,"capital chrysler jeep dodge llc",7
2015,2,"capital honda",7
2015,2,"caprock auto remarketing",7
2015,2,"chris hallett auto",7
2015,2,"clear view systems",7
2015,2,"coastal bend rent a car inc",7
2015,2,"condor capital corp",7
2015,2,"crown audi",7
2015,2,"dollar rac/portland",7
2015,2,"dunn motors",7
2015,2,"lokey nissan",7
2015,2,"magna auto rentals inc",7
2015,2,"mercedes benz and porsche of atlantic city",7
2015,2,"mercedes benz of south orlando",7
2015,2,"morrison motors inc",7
2015,2,"national fleet wholesale inc",7
2015,2,"new england performance cars llc",7
2015,2,"nissan north america - pickup request",7
2015,2,"nissan of fort worth",7
2015,2,"north american fleet sales inc",7
2015,2,"onesource/ernie palmer toyota",7
2015,2,"onesource/high country toyota",7
2015,2,"palm beach motor cars",7
2015,2,"palm chevrolet of gainesville llc",7
2015,2,"pat o'brien chevrolet west",7
2015,2,"progressive remarketing",7
2015,2,"r.k. belt & sons inc",7
2015,2,"remarketing by ge/archibalds inc",7
2015,2,"remarketing by ge/manheim arena illinois",7
2015,2,"remarketing by ge/manheim detroit",7
2015,2,"ed bresnahan a/s dba thrifty rac",7
2015,2,"elite auto sales/leasing",7
2015,2,"enterprise rac/edmonton",7
2015,2,"ferrari of orange county",7
2015,2,"fiesta ford lincoln mercury",7
2015,2,"first hawaiian bank",7
2015,2,"first tech credit union",7
2015,2,"first technology credit union",7
2015,2,fiserv,7
2015,2,"fiserv/sierra auto finance",7
2015,2,"flag/genuine motorcars inc",7
2015,2,"fusion autoplex",7
2015,2,"general american rental",7
2015,2,"green chev buick pont inc",7
2015,2,"gwinnett place ford",7
2015,2,"hansen lease & rental inc",7
2015,2,"hyundai of wesley chapel",7
2015,2,"ideal transportation",7
2015,2,"jaguar land rover north scottsdale",7
2015,2,"kia motors america inc -lemon law buybacks",7
2015,2,"lease plan usa/tra",7
2015,2,"lenders option corporation",7
2015,2,"eastern auto trading inc",6
2015,2,echopark,6
2015,2,"ed napleton honda",6
2015,2,"euro motorcars inc",6
2015,2,"ewald fleet solution",6
2015,2,"fairway chevrolet",6
2015,2,"first investors financial services",6
2015,2,"first merit bank",6
2015,2,"fiserv/independent bank",6
2015,2,"flag/landrover tampa",6
2015,2,"flag/oceanside auto center",6
2015,2,"florida fine cars inc",6
2015,2,"ford of port richey",6
2015,2,"freeway chevrolet",6
2015,2,"global motor sports inc",6
2015,2,"global venture capital/dba airport rac of atl",6
2015,2,"gt leasing inc",6
2015,2,"harold's auto sales llc",6
2015,2,"herrin gear chevrolet co inc",6
2015,2,"hillside honda",6
2015,2,"holman ford lincoln",6
2015,2,"hudson toyota",6
2015,2,"i auto sales inc",6
2015,2,"international auto group inc",6
2015,2,"jim click ford lincoln mercury",6
2015,2,"king cadillac buick gmc inc",6
2015,2,"kingman honda",6
2015,2,"koons tysons toyota",6
2015,2,"lexus of bellevue",6
2015,2,"loehmann blasius chevrolet inc",6
2015,2,"9209 0851 quebec inc",6
2015,2,"a & h import",6
2015,2,"a l financial corporation",6
2015,2,"alexandria volkswagen",6
2015,2,"all american ford/subaru",6
2015,2,"allen cadillac gmc",6
2015,2,"army aviation center fcu",6
2015,2,"ars/enterprise rent a car",6
2015,2,"associated credit union",6
2015,2,"auto finance solutions dba abc remarketing",6
2015,2,"automobile acceptance corp",6
2015,2,"automotive avenues inc",6
2015,2,"bank of hawaii",6
2015,2,"bill wright toyota",6
2015,2,"bmw gallery",6
2015,2,"bmw north america/lemon law buy backs",6
2015,2,"bmw of bayside",6
2015,2,"bobb automotive inc",6
2015,2,"brookside motors llc",6
2015,2,"budget rent a car/farmington",6
2015,2,"c & b motors",6
2015,2,"calstar motors inc",6
2015,2,"capa wholesale cars inc",6
2015,2,"car collection of tampa inc",6
2015,2,"cerini/hertz car sales of columbia",6
2015,2,"certified motor car llc",6
2015,2,"champion mazda",6
2015,2,"chapman scottsdale autoplex llc",6
2015,2,"cherokee auto",6
2015,2,"classic cars nissan inc",6
2015,2,"classic ford",6
2015,2,"classy and luxury motors",6
2015,2,"courtesy ford",6
2015,2,"crown eurocars inc",6
2015,2,"david j leahy jr",6
2015,2,"davis automotive",6
2015,2,"directions credit union",6
2015,2,"ron wilson ford tradewinds inc",6
2015,2,"ruan car leasing",6
2015,2,"rusnak pasadena jaguar sterling pasadena",6
2015,2,"sansone jrs 66 nissan",6
2015,2,"sossa pre owned",6
2015,2,"southeastern car & truck rental",6
2015,2,"southern auto finance co/safco/ft lauderdale",6
2015,2,"spallco enterprises inc/non pgm",6
2015,2,"spradley barr ford inc.",6
2015,2,"sst financial",6
2015,2,"supreme fcu",6
2015,2,"terryville chevrolet llc",6
2015,2,"the bmw store",6
2015,2,"the motor car group inc",6
2015,2,"towne bmw mini maserati of buffalo",6
2015,2,"toyota financial services/enterprise",6
2015,2,"tradewinds remarketing",6
2015,2,"triangle auto sales inc",6
2015,2,"truwest credit union",6
2015,2,"tycon enterprises",6
2015,2,"ubs wholesale",6
2015,2,"valley national bank",6
2015,2,"waldorf vw waldorf subaru",6
2015,2,"wholesale motor sales inc",6
2015,2,"winter motor company inc",6
2015,2,"woodall auto wholesale inc",6
2015,2,"wright-patt credit union",6
2015,2,"wzs auto sales inc",6
2015,2,"lowery brothers motors inc",6
2015,2,"mercedes benz of tyler",6
2015,2,"mi joe auto sales",6
2015,2,"mick motors llc",6
2015,2,"mills transportation service inc",6
2015,2,"mint motorcars inc",6
2015,2,"motorlease corporation",6
2015,2,"mr m auto group",6
2015,2,"new century bmw",6
2015,2,"nimnicht gmc",6
2015,2,"northwest specialty motor co",6
2015,2,"onemain rem/auto club of miami inc dba north dad",6
2015,2,"onesource/pitts toyota inc",6
2015,2,"palm springs ford-lincoln-mercury",6
2015,2,"paradise ford",6
2015,2,"personalized auto group",6
2015,2,"peter stallone auto sales inc",6
2015,2,"prestige auto wholesale inc",6
2015,2,"public service credit union",6
2015,2,"quality auto center",6
2015,2,"rbm of atlanta inc",6
2015,2,"remarketing by ge/central fl sales & leasing inc",6
2015,2,"remarketing by ge/ge capital solutions",6
2015,2,"remarketing by ge/manheim california",6
2015,2,"remarketing by ge/manheim orlando",6
2015,2,"rick hendrick chevrolet",6
2015,2,"manheim orlando",5
2015,2,"manheim san francisco bay",5
2015,2,"mars auto",5
2015,2,"maxwell chrysler jeep dodge",5
2015,2,"mayfair rent a car",5
2015,2,"mcdonald independent pre owned subaru jeep",5
2015,2,"mercedes benz of chandler",5
2015,2,"midway hfc fleet",5
2015,2,"mint motors",5
2015,2,"morris auto enterprises llc",5
2015,2,"morris auto sales inc",5
2015,2,"motorcars of south texas",5
2015,2,"mtn. view nissan inc.",5
2015,2,"nalley nissan decatur",5
2015,2,"nalley toyota stonecrest",5
2015,2,"nissan north america - program",5
2015,2,"north palm hyundai",5
2015,2,"nova auto sales inc",5
2015,2,"o'brien hyundai of fort meyers",5
2015,2,"oakville chrysler dodge jeep ram",5
2015,2,"oasis chevrolet llc",5
2015,2,"onemain rem/unique autos inc",5
2015,2,"onemain rem/wholesale remarketing inc",5
2015,2,"onesource/ralph hayes toyota",5
2015,2,"orange coast chrysler jeep dodge",5
2015,2,"palm beach auto mall inc",5
2015,2,"parkway automotive group",5
2015,2,"peruzzi toyota",5
2015,2,"piazza honda of reading",5
2015,2,"poage auto plaza inc",5
2015,2,"premier members fcu",5
2015,2,"prestige lexus",5
2015,2,"primeritus remarketing/cu recovery",5
2015,2,"primeritus remarketing/new concepts leasi",5
2015,2,"r k chevrolet inc",5
2015,2,"remarketing by ge/desert fleet finance",5
2015,2,"remarketing by ge/manheim baltimore washington",5
2015,2,"remarketing by ge/manheim chicago",5
2015,2,"remarketing by ge/manheim ohio",5
2015,2,"remarketing by ge/penske truck lsg fleet sales",5
2015,2,"remarketing by ge/tech auto sales inc",5
2015,2,"rick case honda",5
2015,2,"1814099 alberta ltd",5
2015,2,"abc hyundai",5
2015,2,"achieva credit union",5
2015,2,"acme autos international",5
2015,2,"ag leaseplan",5
2015,2,"all auto imports inc",5
2015,2,"american van rental",5
2015,2,"apple honda isuzu chrysler plymouth",5
2015,2,"ars/dealer ars canada",5
2015,2,"auto lender liquidation center",5
2015,2,"beechmont audi inc",5
2015,2,"behlmann buick gmc cadillac",5
2015,2,"bellamy strickland chev gmc",5
2015,2,"big tree auto brokers",5
2015,2,"boch toyota/scion south",5
2015,2,"brad deery motors inc",5
2015,2,"braman motorcars of jupiter",5
2015,2,"brown honda",5
2015,2,"butler kia",5
2015,2,"car cash",5
2015,2,"car trackers",5
2015,2,"chapman hyundai",5
2015,2,"checker leasing dba avis rac",5
2015,2,"chevrolet 21 inc",5
2015,2,"coast sports cars inc",5
2015,2,"corporate fleet services",5
2015,2,"cox fleet",5
2015,2,"credit union of texas",5
2015,2,"crestwood motors inc",5
2015,2,"criswell honda",5
2015,2,"crown chrysler dodge jeep ram",5
2015,2,"dan deery rental",5
2015,2,"danna investments llc",5
2015,2,"david mcdavid honda",5
2015,2,"daytona toyota",5
2015,2,"dch kia of temecula",5
2015,2,"dick hannah subaru",5
2015,2,"drexel hill nissan llc",5
2015,2,drivetime,5
2015,2,"edwards motor company inc",5
2015,2,"element vehicle management services llc",5
2015,2,"enterprise rent a car/london",5
2015,2,"enterprise vehicle exchange / rental / tulsa",5
2015,2,eurocar,5
2015,2,"findlay chevrolet",5
2015,2,"findlay motor company",5
2015,2,"first tech fcu",5
2015,2,"fiserv/regional acceptance corp",5
2015,2,"flag/bert smith euro collection",5
2015,2,"flag/ferman bmw",5
2015,2,"flag/landrover southpointe",5
2015,2,"fleet depot",5
2015,2,"fleet services remarketing inc.",5
2015,2,"freedom automotive and marine brokers",5
2015,2,"future ford of clovis",5
2015,2,"gateway kia of north brunswick",5
2015,2,"gen x motors",5
2015,2,"goldstar motors",5
2015,2,"great neck nissan llc",5
2015,2,"gunn honda",5
2015,2,"henderson nissan",5
2015,2,"hendrick kia of cary",5
2015,2,"hendrick toyota scion concord",5
2015,2,"hertz car exchange inc/monroe",5
2015,2,"hiley buick gmc",5
2015,2,"hoehn honda",5
2015,2,"honda of serramonte",5
2015,2,"hou tex finance",5
2015,2,"infiniti of montclair",5
2015,2,"ingersoll auto of danbury",5
2015,2,"innovate loan servicing corp",5
2015,2,"international motor car company",5
2015,2,"irvine bmw",5
2015,2,"jackson lease inc",5
2015,2,"jaguar aston martin naples",5
2015,2,"jaguar land rover allentown",5
2015,2,"jaguar land rover thousand oaks",5
2015,2,"jaguar landover of west columbia",5
2015,2,"jasper auto sales",5
2015,2,"jb remarketing llc",5
2015,2,"jba chevrolet",5
2015,2,"jimmie johnson kearny mesa chevrolet",5
2015,2,"john markel inc",5
2015,2,"karl flammer ford inc",5
2015,2,"kia of dartmouth",5
2015,2,"kly international llc",5
2015,2,"larry h miller chrysler jeep avondale",5
2015,2,"larson ford inc",5
2015,2,"lbs financial credit union",5
2015,2,"le circuit ford lincoln ltee",5
2015,2,"lease plan/arlington heights ford",5
2015,2,"lease plan/ray chevrolet",5
2015,2,"lenders fleet services",5
2015,2,"levittown ford llc",5
2015,2,"lexus financial services/torrance",5
2015,2,"lexus of knoxville",5
2015,2,"lexus of orange park",5
2015,2,"lexus of tacoma at fife",5
2015,2,"lincoln of olympia",5
2015,2,"lindsay lexus of alexandria",5
2015,2,"sam stevens motors inc",5
2015,2,"san antonio dodge chrysler jeep",5
2015,2,"san diego sports cars",5
2015,2,"security service fcu (sscu)",5
2015,2,"shamaley ford",5
2015,2,"shannon auto sales",5
2015,2,"shirlie slack mitsubishi",5
2015,2,"smith haven mazda",5
2015,2,"southern auto finance co/ft. lauderdale",5
2015,2,"spooner sales inc",5
2015,2,"st charles chrysler dodge jeep inc",5
2015,2,"suntrust bank public",5
2015,2,"t l c auto sales inc",5
2015,2,"texas rv outlet superstore",5
2015,2,"the auto gallery",5
2015,2,"the mint leasing inc",5
2015,2,"the seyara motors co",5
2015,2,"tipton motors inc",5
2015,2,"toyota of renton",5
2015,2,"toyota of somerset",5
2015,2,"twin city auto sales inc",5
2015,2,"united imports",5
2015,2,"united leasing inc",5
2015,2,"us bancorp",5
2015,2,"wesley chapel toyota",5
2015,2,"west hills honda",5
2015,2,"west houston infiniti ltd",5
2015,2,"westbury jeep chrysler dodge inc",5
2015,2,"woodhouse chevrolet",5
2015,2,"woodhouse sioux city inc",5
2015,2,"rinos auto sales inc",4
2015,2,"rite cars inc",4
2015,2,"ritter & associates inc",4
2015,2,"roberts nissan inc.",4
2015,2,"rock springs honda toyota",4
2015,2,"royalton auto enterprises inc",4
2015,2,"rusty eck ford inc",4
2015,2,"sanford honda",4
2015,2,"sawgrass infiniti",4
2015,2,"sc leasing llc",4
2015,2,"schomp bmw",4
2015,2,"scott robinson chrysler jeep dodge ram",4
2015,2,"scratch and dent motors",4
2015,2,"sherold salmon motor co inc",4
2015,2,"sisk auto mall",4
2015,2,"smart auto",4
2015,2,"smith haven mitsubishi",4
2015,2,"south bay remarketing services",4
2015,2,"south county auto center",4
2015,2,"sports trend auto sales",4
2015,2,"st atanas inc",4
2015,2,"stadium toyota inc",4
2015,2,"statewide wholesale ltd",4
2015,2,"sullivan auto trading inc",4
2015,2,"sullivan buick gmc truck",4
2015,2,"tacoma dodge chrysler jeep",4
2015,2,"tamiami ford inc",4
2015,2,"team ford lincoln",4
2015,2,"ted britt ford lincoln",4
2015,2,"tfp international inc",4
2015,2,"the auto group inc",4
2015,2,"the motor group collection inc",4
2015,2,"thompson toyota inc",4
2015,2,"thrifty car rental",4
2015,2,"towne ford lincoln mazda hyundai",4
2015,2,"toyota of clermont",4
2015,2,"toyota of runnemede",4
2015,2,"toyota of stafford",4
2015,2,"tri county auto center ltd",4
2015,2,"u s auto importing & sales",4
2015,2,"united bmw",4
2015,2,"unknown inventory",4
2015,2,"valley brook auto brokers",4
2015,2,"vci/commonwealth audi volkswagen",4
2015,2,"vestal buick gmc inc",4
2015,2,"volvo na company cars/world omni",4
2015,2,"western fcu",4
2015,2,"wheels lt",4
2015,2,"wilson auto sales llc",4
2015,2,"win kelly chev buic pont gmc",4
2015,2,"worldwide auto sales and service llc",4
2015,2,"xclusive auto leasing inc",4
2015,2,"zappone chrysler jeep dodge ram",4
2015,2,"acura libertyville",4
2015,2,"acura of huntington",4
2015,2,"advia credit union",4
2015,2,"ak international inc",4
2015,2,"andrews fcu",4
2015,2,"apple fcu",4
2015,2,"arcadia chevrolet buick inc.",4
2015,2,"ars/budget rac of utah & idaho",4
2015,2,"ars/erac canada limited",4
2015,2,"ars/luxor motor cars inc",4
2015,2,"asbury inventory bank",4
2015,2,"audi north atlanta",4
2015,2,"auto city stl",4
2015,2,"auto gallery",4
2015,2,"autoflex leasing",4
2015,2,"autonation ford westlake",4
2015,2,autoworks,4
2015,2,"avis rent a car/mobile",4
2015,2,"b & j car company",4
2015,2,"bank of america/select repo",4
2015,2,"bartow ford co",4
2015,2,"baxter chrysler jeep dodge",4
2015,2,"bergstrom cadillac inc",4
2015,2,"beverly hills llc",4
2015,2,"beverly hills porsche",4
2015,2,"black tie auto group llc",4
2015,2,"blaise alexander hyundai mazda",4
2015,2,"bmw north america uaa",4
2015,2,"bmw of silver spring",4
2015,2,"bmw of warwick",4
2015,2,"bob baker toyota of lemon grove",4
2015,2,"bob brown chevrolet inc",4
2015,2,"bob parker & son auto sales inc",4
2015,2,"boston foreign motor",4
2015,2,"bravo cadillac hummer",4
2015,2,"british motor car dist ltd",4
2015,2,cadilexus,4
2015,2,"cadillacs of houston",4
2015,2,"campus usa fcu",4
2015,2,"capital one certified inc",4
2015,2,"capital one fleet",4
2015,2,"capital remarketing",4
2015,2,"car city llc",4
2015,2,"car source",4
2015,2,"cars unlimited niagara",4
2015,2,"carson cars inc",4
2015,2,"centennial hyundai",4
2015,2,"chapmans las vegas dodge",4
2015,2,"chilson inc",4
2015,2,"city rent a truck llc",4
2015,2,"cloquet ford chrysler center",4
2015,2,"columbia credit union",4
2015,2,"compass luxor",4
2015,2,"contemporary auto sales",4
2015,2,"cox chevrolet inc",4
2015,2,"credit union leasing of america",4
2015,2,"crevier bmw/crevier mini",4
2015,2,"d'amico chrysler dodge jeep",4
2015,2,"david mcdavid honda of frisco",4
2015,2,"daytona nissan",4
2015,2,"dch freehold nissan",4
2015,2,"dch toyota city",4
2015,2,"dean sellers ford",4
2015,2,"delaware cadillac olds saab",4
2015,2,"discount auto sales llc",4
2015,2,"doering leasing company inc",4
2015,2,"doug marine motors inc",4
2015,2,"long mcarthur inc",4
2015,2,"lucky seven auto group inc",4
2015,2,"main auto llc",4
2015,2,"manheim auctions/ars",4
2015,2,"manheim milwaukee",4
2015,2,"manheim nashville",4
2015,2,"maplewood toyota",4
2015,2,"mcdonald auto sales & leasing",4
2015,2,"mckenna motors cerritos inc",4
2015,2,"mercedes benz of bakersfield",4
2015,2,"mercedes benz of laguna niguel",4
2015,2,"mercedes benz of south bay",4
2015,2,"metro nissan of montclair",4
2015,2,"midwestern auto group",4
2015,2,"molle volkswagen molle audi",4
2015,2,"motor werks of barrington inc",4
2015,2,"mrd investments inc",4
2015,2,"mv motorsports",4
2015,2,"mvl leasing ltd",4
2015,2,"nationwide fleet auto sales inc",4
2015,2,"nationwide fleet services inc",4
2015,2,"neighbors fcu",4
2015,2,"new concepts leasing inc",4
2015,2,"newport coast auto com",4
2015,2,"nice car outlet",4
2015,2,"nicholas financial inc/clearwater",4
2015,2,"nimnicht chevrolet company",4
2015,2,"north branch chevrolet",4
2015,2,"onesource/heyward allen toyota",4
2015,2,"onesource/zimmerman auto brokers",4
2015,2,"orlando hyundai",4
2015,2,"orr bmw",4
2015,2,"overland west inc",4
2015,2,"palm springs nissan",4
2015,2,"pals auto wholesale",4
2015,2,"paramus ford inc",4
2015,2,"penegon mission viejo inc",4
2015,2,"persichetti motorsports inc",4
2015,2,"phil long ford of denver llc",4
2015,2,"phil moore buick gmc",4
2015,2,"piazza honda of pottstown",4
2015,2,"pie ix chrysler 2000 inc",4
2015,2,"planet mazda",4
2015,2,"plaza auto sales inc",4
2015,2,"plaza hyundai ltd",4
2015,2,"plaza motor company",4
2015,2,"pnc national bank",4
2015,2,"porsche cars north america",4
2015,2,"practical car rental/emak industries inc",4
2015,2,"premier automotive imports of ca llc",4
2015,2,"prestige leasing and sales inc",4
2015,2,"prestige of mahwah inc",4
2015,2,"prestige toyota",4
2015,2,"primeritus remarketing/farm bureau",4
2015,2,"primeritus remarketing/salal credit union",4
2015,2,"rally auto sales inc",4
2015,2,"randolph brooks fcu",4
2015,2,"remarketing by ge/ak&y enterprises inc",4
2015,2,"remarketing by ge/america first credit union",4
2015,2,"remarketing by ge/arkansas federal credit union",4
2015,2,"remarketing by ge/certified fleet inc",4
2015,2,"remarketing by ge/dade county fcu",4
2015,2,"remarketing by ge/golden 1 credit union",4
2015,2,"remarketing by ge/h&h motors inc",4
2015,2,"remarketing by ge/manheim kansas city",4
2015,2,"remarketing by ge/michigan first credit union",4
2015,2,"remarketing by ge/mid american credit union",4
2015,2,"remarketing by ge/trumark financial credit union",4
2015,2,"remarketing by ge/tubbs brothers",4
2015,2,"repo remarketing inc",4
2015,2,"rick matthews buick gmc llp",4
2015,2,"east coast volkswagen",4
2015,2,"enterprise fm exchange/tra/lease",4
2015,2,"enterprise vehicle exchange/honolulu",4
2015,2,"euro motorsports",4
2015,2,"financial services remarketing",4
2015,2,"financial services remarketing - pickup",4
2015,2,"financial services remarketing/trade assets",4
2015,2,"first hyundai",4
2015,2,"flag/mclaren tampa bay",4
2015,2,"fleet lease disposal",4
2015,2,"flow gm auto center",4
2015,2,"ford country",4
2015,2,"fountain auto mall",4
2015,2,"fuccillo autoplex of nelliston",4
2015,2,"futrell auto sales",4
2015,2,"future auto sales inc",4
2015,2,"fx caprara vlkwg trailer sales",4
2015,2,"galpin ford studio rentals",4
2015,2,"gateway ford lincoln mazda inc",4
2015,2,"germain lexus of dublin",4
2015,2,"go financial",4
2015,2,"gossler motors",4
2015,2,"hatch toyota",4
2015,2,"heavenly motors of texas ltd",4
2015,2,"hendrick chevrolet shawnee mission",4
2015,2,"hendrick chrysler dodge jeep ram of concord",4
2015,2,"hendrick dodge",4
2015,2,"hendrick honda bradenton",4
2015,2,"hendrick honda daytona",4
2015,2,"hendrick toyota scion north charleston",4
2015,2,"howell motor company",4
2015,2,"hrft finance inc",4
2015,2,"imports of lancaster county inc",4
2015,2,"innovate auto finance",4
2015,2,"j & s auto haus",4
2015,2,"jersey motors inc",4
2015,2,"jersey's auto sales",4
2015,2,"jim coleman cadillac infiniti",4
2015,2,"jim coleman honda",4
2015,2,"john jones chevrolet buick cadillac of salem inc",4
2015,2,"joshua motor car co inc",4
2015,2,"ken camp's auto world inc",4
2015,2,"kevin whitaker chevrolet cadillac",4
2015,2,"keystone acquisition bureau",4
2015,2,"kingman chevrolet-buick",4
2015,2,"kly international",4
2015,2,"kuni lexus of greenwood village",4
2015,2,"lampe chrysler dodge jeep ram",4
2015,2,"land rover las vegas",4
2015,2,"larry h miller toyota peoria",4
2015,2,"larry h. miller lexus murray",4
2015,2,"lauderdale infiniti",4
2015,2,"lease plan international",4
2015,2,"lease plan/fig leasing co",4
2015,2,"leaserite leasing and sales",4
2015,2,"leasing associates inc",4
2015,2,"left lane exotics llc",4
2015,2,"leith inc",4
2015,2,"lexus of edison",4
2015,2,"lexus of thousand oaks",4
2015,2,"liberty auto city inc",4
2015,2,"east coast financial",3
2015,2,"ed martin nissan of fishers",3
2015,2,"ed morse mazda lakeland",3
2015,2,"elad motors",3
2015,2,"emich volkswagen",3
2015,2,"enterprise fm exchange",3
2015,2,"enterprise vehicle exchange/dfw airport",3
2015,2,"enterprise vehicle exchange/el paso",3
2015,2,"enterprise vehicle exchange/linthicum heights",3
2015,2,"euro auto collection inc",3
2015,2,"exclusive cars inc",3
2015,2,"exotic auto sales",3
2015,2,"f c kerbeck & sons",3
2015,2,"fairfield fd vw hynd bmw",3
2015,2,"ferrari & maserati of san diego",3
2015,2,"financial services remarketing (land rovers)",3
2015,2,"findlay hyundai subaru",3
2015,2,"findlay volkswagen",3
2015,2,"first citizens fcu",3
2015,2,"five star auto sales corp.",3
2015,2,"flag/mint motorcars inc",3
2015,2,"florida auto sales & leasing inc",3
2015,2,"florida credit union",3
2015,2,"fmgj inc",3
2015,2,"folger automotive llc",3
2015,2,"fort worth audi",3
2015,2,"fred a groves motor company inc",3
2015,2,"freehold buick gmc inc",3
2015,2,"freeway investments",3
2015,2,"fremont chevrolet",3
2015,2,"fuccillo chrysler jeep dodge",3
2015,2,"g & a investments inc/avis systems",3
2015,2,"g & m auto sales inc",3
2015,2,"galaxy auto sales inc",3
2015,2,"gary mathews motors inc.",3
2015,2,"gary yeomans ford lincoln mercury",3
2015,2,"gateway car dealer inc",3
2015,2,"gateway kia of denville",3
2015,2,"gatorland toyota",3
2015,2,"glens falls national bank & trust co",3
2015,2,"go auto direct",3
2015,2,"goodman chevroletcadnissan inc",3
2015,2,"granite buick gmc inc",3
2015,2,"gray chrysler dodge jeep",3
2015,2,"green hyundai",3
2015,2,"grossinger honda",3
2015,2,"gulf coast ford",3
2015,2,"gwinnett place honda",3
2015,2,"hatt auto sales llc",3
2015,2,"heartland toyota scion",3
2015,2,"hector felix auto corp",3
2015,2,"hendrick bmw northlake",3
2015,2,"hendrick chevrolet",3
2015,2,"hendrick honda",3
2015,2,"hertz car exchange inc/jackson",3
2015,2,"hertz car exchange inc/montgomery",3
2015,2,"hertz/allard rental corp",3
2015,2,"high country honda",3
2015,2,"highline motor cars corp",3
2015,2,"honda cars of rock hill",3
2015,2,"honda city",3
2015,2,"honda of concord",3
2015,2,"hopper buick gmc",3
2015,2,"howard orloff imports inc",3
2015,2,"humberview buick gmc",3
2015,2,"imperial ford corporation",3
2015,2,"infiniti of syracuse",3
2015,2,"iron trail chevrolet",3
2015,2,"j c auto world inc",3
2015,2,"j star fiat & maserati of anaheim hills",3
2015,2,"jaguar landrover hilton head",3
2015,2,"jepson car co llc",3
2015,2,"jerrys chevrolet of beresford",3
2015,2,"jim burke automotive inc",3
2015,2,"john altimari auto co inc",3
2015,2,"jr&l industries inc",3
2015,2,"jyd auto leasing & sales llc",3
2015,2,"keller bros dodge",3
2015,2,"ken pollock nissan llc",3
2015,2,"kerbeck cadillac pontiac inc",3
2015,2,"keyvoor inc",3
2015,2,"kia motors america/isg",3
2015,2,"l m auto wholesale",3
2015,2,"lake gm auto center",3
2015,2,"land rover north dade llc",3
2015,2,"landmark credit union",3
2015,2,"langley federal credit union",3
2015,2,"larry h miller nissan mesa",3
2015,2,"larry miller volkswagen avondale",3
2015,2,"lease remarketing services inc",3
2015,2,"leasing associates",3
2015,2,"lexus of riverside",3
2015,2,"lexus of stevens creek",3
2015,2,"lexus of tampa bay",3
2015,2,"lexus of warwick",3
2015,2,"logistics leasing",3
2015,2,"action nissan",3
2015,2,"active auto sales inc",3
2015,2,"acura of seattle",3
2015,2,"admiral leasing",3
2015,2,"advantage funding commercial capital corp",3
2015,2,"airport van rental",3
2015,2,"all star dodge chrysler jeep",3
2015,2,"anderson rockriver ford",3
2015,2,"antiek journeys inc",3
2015,2,"ars/manheim auctions",3
2015,2,"ars/meridian remarketing",3
2015,2,"ars/spallco enterprises inc",3
2015,2,"athens bmw",3
2015,2,"atlantic coast remarketing inc/tasi",3
2015,2,"auto centers bonne terre llc",3
2015,2,"auto express",3
2015,2,"auto sales & services inc",3
2015,2,"autonation toyota gulf freeway",3
2015,2,"autosignature.ca inc",3
2015,2,"autotech of venice inc",3
2015,2,"avid acceptance llc",3
2015,2,"avis tra",3
2015,2,"bailey auto plaza",3
2015,2,"bales motor company inc",3
2015,2,"barber honda",3
2015,2,"bay automotive corporation",3
2015,2,bb&t,3
2015,2,"beck & masten pontiac gmc buick gulf freeway",3
2015,2,"bell lexus",3
2015,2,"berlin chrysler dodge jeep ram",3
2015,2,"bert smith euro collection",3
2015,2,"best buy repos inc",3
2015,2,"best car buys iii",3
2015,2,"best quality auto sls corp",3
2015,2,"bev smith kia",3
2015,2,"big two toyota scion of chandler",3
2015,2,"bill barlow",3
2015,2,"bill bryan kia",3
2015,2,"bls management inc",3
2015,2,"boch new to you superstore",3
2015,2,"boykin motors of johnston co inc",3
2015,2,"bredemann lexus in glenview",3
2015,2,"brown daub chrysler jeep dodge",3
2015,2,"budget las vegas/ars",3
2015,2,"budget rent a car/wichita",3
2015,2,"burdick ford inc",3
2015,2,"by the book auto brokers inc.",3
2015,2,"cadillac of mahwah llc",3
2015,2,"cali motors",3
2015,2,"california rent-a-car & leasing",3
2015,2,"cantu chevrolet",3
2015,2,"caparra motor services inc. dba target rac",3
2015,2,"capital nissan of wilmington",3
2015,2,"car market inc",3
2015,2,"car saver",3
2015,2,"carey paul honda",3
2015,2,"carisma auto wholesaler inc",3
2015,2,"carolina trust fcu",3
2015,2,"cars/carfinance capital llc",3
2015,2,"centennial buick gmc",3
2015,2,"central ford y hyundai",3
2015,2,"champion auto wholesale inc",3
2015,2,"chapman honda",3
2015,2,"cherry hill classic cars",3
2015,2,"clare dodge chrysler jeep of newport",3
2015,2,"classic chevrolet",3
2015,2,"classic chevrolet cadillac",3
2015,2,"classic toyota",3
2015,2,"coggin buick-gmc of orange park",3
2015,2,"collateral services",3
2015,2,"community credit inc",3
2015,2,"cornhusker auto center inc",3
2015,2,"corona nissan",3
2015,2,"corporate cars inc",3
2015,2,"courtesy chrysler dodge jeep ram of orange",3
2015,2,"courtney leasing inc",3
2015,2,"cox fleet/wheels",3
2015,2,"crossroads ford of fuquay-varina",3
2015,2,"crossroads nissan of wake forest",3
2015,2,"crown ford",3
2015,2,"crown honda",3
2015,2,"curry hyundai subaru",3
2015,2,"d & d motors inc",3
2015,2,"daimler daiichi corp",3
2015,2,"darcars chrysler jeep of rockville",3
2015,2,"dave dennis inc",3
2015,2,"david mcdavid acura",3
2015,2,"david ragan ford",3
2015,2,"diers inc",3
2015,2,"dml remarketing",3
2015,2,"dollar thrifty/tra",3
2015,2,"dublin toyota",3
2015,2,"riverton hyundai",3
2015,2,"rob lambdin's university dodge",3
2015,2,"rockville auto vehicle",3
2015,2,"rogers & rogers nissan",3
2015,2,"rolando kenneth auto",3
2015,2,"rollit motors incorporated",3
2015,2,"romeo kia of kingston",3
2015,2,"roper kia",3
2015,2,"rusnak westlake porsche",3
2015,2,"s/s auto wholesale",3
2015,2,"safeway motor corp",3
2015,2,"safford chrysler jeep dodge of springfield",3
2015,2,"safford kia of fredericksburg",3
2015,2,"sam galloway ford lincoln",3
2015,2,"sama california auto export inc",3
2015,2,"san antonio credit union",3
2015,2,"scarsview plymouth chrysler jeep eagle",3
2015,2,"scott robinson honda",3
2015,2,"select motor car of gainesville inc",3
2015,2,"sell your car today llc",3
2015,2,"shore toyota & shore scion",3
2015,2,"simply wheelz dba advantage rent a car",3
2015,2,"south bay mazda",3
2015,2,"southern trust auto group llc",3
2015,2,"southwest kia nw",3
2015,2,"stadium nissan",3
2015,2,"state superior fin",3
2015,2,"sun community fcu",3
2015,2,"sun motor cars porsche audi mechanicsburg",3
2015,2,"suncoast credit corporation",3
2015,2,"super buy auto sales inc",3
2015,2,"the auto port inc",3
2015,2,"the car connection",3
2015,2,"thornhill acura",3
2015,2,"tinker fcu",3
2015,2,"tischer acura nissan",3
2015,2,"tmt auto wholesale inc",3
2015,2,"tom sibbitt chevrolet buick inc",3
2015,2,"tonys ny auto sales inc",3
2015,2,"towne motors inc",3
2015,2,"toy barn",3
2015,2,"toyota bountiful",3
2015,2,"toyota of waldorf",3
2015,2,"toyota santa monica",3
2015,2,"trade in solutions",3
2015,2,"trousdale county motors",3
2015,2,"u haul",3
2015,2,"unique automotive ltd",3
2015,2,"united autopia",3
2015,2,"university ford inc",3
2015,2,"university ford north",3
2015,2,"upper marlboro ford llc",3
2015,2,"us auto sales inc",3
2015,2,"va cars inc",3
2015,2,"van chevrolet cadillac inc",3
2015,2,"vantage west credit union",3
2015,2,"vehicle remarketing services",3
2015,2,"verc car rental",3
2015,2,"veterans ford",3
2015,2,"victory mitsubishi",3
2015,2,"vigor leasing",3
2015,2,"vip auto enterprises inc",3
2015,2,"visalia ford",3
2015,2,"vista ford lincoln",3
2015,2,"volkswagen of corpus christi",3
2015,2,"vw credit canada inc",3
2015,2,"walser leasing",3
2015,2,"wantcar inc",3
2015,2,"warren henry infiniti inc",3
2015,2,"wayne akers ford inc",3
2015,2,"wesley chapel honda",3
2015,2,"west street motors llc",3
2015,2,"westchester toyota",3
2015,2,"wilde honda",3
2015,2,"williamson cadillac company",3
2015,2,"woodbridge auto sales",3
2015,2,"woodhouse ford south inc",3
2015,2,"woodys dodge jeep chrysler",3
2015,2,"world auto service",3
2015,2,"worldwide auto care inc",3
2015,2,"worldwide auto wholesalers inc",3
2015,2,"worldwide sales & leasing llc",3
2015,2,"wth car rental ulc",3
2015,2,"lou fusz motor co",3
2015,2,"ltd ford lincoln",3
2015,2,"luxury cars of smithtown inc",3
2015,2,"m b turnersville llc",3
2015,2,"m/r motors inc",3
2015,2,"mahoneys auto mall inc",3
2015,2,"mall of ga chrysler dodge jeep",3
2015,2,"manheim minneapolis",3
2015,2,"manheim statesville",3
2015,2,"marano & sons auto sales inc",3
2015,2,"marine chevrolet cadillac",3
2015,2,"mason avenue motors inc",3
2015,2,"master lease plan",3
2015,2,"mckenna porsche",3
2015,2,mercedes-benz,3
2015,2,"mercedes-benz of melbourne",3
2015,2,"mid florida fcu",3
2015,2,"mike albert leasing",3
2015,2,"mike shaw toyota",3
2015,2,"mitsubishi consignments",3
2015,2,"morris motors inc",3
2015,2,"moshina motors inc",3
2015,2,"mossy nissan poway",3
2015,2,"mountain motors inc",3
2015,2,"murphy leasing co inc/dba avis",3
2015,2,"myrtle beach chry jeep inc",3
2015,2,"napletons auto werks of bourbonnais inc",3
2015,2,"napletons south orlando chrysler jeep dodge",3
2015,2,"national car rental",3
2015,2,"nissan dealer blend/avis rent a car",3
2015,2,"nissan dealer blend/west houston infiniti ltd",3
2015,2,"north bakersfield toyota scion",3
2015,2,"north county hyundai",3
2015,2,"northstar ford",3
2015,2,"nvp remarketing",3
2015,2,"oak avenue auto sales",3
2015,2,"olathe dodge chrysler jeep",3
2015,2,"olivia chrysler center",3
2015,2,"park fcu",3
2015,2,"payson car company",3
2015,2,"pee dee auto buyers",3
2015,2,"peoria ford",3
2015,2,"peruzzi nissan",3
2015,2,"pfs/porsche partnership program",3
2015,2,"piazza acura vw of ardmore",3
2015,2,"piazza honda of philadelphia",3
2015,2,"pinellas fcu",3
2015,2,"pitts toyota inc",3
2015,2,"platinum auto group inc",3
2015,2,"pohanka honda of fredericksburg",3
2015,2,"porsche fin svcs dba bentley financial services",3
2015,2,"porter nissan buick",3
2015,2,"potomac imports inc",3
2015,2,"precision mitsubishi / precision mazda",3
2015,2,"prestige cadillac inc",3
2015,2,"prestige usa sport cars inc.",3
2015,2,"price ford",3
2015,2,"primeritus remarketing / executive auto sal",3
2015,2,"primeritus remarketing/cci",3
2015,2,"primeritus remarketing/dwai",3
2015,2,"primeritus remarketing/marine fcu",3
2015,2,"r & r auto sales",3
2015,2,"rancho ford",3
2015,2,"ray price honda mazda volvo",3
2015,2,"rdr car truck van rentals",3
2015,2,"remarketing by ge/chase lease remarketing co",3
2015,2,"remarketing by ge/datcu credit union",3
2015,2,"remarketing by ge/granite credit union",3
2015,2,"remarketing by ge/inova federal credit union",3
2015,2,"remarketing by ge/manheim dallas ft. worth",3
2015,2,"remarketing by ge/manheim new england",3
2015,2,"remarketing by ge/manheim san francisco bay",3
2015,2,"remarketing by ge/manheim seattle",3
2015,2,"remarketing by ge/pareto solutinos llc",3
2015,2,"remarketing by ge/we florida financial",3
2015,2,"renty car rental",3
2015,2,"repo remarketing/coast hills fcu",3
2015,2,"revolution motor cars",3
2015,2,"richards motorcars inc",3
2015,2,"rick case kia",3
2015,2,"rick hendrick city chevrolet",3
2015,2,"lone star liquidation/twisted performance",2
2015,2,"lonestar truck & trailer",2
2015,2,"longs auto place inc",2
2015,2,"lph automotive",2
2015,2,"luis rujel auto sales inc",2
2015,2,"luxury auto collection llc",2
2015,2,"luxury cars inc",2
2015,2,"luxury fleet serv inc",2
2015,2,"luxury sports & imports",2
2015,2,"lynn douglas motor co inc",2
2015,2,"lynnes hyundai llc",2
2015,2,"m & t bank",2
2015,2,"manheim houston",2
2015,2,"manheim kansas city",2
2015,2,"manheim new york",2
2015,2,"manheim st louis",2
2015,2,"mankato ford",2
2015,2,"marion ford inc",2
2015,2,"martin chevrolet",2
2015,2,"mascio motor car",2
2015,2,"maserati north america inc",2
2015,2,"matt saxe chevrolet buick inc",2
2015,2,"maxie price chev olds inc",2
2015,2,"mazda knoxville",2
2015,2,"mega leasing",2
2015,2,"meier & company",2
2015,2,"members credit union",2
2015,2,"mercedes benz of arlington",2
2015,2,"mercedes benz of cincinnati llc",2
2015,2,"mercedes benz of des moines",2
2015,2,"mercedes benz of foothill ranch",2
2015,2,"mercedes benz of fresno",2
2015,2,"mercedes benz of ft lauderdale",2
2015,2,"mercedes benz of georgetown",2
2015,2,"mercedes benz of omaha",2
2015,2,"mercedes-benz of houston north",2
2015,2,"mercedes-benz of nashville",2
2015,2,"mercedes-benz of south charlotte",2
2015,2,"merrick preowned",2
2015,2,"mike motors",2
2015,2,"milford motors inc",2
2015,2,"mini north scottsdale",2
2015,2,"mitchell associates",2
2015,2,"mmco llc",2
2015,2,"moab industries",2
2015,2,"montclair auto sls grp llc",2
2015,2,"more mazda",2
2015,2,"motorvest leasing",2
2015,2,"mountain america credit union",2
2015,2,"mp motors inc",2
2015,2,"mph import & export inc",2
2015,2,"munday chevrolet",2
2015,2,"n a b inc",2
2015,2,"nalley acura",2
2015,2,"nalley bmw",2
2015,2,"nalley lexus smyrna",2
2015,2,"napleton auto werks of ind",2
2015,2,"napleton's mid river",2
2015,2,"napleton's mid rivers kia",2
2015,2,"napleton's volkswagen of sanford",2
2015,2,"napletons nissan",2
2015,2,"national auto acceptance",2
2015,2,"national auto lenders",2
2015,2,"nationwide financial inc",2
2015,2,"nationwide imports",2
2015,2,"nelson auto sales inc",2
2015,2,"neuwirth motors inc",2
2015,2,"new tampa auto brokers inc",2
2015,2,"newbold toyota",2
2015,2,"nissan dealer blend/infiniti of montclair",2
2015,2,"nissan dealer blend/tustin nissan",2
2015,2,"nissan of duarte",2
2015,2,"no limit imports inc",2
2015,2,"norris acura west",2
2015,2,"north main motors inc",2
2015,2,"north shore bank",2
2015,2,"north state acceptance",2
2015,2,"northeast auto marketing inc",2
2015,2,"nusenda federal credit union",2
2015,2,"odaniel honda",2
2015,2,"one nevada credit union",2
2015,2,"onemain rem/auto access",2
2015,2,"onemain rem/cartime auto center",2
2015,2,"onemain rem/international auto sales",2
2015,2,"onemain rem/three brothers auto sales",2
2015,2,"onemain rem/vossen motors",2
2015,2,"onesource/wesley chapel toyota",2
2015,2,"open rd motors llc",2
2015,2,"orlando kia west",2
2015,2,"orlando motors inc",2
2015,2,"palmer dodge inc",2
2015,2,"paramount kia of hickory",2
2015,2,"parks ford of wesley chapel",2
2015,2,"parkway motors",2
2015,2,"pat o brien chevrolet vermilion",2
2015,2,"pat o'brien chevrolet",2
2015,2,"pat obrien chevrolet buick norwalk",2
2015,2,"paul miller inc",2
2015,2,"paul tinney auto sales ltd",2
2015,2,"pennstar bank/nbt bank na",2
2015,2,"pensacola auto brokers inc",2
2015,2,"perillo bmw inc",2
2015,2,"phh management services",2
2015,2,"piazza mazda of west chester",2
2015,2,"pine belt enterprises inc",2
2015,2,"pinnacle financial group inc",2
2015,2,"porsche of hilton head",2
2015,2,"porsche of melbourne audi melbourne",2
2015,2,"port lavaca ford inc",2
2015,2,"porter ford",2
2015,2,"power drive inc",2
2015,2,"power remarketing inc",2
2015,2,"premier auto consulting llc",2
2015,2,"premier motor/cars",2
2015,2,"premier motors-leasing inc.",2
2015,2,"prestige auto imports inc",2
2015,2,"prestige auto sales and rentals",2
2015,2,"prestige autos",2
2015,2,"prestige land rover inc",2
2015,2,"prestige leasing & management inc",2
2015,2,primeritus,2
2015,2,"primeritus remarketing / chesterfield impor",2
2015,2,"primeritus remarketing/bank of hawaii",2
2015,2,"primeritus remarketing/eurocar imports",2
2015,2,"primeritus remarketing/jack's used cars l",2
2015,2,"prince frederick chrysler jeep dodge inc",2
2015,2,"priscilla & kids wholesalers inc",2
2015,2,"pryor creek fleet services inc",2
2015,2,"publix employees fcu",2
2015,2,"q auto",2
2015,2,"r & b car sales inc",2
2015,2,"r.e.s. enterprises exchange llc",2
2015,2,"raceway ford inc",2
2015,2,"rainbow motors corporation",2
2015,2,"rally motor credit",2
2015,2,"ramsey volvo",2
2015,2,"rbm of alpharetta smart center of alpharetta",2
2015,2,"re2 inc",2
2015,2,"red hoagland hyundai inc",2
2015,2,"red noland cadillac inc.",2
2015,2,"redline remarketing",2
2015,2,"remarketing by ge/astera credit union",2
2015,2,"remarketing by ge/billion dodge",2
2015,2,"remarketing by ge/cable-dahmer of kansas city",2
2015,2,"remarketing by ge/collateral solutions",2
2015,2,"remarketing by ge/cowboys automotive inc",2
2015,2,"remarketing by ge/finance & thrift company",2
2015,2,"remarketing by ge/first commerce credit union",2
2015,2,"remarketing by ge/florida central credit union",2
2015,2,"remarketing by ge/hardy automotive llc",2
2015,2,"remarketing by ge/manheim denver",2
2015,2,"remarketing by ge/manheim phoenix",2
2015,2,"remarketing by ge/npps inc",2
2015,2,"remarketing by ge/people driven credit union",2
2015,2,"remarketing by ge/piedmont advantage credit unio",2
2015,2,"remarketing by ge/shine auto brokers inc",2
2015,2,"remarketing by ge/sunrise partners inc of nw",2
2015,2,"remarketing by ge/ted a rea inc",2
2015,2,"remarketing by ge/yusim",2
2015,2,"remarketing by ge/zeal credit union",2
2015,2,"remktgedge/cars/auto one acceptance",2
2015,2,"rental remarketing inc",2
2015,2,"repo remarketing/sce federal credit union",2
2015,2,"repo remarketing/schools first fcu",2
2015,2,"rich ford sales",2
2015,2,"richardson imports inc",2
2015,2,"ridenour auto group",2
2015,2,"riley enterprises llc",2
2015,2,"2020 motors",2
2015,2,"ace auto wholesale inc",2
2015,2,"acura of johnston",2
2015,2,"advance car rental inc",2
2015,2,"advanced fleet services",2
2015,2,"advantage/rosedale dodge/chrysler",2
2015,2,"al piemonte ford sales inc",2
2015,2,"all american autohaus inc.",2
2015,2,"all american ford inc",2
2015,2,"allan a hornbeck chevrolet sales inc",2
2015,2,"allen turner hyundai",2
2015,2,"alliance automotive marketing",2
2015,2,"altier credit union",2
2015,2,"amazing luxury cars",2
2015,2,"amber auto",2
2015,2,"american auto sales inc",2
2015,2,"ancira eagle pass ford",2
2015,2,"anderson motors",2
2015,2,"annapolis hyundai",2
2015,2,"apex auto wholesale - gary",2
2015,2,"aps rent a car & leasing",2
2015,2,"archie outlet auto sales",2
2015,2,"arlington hgts chry dod jeep",2
2015,2,"arnold chevrolet llc",2
2015,2,"ars/amro -auction sale unit",2
2015,2,"ars/economy rent a car",2
2015,2,"ars/merchants automotive group",2
2015,2,"ascend federal credit union",2
2015,2,"assassin cycle & design",2
2015,2,"atlantic coast remarketing inc/asf",2
2015,2,"atlantic coast remarketing/pagi",2
2015,2,"audi cape cod",2
2015,2,"audi of chandler",2
2015,2,"audi of downtown l a",2
2015,2,"audi reno tahoe",2
2015,2,"audi volkswagen of naples",2
2015,2,"auto brokers of tampa bay inc",2
2015,2,"auto elite group inc",2
2015,2,"auto financial group",2
2015,2,"auto haus",2
2015,2,"autohaus bmw",2
2015,2,"autohaus lancaster inc",2
2015,2,"autonation chevrolet fort lauderdale",2
2015,2,"autonation ford littleton",2
2015,2,"autonation nissan brandon",2
2015,2,"autonation toyota fort myers",2
2015,2,"autonation toyota mall of georgia",2
2015,2,"autonation toyota scion weston",2
2015,2,"autonation volkswagen mall of georgia",2
2015,2,"award auto sales and leasing inc",2
2015,2,"awn sales ltd",2
2015,2,"ayers chevrolet inc",2
2015,2,"bayamon car rental",2
2015,2,"beaman motor company",2
2015,2,"bearcat leasing",2
2015,2,"beasley ford lincoln",2
2015,2,"belcastro auto sales & leasing",2
2015,2,"benchmark auto sales nj llc",2
2015,2,"bentley scottsdale",2
2015,2,"bergeys chrysler jeep dodge",2
2015,2,"bergstrom acura",2
2015,2,"bergstrom land rover jaguar volvo pors mase alfa",2
2015,2,"bill bryan chrysler dodge jeep inc",2
2015,2,"bill bryan subaru",2
2015,2,"bill bunch chevrolet inc",2
2015,2,"binghamton chrysler jeep dodge",2
2015,2,"bluegrass bmw",2
2015,2,"bluewater motorsports ws",2
2015,2,"bmw mini of south atlanta",2
2015,2,"bmw of alexandria",2
2015,2,"bmw of arlington",2
2015,2,"bmw of cape cod",2
2015,2,"bob baker jeep",2
2015,2,"bobby ford inc",2
2015,2,"boone trail autohaus",2
2015,2,"bravo chevrolet cadillac",2
2015,2,"bredemann ford-glenview",2
2015,2,"browns fairfax nissan",2
2015,2,"bryan bowman chrys dod jeep",2
2015,2,"budget autos llc",2
2015,2,"budget rent a car/san antonio",2
2015,2,"buyers auto sales",2
2015,2,"c l hyman auto wholesale of virginia inc",2
2015,2,"c r cregar & son autobroker",2
2015,2,"cadillac of arlington",2
2015,2,"california auto exchange",2
2015,2,"camino real chevrolet",2
2015,2,"cannco motor sales llc",2
2015,2,"capital auto finance corp",2
2015,2,"capital ford lincoln of rocky mount",2
2015,2,"capital ford of charlotte inc",2
2015,2,"capital lincoln of cary",2
2015,2,"capital subaru of greenville llc",2
2015,2,"car authority inc",2
2015,2,"car sense incorporated",2
2015,2,"car web",2
2015,2,"carfinders inc",2
2015,2,"carmix inc",2
2015,2,"caron mazda",2
2015,2,"carpower trading inc",2
2015,2,"carter automotive remarketing specialists",2
2015,2,"caseys cars inc",2
2015,2,"cash money cars llc",2
2015,2,"central pacific bank",2
2015,2,"century sales & leasing inc",2
2015,2,"chapman chevrolet llc",2
2015,2,"charleston automotive company",2
2015,2,"checkmate auto brokers",2
2015,2,"chiefland chrys dodge jeep inc",2
2015,2,"chilsons corner motors of cadott llc",2
2015,2,"chrysler dodge jeep ram 24",2
2015,2,"cig financial",2
2015,2,"cinfed credit union",2
2015,2,"clark knapp honda",2
2015,2,"classic cadillac saab",2
2015,2,"classic lexus",2
2015,2,"classic volkswagen",2
2015,2,"coastal mitsubishi coastal hyundai",2
2015,2,"coastal union remarketing",2
2015,2,"cocoa hyundai inc",2
2015,2,"coggin bmw treasure coast",2
2015,2,"coggin deland ford",2
2015,2,"coggin deland hyundai",2
2015,2,"coggin toyota at the avenues",2
2015,2,"colonial auto sales",2
2015,2,"colonial toyota",2
2015,2,"community auto sales inc",2
2015,2,"contemporary mitsubishi",2
2015,2,"contemporary motorcar ltd",2
2015,2,"continental motors inc",2
2015,2,"conway chry dodge jeep inc",2
2015,2,"costa mesa nissan",2
2015,2,"cougar auto sales",2
2015,2,"coulter nissan",2
2015,2,"courtesy chevrolet",2
2015,2,"courtesy hyundai",2
2015,2,"craig & landreth inc.",2
2015,2,"credit union 1",2
2015,2,"crest ford inc",2
2015,2,"crossroads auto center",2
2015,2,"crossroads chrysler jeep dodge",2
2015,2,"crossroads ford inc",2
2015,2,"crossroads ford lincoln of shelby",2
2015,2,"crossroads ford of indian trail",2
2015,2,"crossroads ford of wake forest inc",2
2015,2,"crown auto sales/leasing",2
2015,2,"crown chrysler jeep inc",2
2015,2,"crown kia",2
2015,2,"crown motor co inc",2
2015,2,"crown nissan",2
2015,2,"dan welles southtown inc",2
2015,2,"daniels bmw mini of allentown",2
2015,2,"darcars chrysler jeep",2
2015,2,"dave syverson ford lin mer",2
2015,2,"dave's auto",2
2015,2,"dch honda of temecula",2
2015,2,"deals r us auto sales inc",2
2015,2,"dean mccrary kia",2
2015,2,"deer valley fleet & leasing",2
2015,2,"derwood auto sales",2
2015,2,"dewey dodge jeep",2
2015,2,"dick brantmeier ford inc",2
2015,2,"dimmitt chevrolet inc",2
2015,2,"discount car and truck rentals",2
2015,2,"dixie buick gmc truck inc",2
2015,2,"dollar/thrifty car and truck rentals",2
2015,2,"don beyer volvo winchester",2
2015,2,"don davis dodge chrysler jeep ram",2
2015,2,"don whites timonium chrysler jeep dodge",2
2015,2,"dowling toyota of litchfield",2
2015,2,"dream jeep",2
2015,2,"driveway leasing",2
2015,2,dtag,2
2015,2,"dupaco community credit union",2
2015,2,"e & g exotic auto sales inc",2
2015,2,"eagle automotives inc",2
2015,2,"eastern vehicle recycling inc",2
2015,2,"ed murdock ford",2
2015,2,"educational system fcu",2
2015,2,"edwards subaru hyundai",2
2015,2,"elco chevrolet inc",2
2015,2,"elite auto financing",2
2015,2,"elite auto group llc",2
2015,2,"elmhurst auto group ltd",2
2015,2,"ent fcu",2
2015,2,"enterprise car sales",2
2015,2,"enterprise fleet services/st louis",2
2015,2,"enterprise rent a car/hyundai",2
2015,2,"enterprise vehicle exchange/sharonville",2
2015,2,"escamilla ford inc",2
2015,2,"essen motor company inc",2
2015,2,"everett chevrolet inc",2
2015,2,"evolve federal credit union",2
2015,2,"exotic euro cars",2
2015,2,"exotics car rentals for less inc",2
2015,2,"fairfield chevrolet cadillac",2
2015,2,"fairfield honda",2
2015,2,"fairway motor cars inc",2
2015,2,"fast lane direct llc",2
2015,2,"fdic leasing",2
2015,2,"federated financial corporation",2
2015,2,"fiat of las vegas",2
2015,2,"findlay north volkswagen",2
2015,2,"first america auto center",2
2015,2,"first team hyu-nis-sub-vw auto mall",2
2015,2,"fiserv/grow financial fcu",2
2015,2,"flag/cotroneo auto group",2
2015,2,"flag/dash motors inc",2
2015,2,"flag/fort worth audi",2
2015,2,"flag/left lane exotics llc",2
2015,2,"fleet link services inc",2
2015,2,"fleet street remarketing (heavy)",2
2015,2,"florida auto and truck exchange inc",2
2015,2,"florida european inc",2
2015,2,"fort collins dodge chrysler jeep",2
2015,2,"fratelli auto repair",2
2015,2,"fredericktowne motors inc",2
2015,2,"fredy kia",2
2015,2,"freehold dodge inc",2
2015,2,"freeman buick gmc",2
2015,2,"ft trade financial dba ft acceptance corporation",2
2015,2,"g h n leasing corporation",2
2015,2,"gardelli motors",2
2015,2,"gardner motors inc",2
2015,2,"georges used car sales inc",2
2015,2,"gilboy automotive group",2
2015,2,"gilboy volkswagen inc",2
2015,2,"global auto group inc",2
2015,2,"grand strand nissan inc",2
2015,2,"grant motors corp",2
2015,2,"grieco nissan",2
2015,2,"grossinger toyota north",2
2015,2,"gsa sales inc",2
2015,2,"guard auto sales",2
2015,2,"gurley leep imports inc",2
2015,2,"hamel chevrolet buick gmc ltee",2
2015,2,"hampton roads finance company",2
2015,2,"harborstone credit union",2
2015,2,"harr motors inc",2
2015,2,"hatfield kia",2
2015,2,"heartland motors inc",2
2015,2,"hendersonville auto brokers",2
2015,2,"hendrick alfa romeo fiat of concord",2
2015,2,"hendrick chevrolet buick gmc cadillac southpoint",2
2015,2,"hendrick chrysler jeep",2
2015,2,"hendrick durham auto mall",2
2015,2,"hendrick hyundai",2
2015,2,"hendrick lexus",2
2015,2,"hendrick lexus kansas city",2
2015,2,"hendrick lexus northlake",2
2015,2,"hertrich ford lincoln mercury",2
2015,2,"hertrich toyota scion",2
2015,2,"hertz corporation/non pgm",2
2015,2,"hinshaws acura",2
2015,2,"holman ford lincoln turnersville",2
2015,2,"holman infiniti",2
2015,2,"hometown motors inc",2
2015,2,"honda of superstition springs",2
2015,2,"horne ford of nogales llc",2
2015,2,"ht automotive llc",2
2015,2,"huffines chrysler jeep dodge lewisville",2
2015,2,"huntington beach ford",2
2015,2,"i 10 toyota",2
2015,2,"i g burton & co inc",2
2015,2,"imperial auto mall llc",2
2015,2,"imperial auto sales inc",2
2015,2,"imperial chrysler dodge jeep corp",2
2015,2,"imports by day inc",2
2015,2,"infiniti of coconut creek",2
2015,2,"inland northwest financial services",2
2015,2,"intercorp holdings llc",2
2015,2,"iverson chrysler center inc",2
2015,2,"j & e auto sales",2
2015,2,"j & k auto gallery inc",2
2015,2,"j michael enterprises",2
2015,2,"jack sherman toyota scion",2
2015,2,"jacobs motors",2
2015,2,"jaguar porsche volvo of greenville",2
2015,2,"jessup cad buick pont gmc saab hummer chev",2
2015,2,"jg elite enterprises",2
2015,2,"jim carlson leasing company",2
2015,2,"jim coleman toyota inc",2
2015,2,"jmj motors",2
2015,2,"joel auto sales",2
2015,2,"john elway chevrolet",2
2015,2,"jorgensen ford inc",2
2015,2,"joyce motors corp",2
2015,2,"k c motors",2
2015,2,"kas kibo auto sales corp",2
2015,2,"katy kars",2
2015,2,"kb express auto sales",2
2015,2,"kearny pearson kia",2
2015,2,"keller bros ford",2
2015,2,"kentucky telco fcu",2
2015,2,"kern auto remarketing",2
2015,2,"keweenaw automotive inc",2
2015,2,"keystone motors",2
2015,2,"kings auto ltd",2
2015,2,"kirtland fcu",2
2015,2,"kisselback ford",2
2015,2,"knoepfler chevrolet co",2
2015,2,"knudtsen chevrolet company",2
2015,2,"koons lexus of wilmington",2
2015,2,"koons silver spring ford lincoln",2
2015,2,"kuehn motor co inc",2
2015,2,"l & b auto sales corp",2
2015,2,"l & k enterprises",2
2015,2,"lafontaine cadillac buick gmc inc",2
2015,2,"lagrange toyota inc",2
2015,2,"lake trust credit union",2
2015,2,"lakeland chrysler dodge jeep",2
2015,2,"land rover minneapolis",2
2015,2,"land rover sls & service of hoffman estates inc",2
2015,2,"landmark dodge inc",2
2015,2,"langley fcu",2
2015,2,"larry h miller bountiful chrysler jeep dodge",2
2015,2,"larry h miller toyota corona",2
2015,2,"lease plan/napleton auto werks",2
2015,2,"lee dodge",2
2015,2,"lee f slaughter fine cars since 1948",2
2015,2,"legacy toyota of tallahassee",2
2015,2,"lehman hyundai",2
2015,2,"lester glenn ford",2
2015,2,"lexus of glendale",2
2015,2,"lexus of greenville",2
2015,2,"lexus of henderson",2
2015,2,"lexus of las vegas",2
2015,2,"lexus of serramonte",2
2015,2,"lexus of woodland hills",2
2015,2,"lic motors inc",2
2015,2,"lindsay volkswagen of dulles",2
2015,2,"liquidation llc",2
2015,2,"lithia volkswagen of des moines audi des moines",2
2015,2,"lobel financial corp",2
2015,2,"riverside toyota scion",2
2015,2,"robbie joyners auto sales llc",2
2015,2,"robert chevrolet inc",2
2015,2,"roberts toyota",2
2015,2,"roger dean chevrolet inc",2
2015,2,"romeo chevrolet buick gmc llc",2
2015,2,"ron tonkin honda",2
2015,2,"ronningen motors llc",2
2015,2,"roush honda",2
2015,2,"route 22 auto sales inc.",2
2015,2,"roy schmidt honda",2
2015,2,"rpm luxury auto sales inc",2
2015,2,"russell & smith ford inc",2
2015,2,"sam leman chry jeep dodge of morton",2
2015,2,"san francisco police credit union",2
2015,2,"san tan ford",2
2015,2,"savage dodge",2
2015,2,"schroeder motors llc",2
2015,2,"schumacher chevrolet of clifton",2
2015,2,"security national automotive acceptance corp",2
2015,2,"shadlows auto sales & brokerage",2
2015,2,"shaver automotive group inc",2
2015,2,"sheehy nissan of waldorf",2
2015,2,"sierra toyota",2
2015,2,"sky motor cars",2
2015,2,"skyline auto sales inc",2
2015,2,"smart toyota of quad cities",2
2015,2,"south bay hyundai",2
2015,2,"southern cascade finance",2
2015,2,"southern remarketing solutions",2
2015,2,"southtown chrysler dodge jeep",2
2015,2,"southwest business corporation",2
2015,2,"standley p.m. corporation(2)",2
2015,2,"stanford car co",2
2015,2,"stanley chrysler - dodge - jeep - gatesville",2
2015,2,"stanley chrysler dodge jeep brownwood",2
2015,2,"stanley ford mercury - eastland",2
2015,2,"starco financial llc",2
2015,2,"starling chevrolet",2
2015,2,"sterimark motors inc",2
2015,2,"sterling bmw",2
2015,2,"sterling finance company",2
2015,2,"sterling mccall toyota",2
2015,2,"steve and sons auto sales llc",2
2015,2,"stevens creek hyundai",2
2015,2,"stevens ford inc",2
2015,2,"stevinson imports inc",2
2015,2,"street smartz auto sales corporation",2
2015,2,"subaru financial services",2
2015,2,"sullivan cadillac",2
2015,2,"sullivan luxury cars llc",2
2015,2,"sun motor cars bmw",2
2015,2,"sunrise ford company",2
2015,2,"sutton leasing inc",2
2015,2,"sw1 remarketing",2
2015,2,"tampa honda",2
2015,2,"tantramar chevrolet buick gmc (2009) ltd",2
2015,2,"teds auto inc",2
2015,2,"tel tone comm inc",2
2015,2,"telco cu",2
2015,2,"tenvoorde ford inc",2
2015,2,"the auto mall of effingham",2
2015,2,"the auto show inc",2
2015,2,"the car store",2
2015,2,"the faricy boys",2
2015,2,"the key finance",2
2015,2,"the western motor co inc",2
2015,2,"thornton chevrolet inc",2
2015,2,"thrifty car sales",2
2015,2,"tom wood nissan inc",2
2015,2,"toms truck center inc",2
2015,2,"toyota mont laurier",2
2015,2,"toyota of greenville",2
2015,2,"toyota of melbourne",2
2015,2,"toyota of tampa bay",2
2015,2,"toyota walnut creek",2
2015,2,"tri county chrysler dodge jeep ram",2
2015,2,"triangle rent a car",2
2015,2,"trucks unlimited inc",2
2015,2,"u save auto rental",2
2015,2,"uncle ang auto sales",2
2015,2,"united auto credit/irvine",2
2015,2,"united fcu",2
2015,2,"valenti motors inc",2
2015,2,"vci/auto gallery",2
2015,2,"vegas motorcars inc",2
2015,2,"velocity credit union",2
2015,2,"veros credit",2
2015,2,"village euro motors inc",2
2015,2,"volkswagen of duluth",2
2015,2,"volkswagen of gainesville",2
2015,2,"volvo na lemon law/world omni",2
2015,2,"webb chevrolet plainfield inc",2
2015,2,"weber granite city chevrolet company",2
2015,2,"whites auto sales llc",2
2015,2,"wholesale outlet inc",2
2015,2,"woodhouse nissan inc",2
2015,2,"xtreme auto wholesalers inc",2
2015,2,"yates buick gmc inc",2
2015,2,"zimbrick eastside",2
2015,2,"rippy cadillac llc",1
2015,2,"rite car",1
2015,2,"river city fcu",1
2015,2,"rivergate toyota",1
2015,2,"robbins motor sports llc",1
2015,2,"rochester auto exchange",1
2015,2,"rochester ford",1
2015,2,"rock chevrolet",1
2015,2,"rolling hills auto plaza",1
2015,2,"rollins automotive",1
2015,2,"romano toyota ltd",1
2015,2,"ron bouchard auto sales inc",1
2015,2,"rosen nissan inc",1
2015,2,"roseville buick gmc",1
2015,2,"rosner ford",1
2015,2,"roswell auto brokers inc",1
2015,2,"roth cadillac",1
2015,2,"route 22 nissan inc",1
2015,2,"route 44 toyota",1
2015,2,"roy foss motors ltd",1
2015,2,"royal auto sales",1
2015,2,"royal auto trading",1
2015,2,"royal edition motors inc",1
2015,2,"royal import cars llc",1
2015,2,"royal oaks motors inc",1
2015,2,"rte 6 auto max",1
2015,2,"rush city auto",1
2015,2,rvr,1
2015,2,"sac federal credit union",1
2015,2,"safe federal credit union",1
2015,2,"sam boswell honda",1
2015,2,"san antonio fcu",1
2015,2,"san jose auto exchange",1
2015,2,"sandia area fcu",1
2015,2,"sandy sansing mazda",1
2015,2,"santa margarita ford",1
2015,2,"santee automotive llc",1
2015,2,"sarabia auto sales llc",1
2015,2,"sarge's auto sales inc",1
2015,2,"saxon fleet services",1
2015,2,"sc automotive world",1
2015,2,"schlossmanns dodge city chrysler jeep",1
2015,2,"schukei chevrolet inc",1
2015,2,"scott evans chrysler dodge jeep",1
2015,2,"scott evans nissan",1
2015,2,"scott london auto sales of nj",1
2015,2,"seay motors llc",1
2015,2,"security first credit union",1
2015,2,"select auto sales",1
2015,2,"select jeeps inc",1
2015,2,"select remarketing group llc/anderson financial",1
2015,2,"select remarketing group llc/loan max title",1
2015,2,"selective autoplex",1
2015,2,"sell your car here",1
2015,2,"sellers-sexton inc",1
2015,2,"sensible auto lending llc",1
2015,2,"serra chev olds honda chrysler",1
2015,2,"seven seventeen credit union inc.",1
2015,2,"seven town trading inc",1
2015,2,"shamaley buick gmc",1
2015,2,"sharlene realty llc",1
2015,2,"sheehy ford ashland",1
2015,2,"sheehy ford inc",1
2015,2,"sheehy ford of warrenton",1
2015,2,"sheehy nissan",1
2015,2,"sheehy nissan of springfield inc.",1
2015,2,"shell fcu",1
2015,2,"shemwell motor company",1
2015,2,"shockley honda",1
2015,2,"signature rent a car",1
2015,2,"silver creek ford",1
2015,2,"simon luxury motorcars ltd",1
2015,2,"sims buick gmc nissan",1
2015,2,"sioux falls ford inc",1
2015,2,"sixrentals corp",1
2015,2,"sixt rent a car",1
2015,2,"skyline cars inc",1
2015,2,"smart drive llc",1
2015,2,"soeby motor company",1
2015,2,"somerville national lease & rentals ltd",1
2015,2,"sondos trade company",1
2015,2,"sonic crest honda llc",1
2015,2,"sonic momentum jvp lp",1
2015,2,"sons acura",1
2015,2,"sons honda",1
2015,2,"source one adj of ohio inc/wright-patt cu",1
2015,2,"south carolina state credit union",1
2015,2,"south florida education fcu",1
2015,2,"south street auto sales",1
2015,2,"southern auto exchange",1
2015,2,"southern auto finance company/ft lauderdale",1
2015,2,"southern auto wholesale inc",1
2015,2,"southland credit union",1
2015,2,"southwest financial and leasing",1
2015,2,"spallco rentals",1
2015,2,"spc credit union",1
2015,2,"speed club inc",1
2015,2,"speedy auto sales inc",1
2015,2,"sportchassis of texas",1
2015,2,"sports & imports inc",1
2015,2,"springfield toyota",1
2015,2,"ss motors llc",1
2015,2,"stan bennett sales inc",1
2015,2,"stan mcnabb ford llc",1
2015,2,"stanley chevrolet buick gmc gatesville",1
2015,2,"stanley chevrolet pontiac kaufman",1
2015,2,"stanley ford lincoln mercury brownfield",1
2015,2,"stanley ford-mcgregor",1
2015,2,"state college ford lincoln mercury inc",1
2015,2,"state employees credit union",1
2015,2,"stateline chrysler jeep dodge inc",1
2015,2,"sterling auto sales",1
2015,2,"sterling car sales",1
2015,2,"sterling heights d-c-j",1
2015,2,"steve foley cadillac inc",1
2015,2,"steve landers toyota",1
2015,2,"stevens creek auto imports",1
2015,2,"stevens creek bmw",1
2015,2,"stevinson lexus of frederick",1
2015,2,"stew hansen hyundai",1
2015,2,"stg auto group",1
2015,2,"stivers ford lincoln",1
2015,2,"stoney ledge auto sales llc",1
2015,2,"streuter chevrolet inc",1
2015,2,"subaru of clear lake",1
2015,2,"summs skip & collections",1
2015,2,"sun motor cars inc",1
2015,2,"sunrise volkswagen inc",1
2015,2,"super deal motors",1
2015,2,"super discount auto sales corp",1
2015,2,"superior auto rental",1
2015,2,"superior chevrolet",1
2015,2,"superior motor cars inc",1
2015,2,"superior motors inc",1
2015,2,"supreme imports llc",1
2015,2,"supreme vehicle sales llc",1
2015,2,"surf city nissan",1
2015,2,"svz auto group inc",1
2015,2,"sylvain beauchemin auto enr",1
2015,2,"t&t auto sales",1
2015,2,"tamaroff leasing co",1
2015,2,"tampa bay autonetwork",1
2015,2,"tampa truck depot inc",1
2015,2,"tate's auto center of winslow",1
2015,2,"tc auto ny inc",1
2015,2,"tcj turbo llc",1
2015,2,"td auto finance consignments",1
2015,2,"td auto finance/advantage/sw tex/risk",1
2015,2,"tdaf remarketing/central group inc",1
2015,2,"team toyota",1
2015,2,"tech auto sales inc",1
2015,2,"tennessee employees credit union",1
2015,2,"terry chapin nissan",1
2015,2,"terry cullen southlake chev inc",1
2015,2,"texas auto",1
2015,2,"the luxury haus inc",1
2015,2,"the motor company inc",1
2015,2,"the truck junction inc",1
2015,2,"thirtieth avenue car corral inc",1
2015,2,"thrift auto sales inc",1
2015,2,"thrift investment corporation",1
2015,2,"thrifty rent a car/tulsa",1
2015,2,"thunder road automotive llc.",1
2015,2,"tilton automotive llc",1
2015,2,"tim dahle nissan",1
2015,2,"tim dahle nissan of southtowne",1
2015,2,"tim whitehead chrysler dodge jeep inc",1
2015,2,"times trading ltd",1
2015,2,"tims buick hyundai subaru & gmc inc",1
2015,2,"tj auto",1
2015,2,"tom gill chevrolet",1
2015,2,"tom griffiths autos wholesale",1
2015,2,"tom kadlec honda",1
2015,2,"tom mellett automobiles/dba carstore leasing",1
2015,2,"tom williams imports llc",1
2015,2,"tom wood toyota",1
2015,2,"tom wood volkswagen",1
2015,2,"topline automotive inc",1
2015,2,"toronto auto broker",1
2015,2,"tortuguero auto y/o oriental",1
2015,2,"total auto rent",1
2015,2,"town & country car & truck ctr inc",1
2015,2,"town & country ford llc.",1
2015,2,"town and country motors",1
2015,2,"towne bmw mini",1
2015,2,"toyota of boerne",1
2015,2,"toyota of bristol",1
2015,2,"toyota of brookhaven",1
2015,2,"toyota of dallas",1
2015,2,"toyota of mcdonough scion of mcdonough",1
2015,2,"toyota of north miami",1
2015,2,"toyota of poway",1
2015,2,"toyota of west covina",1
2015,2,"toyota of york",1
2015,2,"toyota scion of downtown la",1
2015,2,"toyota scion of gladstone",1
2015,2,"toyota volvo of keene",1
2015,2,"toyota west",1
2015,2,"trade motors sales corp",1
2015,2,"treasure coast toyota of stuart",1
2015,2,"trg sales inc",1
2015,2,"tri state leasing",1
2015,2,"tri state leasing inc",1
2015,2,"tri-county motor co.",1
2015,2,"triangle chevrolet buick inc",1
2015,2,"triple m auto finders",1
2015,2,"truck time",1
2015,2,"trucks & cars for less",1
2015,2,"truliant fcu",1
2015,2,"ttcu the credit union",1
2015,2,"tumminia mazda",1
2015,2,"tustin community bank",1
2015,2,"twelve oaks auto",1
2015,2,"twin city toyota",1
2015,2,"u-save car and truck rental",1
2015,2,"udrive chicago inc",1
2015,2,"union auto credit",1
2015,2,"united auto credit/hurst",1
2015,2,"united imports inc",1
2015,2,"universal auto gallery inc",1
2015,2,"universal toyota",1
2015,2,"university first federal credit union",1
2015,2,"university of iowa community credit union",1
2015,2,"university of iowa credit union",1
2015,2,"university toyota",1
2015,2,"used auto",1
2015,2,"usf federal credit union",1
2015,2,"utah used car sales",1
2015,2,"valor federal credit union",1
2015,2,"van pool hawaii vpsi inc",1
2015,2,"van subaru",1
2015,2,"vci/audi mission viejo",1
2015,2,"vci/stone mountain volkswagen",1
2015,2,"vci/volkswagen north scottsdale",1
2015,2,"vci/walters auto sales/service inc",1
2015,2,"velcor leasing corp",1
2015,2,"velocity auto broker inc",1
2015,2,"veridian credit union",1
2015,2,"victoria auto",1
2015,2,"victoria motors llc",1
2015,2,"victory auto",1
2015,2,"victory auto group llc",1
2015,2,"vigils auto sales",1
2015,2,"villa toyota scion",1
2015,2,"visalia toyota dba visalia scion",1
2015,2,"vision ford lincoln mercury inc",1
2015,2,"viva las vegas autos inc",1
2015,2,"volkswagen of america",1
2015,2,"volkswagen of hartford",1
2015,2,"volkswagen of kirkland",1
2015,2,"volkswagen of murrieta",1
2015,2,"volvo of brentwood",1
2015,2,"volvo of cincinnati",1
2015,2,"volvo of fredericksburg",1
2015,2,"volvo of orange county",1
2015,2,"walker bros. auto sales",1
2015,2,"walser bloomington toyota",1
2015,2,"wantz chevrolet inc",1
2015,2,"warren henry jaguar",1
2015,2,"washtenaw fcu",1
2015,2,"watson chevrolet",1
2015,2,"weikert ford inc",1
2015,2,"weimer chrysler dodge jeep ram",1
2015,2,"wesley chapel nissan",1
2015,2,"west coast motor sales & leasing corp",1
2015,2,"west county performance",1
2015,2,"west end autos",1
2015,2,"west hills chrysler jeep dodge",1
2015,2,"west york chev olds leasing inc",1
2015,2,"westbury imports llc",1
2015,2,"western brok venture ltd",1
2015,2,"westmont m imports inc",1
2015,2,"weston auto gallery",1
2015,2,"westwood auto sales llc",1
2015,2,"wheel estate llc",1
2015,2,"wheels r us inc",1
2015,2,"white allen european auto group",1
2015,2,"white sands fcu",1
2015,2,"wholesale enterprise inc",1
2015,2,"wilder vw nissan",1
2015,2,"william h porter inc",1
2015,2,"williams automotive wholesale",1
2015,2,"williams buick gmc",1
2015,2,"wilmar leasing inc",1
2015,2,"wilson auto wholesale",1
2015,2,"wondries toyota",1
2015,2,"woodbridge motors inc",1
2015,2,"woody anderson ford",1
2015,2,"world auto financial llc",1
2015,2,"world toyota",1
2015,2,"world wide investments llc",1
2015,2,"wranglers unlimited llc",1
2015,2,"wtb auto llc",1
2015,2,"yucca valley chrysler plymouth dodge inc",1
2015,2,"z line auto wholesalers corp",1
2015,2,"zeigler chevrolet-schaumburg llc",1
2015,2,"zimbrick bmw",1
2015,2,"zimbrick volkswagen of madison",1
2015,2,"zmax moto leasing inc",1
2015,2,"1491081 alberta inc.",1
2015,2,"1solution auto network llc",1
2015,2,"1st advantage fcu",1
2015,2,"1st liberty federal credit union",1
2015,2,"1st mid america credit union",1
2015,2,"1st national bank of scotia",1
2015,2,"3 in one auto sales inc",1
2015,2,"3117839 canada inc",1
2015,2,"66 auto sales",1
2015,2,"888 motors",1
2015,2,"91 automotive west",1
2015,2,"a automotive llc",1
2015,2,"a g auto sales",1
2015,2,"a plus auto sales inc",1
2015,2,"a plus fine cars",1
2015,2,"a v auto sales llc",1
2015,2,"a.n.a auto sales llc",1
2015,2,"a/k auto sales",1
2015,2,"a&c wholesale",1
2015,2,"a1 group inc",1
2015,2,"aaa auto wholesale ltd",1
2015,2,"aaero sweet company",1
2015,2,"aarts enterprise inc",1
2015,2,"aatc auto",1
2015,2,"absolute hyundai of mesquite",1
2015,2,"ace auto group",1
2015,2,"acme auto leasing llc",1
2015,2,"action auto sales inc",1
2015,2,"acura north scottsdale",1
2015,2,"acura of augusta",1
2015,2,"acura of concord",1
2015,2,"acura of pleasanton",1
2015,2,"advantage rent a car a/r",1
2015,2,"adventure rv & auto sales inc",1
2015,2,"aero corporation",1
2015,2,"afg/roquemore and roquemore inc",1
2015,2,"afg/roquemore and roquemore inc.",1
2015,2,"ag auto group llc",1
2015,2,"airport infiniti",1
2015,2,"aj auto sales llc",1
2015,2,"al packer's luxury imports",1
2015,2,"alamo leasing co",1
2015,2,"alamo leasing co inc",1
2015,2,"albany ford subaru",1
2015,2,"albright motor company",1
2015,2,"alen's auto sales inc",1
2015,2,"alex's autobody repair & sales",1
2015,2,"alexander dodge chrysler jeep inc",1
2015,2,"alexander r antkowiak auto sales",1
2015,2,"alexander subaru inc",1
2015,2,"alexandria motor company",1
2015,2,"alexandria toyota inc",1
2015,2,"all american auto mart inc",1
2015,2,"all american ford of kingston llc",1
2015,2,"all car canada",1
2015,2,"all pro leasing",1
2015,2,"all pro sales & leasing inc",1
2015,2,"all season motors corp",1
2015,2,"all star mitsubishi",1
2015,2,"allcar leasing",1
2015,2,"allied acceptance corp",1
2015,2,"allstate leasing & sales inc",1
2015,2,"alse auto",1
2015,2,"amco motor sales",1
2015,2,"american auto finance",1
2015,2,"american auto sales",1
2015,2,"american financial",1
2015,2,"american financial inc",1
2015,2,"american honda motor company (buybacks)",1
2015,2,"american leasing/northstar",1
2015,2,"american motor group",1
2015,2,"american wholesalers inc",1
2015,2,"americas automotive",1
2015,2,"amg auto traders",1
2015,2,"amherst autoplace inc",1
2015,2,"amigo auto sales",1
2015,2,"anchor motors limited",1
2015,2,"ancira chrysler jeep dodge",1
2015,2,"ancor financing inc",1
2015,2,"anderson motor company of crystal lake inc",1
2015,2,"andy glockner honda toyota",1
2015,2,"ankrom auto llc",1
2015,2,"apex auto wholesalers/apex auto lease",1
2015,2,"apollo auto finance llc",1
2015,2,"apple ford",1
2015,2,"apple honda",1
2015,2,"arb/psi return",1
2015,2,"archer-perdue suzuki",1
2015,2,"arizona auto sales inc",1
2015,2,"arizona state credit union",1
2015,2,"arrigo dodge chrysler jeep ram ft pierce",1
2015,2,"arrigo dodge chrysler jeep ram sawgrass",1
2015,2,"arrowhead honda",1
2015,2,"ars/all vehicle leasing",1
2015,2,"ars/brac of harrisburg dba aero corp",1
2015,2,"ars/executive car leasing co",1
2015,2,"ars/shaker auto leasing",1
2015,2,"arsenal credit union",1
2015,2,"asanka cars.com inc",1
2015,2,"ashland ford chrysler",1
2015,2,"astorg ford lincoln mercury",1
2015,2,"atlanta auto exchange",1
2015,2,"atlanta auto world",1
2015,2,"atlanta classic cars inc",1
2015,2,"atlanta dealer trades inc",1
2015,2,"atlantic coast remarketing inc/kdi",1
2015,2,"atwater ford inc",1
2015,2,"aubrey alexander toyota",1
2015,2,"auction insurance agency",1
2015,2,"audi of wallingford",1
2015,2,"audi plano",1
2015,2,"audi st paul",1
2015,2,"audi warwick",1
2015,2,"audi west covina",1
2015,2,"auffenberg ford inc",1
2015,2,"auto & truck village inc",1
2015,2,"auto advantage finance",1
2015,2,"auto city",1
2015,2,"auto city motors inc",1
2015,2,"auto collection of murfreesboro inc",1
2015,2,"auto connection",1
2015,2,"auto depot",1
2015,2,"auto estates inc",1
2015,2,"auto et moto gilles cloutier inc",1
2015,2,"auto network group inc",1
2015,2,"auto one usa",1
2015,2,"auto plaza motor sports llc",1
2015,2,"auto premier sales inc",1
2015,2,"auto remarketing resources",1
2015,2,"auto rental etc",1
2015,2,"auto row sales center inc",1
2015,2,"auto village llc",1
2015,2,"auto world motors",1
2015,2,"auto world sales & service llc",1
2015,2,"auto xchange inc",1
2015,2,autobaun,1
2015,2,"autocam estrie",1
2015,2,"autocelli inc",1
2015,2,"autofarm buick gmc",1
2015,2,"autofinders inc",1
2015,2,automart,1
2015,2,"automatic car credit inc.",1
2015,2,"autonation acura sanford",1
2015,2,"autonation cadillac west palm beach",1
2015,2,"autonation chevrolet doral",1
2015,2,"autonation chevrolet west colonial",1
2015,2,"autonation chrysler dodge jeep ram roseville",1
2015,2,"autonation chrysler dodge jeep ram spring",1
2015,2,"autonation ford arlington",1
2015,2,"autonation ford fort worth",1
2015,2,"autonation ford lincoln orange park",1
2015,2,"autonation ford miami",1
2015,2,"autonation ford sanford",1
2015,2,"autonation honda 104",1
2015,2,"autonation honda at bel air mall",1
2015,2,"autonation honda hollywood",1
2015,2,"autonation honda lewisville",1
2015,2,"autonation honda miami lakes",1
2015,2,"autonation honda sanford",1
2015,2,"autonation honda south corpus christi",1
2015,2,"autonation honda thornton road",1
2015,2,"autonation lincoln clearwater",1
2015,2,"autonation nissan memphis",1
2015,2,"autonation toyota pinellas park",1
2015,2,"autonation toyota thornton road",1
2015,2,"autonation toyota winter park",1
2015,2,autoplex,1
2015,2,"autoprice canada",1
2015,2,"autos 4 less",1
2015,2,"autoshow sales and service",1
2015,2,"autosource motors inc",1
2015,2,"autostrada enterprises llc",1
2015,2,"avis rac/pv holding/san francisco",1
2015,2,"avis rent a car systems/newark",1
2015,2,"avis rent a car/harrisburg",1
2015,2,"avis rent a car/hyundai",1
2015,2,"azf auto inc",1
2015,2,"b & j wholesale inc",1
2015,2,"baileys truck & auto sales",1
2015,2,"baker automotive inc",1
2015,2,"balboa auto sales inc",1
2015,2,"balboa thrift & loan association",1
2015,2,"bank of hawaii auto leasing department",1
2015,2,"barbush rentals/hyundai",1
2015,2,"barley chase chevrolet buick inc",1
2015,2,"barrera auto sales",1
2015,2,"barreth chrysler center inc",1
2015,2,"bass auto",1
2015,2,"battlefield kia",1
2015,2,"baytown ford",1
2015,2,"bb motors",1
2015,2,"bdhc inc",1
2015,2,"beaumont management co llc",1
2015,2,"beck & masten kia of tomball",1
2015,2,"beck & masten pontiac gmc hummer truck inc",1
2015,2,"bedard bros chevrolet",1
2015,2,"belair road discount auto sales",1
2015,2,"bellavia buick inc",1
2015,2,"bellco credit union",1
2015,2,"bellmobile inc",1
2015,2,"bend honda",1
2015,2,"bendary car corp",1
2015,2,"bergeys buick gmc",1
2015,2,"berglund chev buick jeep",1
2015,2,"berkley motors",1
2015,2,"berkshire bank",1
2015,2,"bert ogden chevrolet inc",1
2015,2,"berthod motors inc",1
2015,2,"beshoff motorcars",1
2015,2,"bessette automobile inc",1
2015,2,"best buy auto brokers inc",1
2015,2,"best buy auto inc.",1
2015,2,"best value auto sales inc",1
2015,2,"bic motors llc",1
2015,2,"bidlane llc",1
2015,2,"big country chevrolet inc",1
2015,2,"big joes auto sales",1
2015,2,"bill luke fiat",1
2015,2,"bill pearce motors",1
2015,2,"billingsley ford of lawton llc",1
2015,2,"billion dodge chrysler jeep",1
2015,2,"billotti auto sales",1
2015,2,"blackman motors inc",1
2015,2,"bmw financial services",1
2015,2,"bmw of annapolis/mini of annapolis",1
2015,2,"bmw of el paso",1
2015,2,"bmw of fort myers",1
2015,2,"bmw of fresno",1
2015,2,"bmw of houston north",1
2015,2,"bmw of las vegas",1
2015,2,"bmw of mamaroneck",1
2015,2,"bmw of nashville",1
2015,2,"bmw of peabody",1
2015,2,"bmw of san diego",1
2015,2,"bmw of the hudson valley",1
2015,2,"bmw of vista",1
2015,2,"bmw of west houston",1
2015,2,"boast volkswagen",1
2015,2,"bob baker volkswagen subaru",1
2015,2,"bob harper ford inc",1
2015,2,"bobs rentals inc dba/avis",1
2015,2,"border federal credit union",1
2015,2,"bourne enterprises",1
2015,2,"boyd automotive",1
2015,2,"boyd boys auto & truck",1
2015,2,"boyd brothers ford inc",1
2015,2,"brac of harrisburg dba aero corp",1
2015,2,"braman honda",1
2015,2,"braman hyundai",1
2015,2,"brand automotive financial services",1
2015,2,"brantford kia",1
2015,2,"broadway garage of columbia county inc",1
2015,2,"brooklyn pk automotive inc",1
2015,2,"brookside motors inc",1
2015,2,"brown chevrolet co inc",1
2015,2,"brown's leesburg hyundai",1
2015,2,"browns ford of amsterdam inc",1
2015,2,"brumos motor cars inc",1
2015,2,"bryan honda",1
2015,2,"bud brown volkswagen llc",1
2015,2,"bud smail motorcars ltd",1
2015,2,"budds chev cadillac buick gmc",1
2015,2,"budget auto",1
2015,2,"budget rent a car of memphis",1
2015,2,"budget truck sales",1
2015,2,"bulldog fcu",1
2015,2,"burdick lexus",1
2015,2,"burge floyd auto & leasing",1
2015,2,"burns buick gmc inc",1
2015,2,"burt watson chevrolet inc",1
2015,2,"busam subaru",1
2015,2,"business leasing & management corp",1
2015,2,"byers imports llc",1
2015,2,"byers kia",1
2015,2,"c & f remarketing llc",1
2015,2,"c a p auto sales inc",1
2015,2,"c&a auto ny corp",1
2015,2,"c&c enterprises",1
2015,2,"cadillac of sioux falls",1
2015,2,"caldwell leasing",1
2015,2,"california auto finance",1
2015,2,"california connection auto leasing llc",1
2015,2,"cannon motors inc",1
2015,2,"capital city motor worx",1
2015,2,"capital ford inc",1
2015,2,"capital ford lincoln of wilmington",1
2015,2,"capitol chevrolet & imports inc",1
2015,2,"car & truck rentals inc",1
2015,2,"car chase llc",1
2015,2,"car drop",1
2015,2,"car mart leasing and sales inc",1
2015,2,"car request inc",1
2015,2,"car sense inc",1
2015,2,"car west leasing & fleet",1
2015,2,"carbiz solutions inc.",1
2015,2,"carex inc",1
2015,2,"carolina finance llc",1
2015,2,"cars 2 credit",1
2015,2,"cars 2 go",1
2015,2,"cars group finance & sales",1
2015,2,"carsense incorporated",1
2015,2,"carters used cars",1
2015,2,"cartwright motors",1
2015,2,"carvant financial llc",1
2015,2,"casa nissan inc",1
2015,2,"caspian group inc",1
2015,2,"cella ford inc",1
2015,2,"cellexpress inc",1
2015,2,"centennial mazda",1
2015,2,centerone/macul,1
2015,2,"centerone/southeast toyota distributors",1
2015,2,"centex truck and auto",1
2015,2,"central auto outlet",1
2015,2,"central florida lincoln mercury inc",1
2015,2,"century 1 chevrolet inc",1
2015,2,"century buick gmc",1
2015,2,"century finance & lease",1
2015,2,"cfc investment company",1
2015,2,"champion chrysler jeep dodge",1
2015,2,"champion ford",1
2015,2,"chaparral ford inc",1
2015,2,"chapman ford of lancaster",1
2015,2,"charlotte motors inc",1
2015,2,"chase remarketing and financial",1
2015,2,"chaser inc",1
2015,2,"chelo auto sales",1
2015,2,"cheltenham motors inc",1
2015,2,"cherokee ford inc",1
2015,2,"chevy auto body inc",1
2015,2,"chicago motor car corporation",1
2015,2,"chilson chrysler dodge llc",1
2015,2,"choice auto rental/lease",1
2015,2,"chris scott motors",1
2015,2,"chrysler group/hertz/pv holding/000gd",1
2015,2,"city auto",1
2015,2,"city style imports inc",1
2015,2,"classic auto brokers inc",1
2015,2,"classic buick gmc",1
2015,2,"classic cars & trucks inc",1
2015,2,"classic chevrolet bmw",1
2015,2,"classic chrysler jeep dodge ram",1
2015,2,"classic honda",1
2015,2,"classic mazda",1
2015,2,"clay chevrolet hyundai",1
2015,2,"clay nissan of newton inc.",1
2015,2,"clear lake chrysler jeep dodge",1
2015,2,"clear remarketing",1
2015,2,"clearwater toyota",1
2015,2,"clutch georgia llc",1
2015,2,"co car toyota motor sales",1
2015,2,"coastal credit llc/virginia beach/virginia beac",1
2015,2,"coconut creek auto mall",1
2015,2,"coconut point ford",1
2015,2,"coggin acura",1
2015,2,"coggin honda of ft pierce",1
2015,2,"coggin honda of st. augustine",1
2015,2,"cold lake ford",1
2015,2,"colorado river ford of kingman",1
2015,2,"columbus nissan inc",1
2015,2,"commonwealth one fcu",1
2015,2,"communicating arts credit union",1
2015,2,"communication fcu",1
2015,2,"community auto center llc",1
2015,2,"community choice credit union",1
2015,2,"community united credit unoin",1
2015,2,"community west credit union",1
2015,2,"concord honda",1
2015,2,"concours motors inc",1
2015,2,"connell chevrolet",1
2015,2,"consumer credit union",1
2015,2,"cook volkswagen llc",1
2015,2,"cooper motors inc",1
2015,2,"coosa pines fcu",1
2015,2,"cornerstone credit union",1
2015,2,"corona auto wholesale inc",1
2015,2,"corpat inc",1
2015,2,"corporate auto wholesale inc",1
2015,2,"corporate motors inc",1
2015,2,"countryside auto sales",1
2015,2,"courtesy acura",1
2015,2,"courtesy chrysler jeep",1
2015,2,"courtesy chrysler jeep dodge",1
2015,2,"courtesy nissan of tampa",1
2015,2,"courtesy palm harbor honda",1
2015,2,"cowboy motors of vidor",1
2015,2,"cox fleet/ge capital",1
2015,2,"cox mazda",1
2015,2,"craigs auto sales",1
2015,2,"crescent automotive corp inc",1
2015,2,"crossborder vehicle sales ltd",1
2015,2,"crossroads car and truck",1
2015,2,"crossroads ford lincoln of sanford inc",1
2015,2,"crossroads ford lincoln of southern pines inc",1
2015,2,"crossroads ford of kernersville inc",1
2015,2,"crossroads infiniti south inc",1
2015,2,"crossroads nissan of hickory inc",1
2015,2,"crown buick gmc",1
2015,2,"crown ford inc",1
2015,2,"crown honda greensboro",1
2015,2,"crown honda of southpoint",1
2015,2,"crystal chevrolet",1
2015,2,"culver city toyota",1
2015,2,"cumberland toyota",1
2015,2,"curry auto center inc",1
2015,2,"custodio auto sales",1
2015,2,"d & d auto group llc",1
2015,2,"d j s auto sales",1
2015,2,"d3 wholesale llc",1
2015,2,"daimler truck financial",1
2015,2,"dallas fcu",1
2015,2,"dan judds auto sales inc",1
2015,2,"dan martins auto depot ltd",1
2015,2,"dan vaden chev olds bu cad is",1
2015,2,"daniels long chevrolet",1
2015,2,"danny holder automotive inc.",1
2015,2,"darcars dodge of new carrollton",1
2015,2,"darcars imports inc",1
2015,2,"darcars of fairfax",1
2015,2,"darcars toyota",1
2015,2,"daron motors llc",1
2015,2,"darrell waltrip buick gmc",1
2015,2,"dave riddle wholesale",1
2015,2,"david wilsons ford of orange",1
2015,2,"davis olaughlin buick gmc cadillac",1
2015,2,"dayton andrews inc",1
2015,2,"daytona mitsubishi",1
2015,2,"de luxe automobiles",1
2015,2,"dealer network group auto wholesale",1
2015,2,"dealmax inc",1
2015,2,"decatur transit inc",1
2015,2,"del-one fcu",1
2015,2,"delacom inc",1
2015,2,"dellenbach motors",1
2015,2,"delray auto mall",1
2015,2,"delta auto group london",1
2015,2,"deluxe auto sales inc",1
2015,2,"dene lambkin honda",1
2015,2,"dene lambkin hyundai",1
2015,2,"denper group inc.",1
2015,2,"dens auto center llc",1
2015,2,"dependable auto sales llc",1
2015,2,"deragon us leasing inc",1
2015,2,"derek scott's auto park",1
2015,2,"derr motor co",1
2015,2,"desert sun motors inc",1
2015,2,"desert toyota",1
2015,2,"destination motors",1
2015,2,"devoe buick gmc",1
2015,2,"dfw aa/ars",1
2015,2,"dfw select motorcars llc",1
2015,2,"diamond buick gmc alexandria",1
2015,2,"diamond toyota scion",1
2015,2,"diaz and sons auto sales inc",1
2015,2,"dick hannah toyota",1
2015,2,"dick vlist motors inc.",1
2015,2,"difeo bmw",1
2015,2,"direct wholesale motors inc",1
2015,2,"directbuy automotive group",1
2015,2,"discount motors",1
2015,2,"dixon ford lincoln mercury llc",1
2015,2,"dm motorcars inc",1
2015,2,"doan buick gmc",1
2015,2,"don beyer motors inc",1
2015,2,"don bohn ford",1
2015,2,"don davis buick gmc",1
2015,2,"don jackson chrysler dodge jeep",1
2015,2,"don jacobs imports inc",1
2015,2,"don wessel oldsmobile honda",1
2015,2,"dondelinger chev cad inc",1
2015,2,"dossett gmc cadillac inc",1
2015,2,"doug woods auto sales",1
2015,2,"dover fcu",1
2015,2,"downtown l a motors",1
2015,2,"dreamauto inc",1
2015,2,"lompoc honda",1
2015,2,"lone star ford",1
2015,2,"long beach bmw & long beach mini",1
2015,2,"loop auto sales and service llc",1
2015,2,"los angeles japanese auto corp",1
2015,2,"lou fusz kia",1
2015,2,"lou fusz subaru st peters",1
2015,2,"louie herron chrysler dodge jeep ram",1
2015,2,"low gos used cars",1
2015,2,"ltd automotive llc",1
2015,2,"lucas motor company",1
2015,2,"lute riley honda",1
2015,2,"luther brookdale chevrolet",1
2015,2,"luxury auto group",1
2015,2,"luxury cars of lexington",1
2015,2,"luxury fleet leasing llc",1
2015,2,"luxury imports of nashville llc",1
2015,2,"lynn hines used cars",1
2015,2,"m & b motors",1
2015,2,"m & e motors inc",1
2015,2,"m & m auto brokers inc",1
2015,2,"m & m brothers car sales inc",1
2015,2,"m and m auto sales",1
2015,2,"m f enterprise llc",1
2015,2,"m/m ent",1
2015,2,"mackey auto broker",1
2015,2,"madison capital llc",1
2015,2,"maher chevrolet inc",1
2015,2,"main line honda",1
2015,2,"major motor cars inc",1
2015,2,"mall of georgia mazda",1
2015,2,"manhattan imported cars inc",1
2015,2,"manheim arena illinois",1
2015,2,"manheim atlanta/collections",1
2015,2,"manheim auctions inventory",1
2015,2,"manheim baltimore-washington",1
2015,2,"manheim caribbean",1
2015,2,"manheim central facilitation services group",1
2015,2,"manheim chicago aa",1
2015,2,"manheim fort lauderdale",1
2015,2,"manheim fort myers",1
2015,2,"manheim fredericksburg",1
2015,2,"manheim harrisonburg",1
2015,2,"manheim nevada",1
2015,2,"manheim north carolina",1
2015,2,"manheim omaha",1
2015,2,"manheim resale llc",1
2015,2,"manheim riverside",1
2015,2,"manheim san antonio",1
2015,2,"manheim tampa",1
2015,2,"maps auto center llc",1
2015,2,"mark cj inc",1
2015,2,"mark miller subaru inc",1
2015,2,"marks auto sales",1
2015,2,"marshal mize ford inc",1
2015,2,"martin swanty hyundai",1
2015,2,"massey cadillac",1
2015,2,"master lease plan inc",1
2015,2,"masterpiece motorcars llc",1
2015,2,"maurice schwartz",1
2015,2,"max cars",1
2015,2,"max speed motors",1
2015,2,"maxim motors",1
2015,2,"maximum auto search",1
2015,2,"mazda and volkswagon of fredericksburg",1
2015,2,"mazda of clear lake",1
2015,2,"mb automotive corp",1
2015,2,"mbfs auction consignments",1
2015,2,"mbz 4 less",1
2015,2,"mc grath acura of westmont",1
2015,2,"mcconnell automotive corp",1
2015,2,"mcdonough toyota & scion",1
2015,2,"mcloughlin chrysler jeep fiat",1
2015,2,"mcmahon leasing inc",1
2015,2,"mcmahon leasing/mcmahon motors",1
2015,2,"mcmb financial",1
2015,2,"me auto llc",1
2015,2,"mechanicsville toyota",1
2015,2,"medgaardens sw sales inc",1
2015,2,"meggs ford inc",1
2015,2,"mel hambelton ford inc",1
2015,2,"mel's auto",1
2015,2,"members auto lease inc",1
2015,2,"men car auto sales",1
2015,2,"mercado motors",1
2015,2,"mercedes benz & porsche of jax",1
2015,2,"mercedes benz of columbus",1
2015,2,"mercedes benz of fredericksburg",1
2015,2,"mercedes benz of kansas city",1
2015,2,"mercedes benz of north orlando",1
2015,2,"mercedes benz of pembroke pines",1
2015,2,"mercedes benz of san francisco",1
2015,2,"mercedes benz of scottsdale",1
2015,2,"mercedes benz of valencia",1
2015,2,"mercedes benz of west chester",1
2015,2,"mercedes-benz finc services premier program",1
2015,2,"mercedes-benz finc services/tracking",1
2015,2,"mercedes-benz of pompano",1
2015,2,"mercedes-benz of tri-cities",1
2015,2,"mesa leasing company",1
2015,2,"met autos llc",1
2015,2,"mfg prestige auto group llc",1
2015,2,"mgl auto sales",1
2015,2,"michael hohl subaru",1
2015,2,"michael riggio auto sales",1
2015,2,"michigan schools and government credit union",1
2015,2,"middlekauff ford lincoln",1
2015,2,"midflorida credit union",1
2015,2,"midlands honda",1
2015,2,"midway car rental",1
2015,2,"midway recovery inc",1
2015,2,"midwest car source llc",1
2015,2,"midwest customs",1
2015,2,"mike albert leasing inc",1
2015,2,"mike brown ford",1
2015,2,"mike davidson ford",1
2015,2,"mike finnin motors inc",1
2015,2,"mike keffer chrysler dodge jeep ram",1
2015,2,"mike's auto sales llc",1
2015,2,"mikhail okhtenberg",1
2015,2,"milbank ford inc",1
2015,2,"milestone auto inc",1
2015,2,"milledgeville hyundai llc",1
2015,2,"millennium cars",1
2015,2,"miller bros",1
2015,2,"miller motors",1
2015,2,"miracle toyota",1
2015,2,"mirador auto sales",1
2015,2,"mission mitsubishi",1
2015,2,"mitchell motor cars inc",1
2015,2,"moab ford",1
2015,2,"mobility express inc",1
2015,2,"modern nissan of concord llc",1
2015,2,"momentum volkswagen",1
2015,2,"mora chevrolet buick",1
2015,2,"morell auto gallery inc",1
2015,2,"morries subaru",1
2015,2,"motor city",1
2015,2,"motor city lexus of bakersfield",1
2015,2,"motor trend imports llc",1
2015,2,"motorcars washington llc",1
2015,2,"motorworld automotive group inc",1
2015,2,"mount one inc",1
2015,2,"mp auto sales llc",1
2015,2,"mtk auto",1
2015,2,"muller nissan subaru vw",1
2015,2,"mullinax ford lincoln",1
2015,2,"murdock hyundai murray llc",1
2015,2,"myrtle beach chevrolet cadillac inc",1
2015,2,"n4s auto group",1
2015,2,"naeem motors",1
2015,2,"nahas auto center",1
2015,2,"nalley infiniti decatur",1
2015,2,"nalley lexus roswell",1
2015,2,"nalley toyota of roswell",1
2015,2,"nalley volkswagen of alpharetta",1
2015,2,"napleton cad saab",1
2015,2,"napleton's clermont chrysler jeep dodge",1
2015,2,"napleton's hyundai",1
2015,2,"napletons auto werks inc",1
2015,2,"napletons hyundai",1
2015,2,"napletons river oaks honda",1
2015,2,"nassau educators federal credit union",1
2015,2,"national auto lenders inc",1
2015,2,"national fleet leasing",1
2015,2,"national fleet service",1
2015,2,"national remarketing",1
2015,2,"national remarketing service",1
2015,2,"national remarketing services/secu",1
2015,2,"nationwide auto warehouse inc",1
2015,2,"new holland ford",1
2015,2,"new prague chevrolet",1
2015,2,"new prague ford",1
2015,2,"new rogers pontiac inc",1
2015,2,"new start llc",1
2015,2,"new york autosports inc.",1
2015,2,"newby buick oldsmobile pontiac gmc inc",1
2015,2,"newport auto group inc",1
2015,2,nflcarsus,1
2015,2,"nickel corporation",1
2015,2,"nico buys cars",1
2015,2,"niello fiat/masarati sacramento",1
2015,2,"nissan dealer blend/baker nissan north inc",1
2015,2,"nissan dealer blend/briggs motor company",1
2015,2,"nissan dealer blend/corona nissan",1
2015,2,"nissan dealer blend/kings infiniti inc",1
2015,2,"nissan of chattanooga east",1
2015,2,"nissan of stafford",1
2015,2,"norm reeves honda superstore",1
2015,2,"norris ford",1
2015,2,"north central ford",1
2015,2,"northtown lexus",1
2015,2,"northway automotive inc",1
2015,2,"northwest fcu",1
2015,2,"northwest motors",1
2015,2,"nu image auto llc",1
2015,2,"nuwest motors",1
2015,2,"o brien mitsubishi of normal",1
2015,2,"oakom auto sales llc",1
2015,2,"oars fleet lease llc",1
2015,2,"ocautomotive llc",1
2015,2,"oceanside auto",1
2015,2,"off lease remarketing llc",1
2015,2,"okemos auto collection",1
2015,2,"old fannin autoplex inc",1
2015,2,"omega auto sale",1
2015,2,"onemain rem/advance auto wholesale inc",1
2015,2,"onemain rem/advance automotive sales & financing",1
2015,2,"onemain rem/american auto credit inc",1
2015,2,"onemain rem/auto loan finders inc",1
2015,2,"onemain rem/automotive restyling concepts inc",1
2015,2,"onemain rem/casey's car inc",1
2015,2,"onemain rem/coast to coast auto group",1
2015,2,"onemain rem/facildeal auto center",1
2015,2,"onemain rem/fastlane automotive enterprises",1
2015,2,"onemain rem/global imports sales inc",1
2015,2,"onemain rem/hanson auto repair",1
2015,2,"onemain rem/m&m auto traders",1
2015,2,"onemain rem/manheim georgia",1
2015,2,"onemain rem/manheim san francisco bay",1
2015,2,"onemain rem/mark stefanelli llc",1
2015,2,"onemain rem/metropolitan classic cars inc",1
2015,2,"onemain rem/minas car group",1
2015,2,"onemain rem/nationwide auto sale llc",1
2015,2,"onemain rem/orange county motorsports llc",1
2015,2,"onemain rem/shak's auto sales inc",1
2015,2,"onemain rem/sullivan auto group",1
2015,2,"onemain rem/west financial acceptance",1
2015,2,"onemain remarketing",1
2015,2,"onesource/arlington toyota inc",1
2015,2,"onesource/earl stewart toyota",1
2015,2,"onesource/jeff smith volkswagen of warner robins",1
2015,2,"onesource/stone mountain toyota",1
2015,2,"onesource/toyota of melbourne",1
2015,2,"ontario auto sales",1
2015,2,"orielly chevrolet inc",1
2015,2,"oriental group",1
2015,2,"orlando kia east",1
2015,2,"orlando mini",1
2015,2,"orr nissan",1
2015,2,"orv enterprises",1
2015,2,"ourisman volkswagen mazda of rockville",1
2015,2,"outland motors",1
2015,2,"overseas auto imports",1
2015,2,"owens auto group llc",1
2015,2,"oxmoor chrysler dodge jeep ram llc",1
2015,2,"pa distributor",1
2015,2,"pacific cascade fcu",1
2015,2,"pacific luxury motors inc",1
2015,2,"pacific porsche",1
2015,2,"pacoima motors",1
2015,2,"palm beach auto group",1
2015,2,"palm chrysler jeep dodge",1
2015,2,"palm desert auto",1
2015,2,"palm mitsubishi",1
2015,2,"palm toyota",1
2015,2,"paradise automotive group inc",1
2015,2,"paramus hyundai inc",1
2015,2,"park cities volkswagen",1
2015,2,"pasargad auto sales",1
2015,2,"pat obrien chevrolet south",1
2015,2,"pattis car country",1
2015,2,"paul cole motors inc",1
2015,2,"paul hiltbrand ltd",1
2015,2,"paul miller subaru",1
2015,2,"paul moteur",1
2015,2,"paul's trading station llc",1
2015,2,"pav inc",1
2015,2,"peggy's auto sales inc",1
2015,2,"peninsula infiniti llc",1
2015,2,"penske hyundai",1
2015,2,"peoria nissan",1
2015,2,"perfect 10 auto sales",1
2015,2,"perfect match auto",1
2015,2,"performance chrysler jeep dodge",1
2015,2,"performance chrysler jeep dodge inc",1
2015,2,"performance chrysler jeep dodge of lincoln",1
2015,2,"performance subaru porsche",1
2015,2,"pete eischen chevrolet co.",1
2015,2,"peterson autoplex",1
2015,2,"pfs auto finance",1
2015,2,"phil long ford raton llc",1
2015,2,"phil smith acura",1
2015,2,"philpott ford",1
2015,2,"piazza honda of springfield",1
2015,2,"pickcars.biz llc",1
2015,2,"pines auto brokers",1
2015,2,"pinnacle nissan inc",1
2015,2,"pioneer financial corp",1
2015,2,"pit stop car co",1
2015,2,"planet chrysler dodge jeep ram",1
2015,2,"planet mitsubishi",1
2015,2,"platinum auto world",1
2015,2,"plaza auto center inc",1
2015,2,"plj auto sales inc",1
2015,2,"plutus motor group llc",1
2015,2,"pompano ford lincoln mercury",1
2015,2,"porsche of san diego",1
2015,2,"potlatch no1 federal credit union",1
2015,2,"pra receivables management llc",1
2015,2,"precision toyota of tucson",1
2015,2,"premier auto group of south florida inc",1
2015,2,"premier partners inc.",1
2015,2,"premium motors inc",1
2015,2,"prestige bmw",1
2015,2,"price chrysler dodge jeep ram",1
2015,2,"priced right cars inc",1
2015,2,"prime drive inc.",1
2015,2,"prime source credit union",1
2015,2,"primeritus financial services",1
2015,2,"primeritus remarketing/americu credit uni",1
2015,2,"primeritus remarketing/bullseye motors inc",1
2015,2,"primeritus remarketing/capital bank",1
2015,2,"primeritus remarketing/crown cork and sea",1
2015,2,"primeritus remarketing/cur",1
2015,2,"primeritus remarketing/highmark fcu",1
2015,2,"primeritus remarketing/jc auto world",1
2015,2,"primeritus remarketing/national auto plaza",1
2015,2,"primeritus remarketing/oregon comm credit",1
2015,2,"primeritus remarketing/paz auto sales",1
2015,2,"primeritus remarketing/tampa postal fcu/ez-step",1
2015,2,"primeritus remarketing/usa auto leasing",1
2015,2,"pritchard brothers inc",1
2015,2,"pritchard's of clear lake inc",1
2015,2,"professional bureau of collections",1
2015,2,"professional financial services/louisville",1
2015,2,"professional financial services/newport news",1
2015,2,"professionals auto sales inc",1
2015,2,"prostrollo auto plaza co",1
2015,2,"puerto rican cars inc",1
2015,2,"puyallup nissan",1
2015,2,"pye auto sales",1
2015,2,"quakertown mitsubishi",1
2015,2,"queen city motors",1
2015,2,"r & r auto group inc",1
2015,2,"r addington company",1
2015,2,"r and d auto brokers",1
2015,2,"rab motors",1
2015,2,"racine honda",1
2015,2,"raja auto sales inc",1
2015,2,"rally cad chev pont gmc hyundai buick",1
2015,2,"ralph larson chevrolet inc",1
2015,2,"ram sub inc",1
2015,2,"randy adams inc",1
2015,2,"randy reed buick gmc inc",1
2015,2,"rawan auto sales llc",1
2015,2,"ray jameson co",1
2015,2,"raz cars inc",1
2015,2,"reachme auto group llc",1
2015,2,"red canoe credit union",1
2015,2,"red line auto & tires corp",1
2015,2,"red mccombs superior hyundai",1
2015,2,"reddell honda",1
2015,2,"redline european",1
2015,2,"register chevrolet & oldsmobile inc",1
2015,2,"rehman auto sales",1
2015,2,"reliance leasing dba avis fargo",1
2015,2,"remarketing by ge/affiliated financial corp",1
2015,2,"remarketing by ge/alliant credit union",1
2015,2,"remarketing by ge/arrowhead central credit union",1
2015,2,"remarketing by ge/best buy quality cars",1
2015,2,"remarketing by ge/carolina collegiate fcu",1
2015,2,"remarketing by ge/classic motorcars inc",1
2015,2,"remarketing by ge/columbus metro fcu",1
2015,2,"remarketing by ge/comm financial members fcu",1
2015,2,"remarketing by ge/cornerstone comm financial fcu",1
2015,2,"remarketing by ge/fc leasing",1
2015,2,"remarketing by ge/first alliance credit union",1
2015,2,"remarketing by ge/first florida credit union",1
2015,2,"remarketing by ge/five star autoplex",1
2015,2,"remarketing by ge/general auto acceptance llc",1
2015,2,"remarketing by ge/generic accounts",1
2015,2,"remarketing by ge/kemba financial credit union",1
2015,2,"remarketing by ge/manheim ft. lauderdale",1
2015,2,"remarketing by ge/manheim louisville",1
2015,2,"remarketing by ge/manheim north carolina",1
2015,2,"remarketing by ge/manheim northstar",1
2015,2,"remarketing by ge/manheim san antonio",1
2015,2,"remarketing by ge/manheim southern california",1
2015,2,"remarketing by ge/mccoy leasing & finance inc",1
2015,2,"remarketing by ge/michigan state university fcu",1
2015,2,"remarketing by ge/monterey credit union",1
2015,2,"remarketing by ge/north american fleet sales inc",1
2015,2,"remarketing by ge/oak trust credit union",1
2015,2,"remarketing by ge/point breeze credit union",1
2015,2,"remarketing by ge/premier america credit union",1
2015,2,"remarketing by ge/riverside remarketing group",1
2015,2,"remarketing by ge/rocky mountain motors",1
2015,2,"remarketing by ge/schools first fcu",1
2015,2,"remarketing by ge/sound credit union",1
2015,2,"remarketing by ge/south texas fun center",1
2015,2,"remarketing by ge/sw1 remarketing",1
2015,2,"remarketing by ge/utah power credit union",1
2015,2,"remarketing by ge/westconsin credit union",1
2015,2,"remarketing services of el paso",1
2015,2,"renton honda automobiles",1
2015,2,"rentschler corporation",1
2015,2,"repo remarketing / educational employees cu",1
2015,2,"repo remarketing/baylor health care systems cu",1
2015,2,"repo remarketing/first flight federal cu",1
2015,2,"repo remarketing/first imperial cu",1
2015,2,"repo remarketing/hughes fcu",1
2015,2,"repo remarketing/pacific marine credit union",1
2015,2,"repo remarketing/prime way fcu",1
2015,2,"repo remarketing/skyone fcu",1
2015,2,"repo remarketing/unitus community cu",1
2015,2,"repo remarketing/verity credit union",1
2015,2,"repo remarketing/vons credit union",1
2015,2,"rg sales",1
2015,2,"rhima investments inc",1
2015,2,"richmond ford lincoln",1
2015,2,"rick case hyundai",1
2015,2,"rick hendrick chevrolet buick gmc",1
2015,2,"rick hendrick toyota scion",1
2015,2,"rick miller used cars & rvs",1
2015,2,"ride rite auto llc",1
2015,2,"durfee street auto sales inc",1
2015,2,"dyer & dyer volvo",1
2015,2,"dyer chevrolet",1
2015,2,"dyer mazda",1
2015,2,"e j auto sales inc",1
2015,2,"e.t. sales",1
2015,2,"eagle buick gmc inc",1
2015,2,"eagle motorsports corporation",1
2015,2,"eagle north leasing inc",1
2015,2,"east bay bmw",1
2015,2,"east charlotte nissan",1
2015,2,"east end auto sales",1
2015,2,"eastern carolina nissan inc",1
2015,2,"eastern utah community credit union",1
2015,2,"easterns automotive group",1
2015,2,"eastside collateral",1
2015,2,"ebersole auto sales",1
2015,2,"eckhaus fleet llc",1
2015,2,"eco drive auto sales/leasing inc",1
2015,2,"economy rent a car/ars",1
2015,2,"ed hicks nissan ltd",1
2015,2,"ed koehn ford lincoln mercury",1
2015,2,"ed morse cadillac",1
2015,2,"ed napleton westmont imports inc",1
2015,2,"edge auto inc",1
2015,2,"edmonton auto zone ltd",1
2015,2,"eich mazda",1
2015,2,"eisenhauer nissan inc",1
2015,2,"elephant auto group",1
2015,2,"eli's auto world inc",1
2015,2,"elite auto group inc",1
2015,2,"elite auto sales llc",1
2015,2,"elite car rental",1
2015,2,"elite car sales west inc",1
2015,2,"elite motors llc",1
2015,2,"elrac llc",1
2015,2,"emporium auto sale llc",1
2015,2,enterprise,1
2015,2,"enterprise car sales/orange",1
2015,2,"enterprise vehicle exchange inc. dallas",1
2015,2,"enterprise vehicle exchange/lombard",1
2015,2,enterprise/recon,1
2015,2,"erhard bmw",1
2015,2,"erhard bmw of farmington hills",1
2015,2,"evia auto sales inc",1
2015,2,"exceptional motorcars ltd",1
2015,2,"executive car leasing company",1
2015,2,"executive enterprises auto wholesale inc",1
2015,2,"exotic motors corporation",1
2015,2,"extreme automotive corp",1
2015,2,"eynon pontiac buick inc",1
2015,2,"fagan cars & trucks",1
2015,2,"fairfield toyota",1
2015,2,"fairway ford lincoln mercury inc",1
2015,2,"far south auto inc",1
2015,2,"faricy ford lincoln inc",1
2015,2,"farm credit leasing exchange inc",1
2015,2,"farr west motors llc",1
2015,2,"fast cars",1
2015,2,"fast cash 4 cars & wholesale llc",1
2015,2,"faulkner bmw",1
2015,2,"faulkner fiat of mechanicsburg",1
2015,2,"faulkner subaru",1
2015,2,"feldmann imports inc",1
2015,2,"felton holly kia",1
2015,2,"fidelity auto credit",1
2015,2,"fidelity motors",1
2015,2,"fields cadillac",1
2015,2,"fields jeep inc",1
2015,2,"financial services remarketing - bb",1
2015,2,"financial services remarketing (bmw int)",1
2015,2,"fiore toyota scion volkswagen audi",1
2015,2,"first bank florida",1
2015,2,"first citizens bank",1
2015,2,"first ford inc.",1
2015,2,"first technology fcu",1
2015,2,"first texas auto credit inc",1
2015,2,"fiserv/citizens bank",1
2015,2,"fiserv/community bank",1
2015,2,"fiserv/independent dealers advantage",1
2015,2,fiserv/snaac,1
2015,2,"fiserv/us bank na",1
2015,2,"five star florence llc",1
2015,2,"flag/audi fort myers",1
2015,2,"flag/jaguar of tampa",1
2015,2,"flag/park place maserati",1
2015,2,"flag/proctor automotive inc",1
2015,2,"fleet sales & services llc",1
2015,2,"fleet services inc",1
2015,2,"fleet/lease misc",1
2015,2,"flex fleet rental exchange",1
2015,2,flexdrive,1
2015,2,"florida luxury auto group/capital eurocars inc",1
2015,2,"florida rent a car",1
2015,2,"florida state efcu",1
2015,2,"ford of ocala",1
2015,2,"four guys auto sales inc",1
2015,2,"foust fleet leasing",1
2015,2,"fox chry plym dod jeep inc",1
2015,2,"fox ford inc",1
2015,2,"fox subaru",1
2015,2,"frankel acura",1
2015,2,"franklin sussex auto mall inc",1
2015,2,"fratelli investment group",1
2015,2,"fred anderson kia",1
2015,2,"fred anderson nissan of raleigh",1
2015,2,"fred beans chrysler dodge jeep ram",1
2015,2,"fred beans subaru",1
2015,2,"fredericksburg remarketing",1
2015,2,"freedom auto",1
2015,2,"freeman motor company inc",1
2015,2,"friendly ford",1
2015,2,"frontline enterprises inc",1
2015,2,"fruendly auto source inc",1
2015,2,"ft knox fcu",1
2015,2,"fuccillo kia of clay",1
2015,2,"g's automotive",1
2015,2,"gainesville buick gmc",1
2015,2,"gainesville nissan",1
2015,2,"gambacorta motors inc",1
2015,2,"gann auto group",1
2015,2,"garlitch ford chrysler dodge jeep",1
2015,2,"garnett motorcars inc.",1
2015,2,"gateway of quakertown",1
2015,2,"gcb acceptance corp",1
2015,2,"gem mazda",1
2015,2,"gene latta ford inc",1
2015,2,"gene steffy ford llc",1
2015,2,"gentry chevrolet inc.",1
2015,2,"gentry motor co inc",1
2015,2,"georgetown auto sales inc",1
2015,2,"georgia car finders llc",1
2015,2,"germain ford of beavercreek",1
2015,2,"gervais inc",1
2015,2,"gesswein motors inc",1
2015,2,"gettel hyundai",1
2015,2,"gilleland chev cadi inc",1
2015,2,"glanzmann autos",1
2015,2,"glesby mark leasing",1
2015,2,"global european motorcars llc",1
2015,2,"global imports",1
2015,2,"global motors",1
2015,2,"global motors corp",1
2015,2,"globe auto center inc",1
2015,2,"gm/express car & truck rental",1
2015,2,"go auto finance",1
2015,2,"go rentals",1
2015,2,"golding enterprise",1
2015,2,"gonzalez used cars",1
2015,2,"good car company inc",1
2015,2,"goode motor chrysler dodge jeep ram",1
2015,2,"gray daniels nissan north",1
2015,2,"gray-daniels toyota",1
2015,2,"great lakes auto purchasing and wholesale",1
2015,2,"green light automotive llc",1
2015,2,"green toyota",1
2015,2,"greenville auto world llc",1
2015,2,"greenway chrysler jeep dodge inc",1
2015,2,"gregg glenn auto sales",1
2015,2,"grenier chrysler dodge jeep inc",1
2015,2,"grossinger motors inc",1
2015,2,"guardian credit union",1
2015,2,"gulf credit union",1
2015,2,"gulf south auto llc",1
2015,2,"gunn infiniti ltd",1
2015,2,"gunther volkswagen",1
2015,2,"gurley leep kia",1
2015,2,"h d auto sales inc",1
2015,2,"h&b auto center inc",1
2015,2,"haldeman ford inc",1
2015,2,"haldeman ford of hightstown llc",1
2015,2,"hall auto brokerage",1
2015,2,"hancock bank",1
2015,2,"hanover honda",1
2015,2,"happy hyundai",1
2015,2,"harbor chevrolet",1
2015,2,"harbor nissan",1
2015,2,"hardy chev pont buick gmc",1
2015,2,"hardy family ford",1
2015,2,"harr chrysler jeep dodge",1
2015,2,"harris auto sales",1
2015,2,"harry kaufmann motor cars inc",1
2015,2,"hawaii usa fcu",1
2015,2,"hawley motor sales inc",1
2015,2,"hayes chrysler dodge jeep inc",1
2015,2,"hayes chrysler dodge jeep of gainesville inc",1
2015,2,"head motor company",1
2015,2,"healey chrysler dodge jeep llc",1
2015,2,"healey ford lincoln llc",1
2015,2,"healey kia",1
2015,2,"healthcare associates credit union",1
2015,2,"heartland fcu",1
2015,2,"hebert auto",1
2015,2,"heffle motor company preowned vehicles",1
2015,2,"hellam imports",1
2015,2,"hendrick acura",1
2015,2,"hendrick acura overland park",1
2015,2,"hendrick chevrolet cadillac",1
2015,2,"hendrick fiat of fayetteville",1
2015,2,"hendrick honda of charleston",1
2015,2,"hendrick honda woodbridge",1
2015,2,"hendrick lexus kansas city north",1
2015,2,"hendrick motors of charlotte",1
2015,2,"hendrick toyota scion wilmington",1
2015,2,"heritage chrysler dodge jeep ram owings mills",1
2015,2,"heritage toyota",1
2015,2,"heritage trust fcu",1
2015,2,"heritage volkswagen lithia springs",1
2015,2,"hertrich family",1
2015,2,"hertrich of new castle inc",1
2015,2,"hertz(ottawa) ltd",1
2015,2,"hi class auto sales inc",1
2015,2,"hi tech auto group inc",1
2015,2,"high & low auto sales inc",1
2015,2,"high line auto inc",1
2015,2,"high performance capital",1
2015,2,"highway motors inc",1
2015,2,"hiland toyota",1
2015,2,"hoffman ford sales inc",1
2015,2,"holiday motors",1
2015,2,"holmes tuttle ford lincoln mercury",1
2015,2,"holz motors inc",1
2015,2,"honda cars of corona",1
2015,2,"honda east",1
2015,2,"honda gallery",1
2015,2,"honda manufacturing of alabama",1
2015,2,"honda of burien",1
2015,2,"honda of clear lake",1
2015,2,"honda of covington",1
2015,2,"honda of manhattan",1
2015,2,"honda of marysville",1
2015,2,"honda of new rochelle",1
2015,2,"honda of slidell",1
2015,2,"honda of stevens creek",1
2015,2,"honda west",1
2015,2,"honda world",1
2015,2,"horner sales",1
2015,2,"hortenbach auto llc",1
2015,2,"hot deals auto",1
2015,2,"house of cars inc",1
2015,2,"houston auto plex inc",1
2015,2,"houston premium motorcars",1
2015,2,"howard johnson auto sales inc",1
2015,2,"hrm auto sales inc",1
2015,2,"huber automotive inc",1
2015,2,"hubler auto plaza",1
2015,2,"huntington national bank",1
2015,2,"hyundai motor america/co car open sale",1
2015,2,"hyundai mtrs of morris ct inc",1
2015,2,"hyundai of auburn inc",1
2015,2,"hyundai of louisville",1
2015,2,"hyundai of st augustine",1
2015,2,"hyundai on perryville",1
2015,2,"i 80 auto sales",1
2015,2,iautohaus,1
2015,2,"iberia bank",1
2015,2,"iezzi's auto sales",1
2015,2,"ik autowholesale inc",1
2015,2,"image fleet & lease sales llc",1
2015,2,"immo gest inc",1
2015,2,"imola enterprises llc",1
2015,2,"imperial chevrolet",1
2015,2,"imperial rides",1
2015,2,"import specialists",1
2015,2,"integrity automotive",1
2015,2,"integrity automotive llc",1
2015,2,"intermarkets trading co",1
2015,2,"intermountain auto works inc",1
2015,2,"interstate fleets inc",1
2015,2,"investment motors sales & leasing",1
2015,2,"inviso llc",1
2015,2,"j & b auto & truck inc",1
2015,2,"j & j auto & truck sales",1
2015,2,"j & l auto sales llc",1
2015,2,"j & l autosports",1
2015,2,"j & m auto sales",1
2015,2,"j & r wholesale",1
2015,2,"j baer remarketing",1
2015,2,"j c auto deals",1
2015,2,"j e motors inc",1
2015,2,"j f r & associates inc",1
2015,2,"j m k auto sales inc",1
2015,2,"j p's auto sales",1
2015,2,"j r autobroker",1
2015,2,"j s car sales inc",1
2015,2,"j.h. sales",1
2015,2,"jack f hyde auto brokers",1
2015,2,"jack key kia",1
2015,2,"jack safro ford",1
2015,2,"jack safro toyota",1
2015,2,"jack schmitt cadillac oldsmobile inc",1
2015,2,"jaguar land rover cerritos",1
2015,2,"jaguar of tacoma",1
2015,2,"james family auto sales",1
2015,2,"james hodge toyota",1
2015,2,"jansens auto sales",1
2015,2,"jay automobiles inc",1
2015,2,"jds rv outlet inc",1
2015,2,"jeb leasing co",1
2015,2,"jefferson bank",1
2015,2,"jefferson bank leasing service division",1
2015,2,"jeffrey motors llc",1
2015,2,"jensen incorporated",1
2015,2,"jerry ulm dodge chrysler jeep",1
2015,2,"jerrys auto sales inc",1
2015,2,"jim butler chevrolet inc",1
2015,2,"jim click kia",1
2015,2,"jim click nissan",1
2015,2,"jim falk lexus of beverly hills",1
2015,2,"jim glover chevrolet",1
2015,2,"jim hudson toyota",1
2015,2,"jl auto sales corp",1
2015,2,"jmb auto sales",1
2015,2,"jmc auto brokers inc",1
2015,2,"jn auto",1
2015,2,"jn group inc",1
2015,2,"jns auto sales inc",1
2015,2,"jo dan motors",1
2015,2,"joe hall used cars inc",1
2015,2,"john hiester chevrolet llc",1
2015,2,"john's auto sales inc",1
2015,2,"johnson sewell ford lincoln llc",1
2015,2,"jordan auto",1
2015,2,"jordan ford ltd",1
2015,2,"joseph airport toyota",1
2015,2,"jr used cars",1
2015,2,"jud kuhn chevrolet",1
2015,2,"just right auto deals",1
2015,2,"k & k auto sales",1
2015,2,"k a dealer",1
2015,2,"k and l sales inc",1
2015,2,"k b motors inc",1
2015,2,"k c summers nissan mazda",1
2015,2,"k&m northfield dodge",1
2015,2,"kar motors inc",1
2015,2,"karl malone chrysler dodge jeep ram",1
2015,2,"karma cars llc",1
2015,2,"kars forever",1
2015,2,"kasper toyota",1
2015,2,"kc ventures llc",1
2015,2,"keesler federal credit union",1
2015,2,"keith m motors",1
2015,2,"ken stillwell ford merc inc",1
2015,2,"key finance",1
2015,2,"keyser and miller ford inc",1
2015,2,"kia auto sport of pensacola inc",1
2015,2,"kia matane",1
2015,2,"kia motors america inc - lemon law",1
2015,2,"kia of brooklyn park",1
2015,2,"king automotive llc",1
2015,2,"kings fcu",1
2015,2,"kip killmon ford",1
2015,2,"kl auto sales inc",1
2015,2,"klasse auto",1
2015,2,"km leasing",1
2015,2,"kolosso chrysler jeep dodge",1
2015,2,"kon motors",1
2015,2,"koons ford of baltimore inc",1
2015,2,"kraft nissan",1
2015,2,"l a auto sales inc",1
2015,2,"lake powell auto group",1
2015,2,"lake powell car rental co dba avis rent a car",1
2015,2,"land rover roaring fork",1
2015,2,"land rover/ jaguar/ aston martin",1
2015,2,"landmark mazda",1
2015,2,"lano usa inc",1
2015,2,"lansdale chrysler dodge jeep ram",1
2015,2,"lariche toyota subaru inc",1
2015,2,"larry h miller dodge peoria",1
2015,2,"larry h miller ford lakewood",1
2015,2,"larry h miller honda spokane",1
2015,2,"larry h miller hyundai peoria",1
2015,2,"larry h. miller chevrolet",1
2015,2,"larry h. miller fleet lease",1
2015,2,"larry h. miller toyota",1
2015,2,"last stop motors inc",1
2015,2,"latty and son inc",1
2015,2,"launch fcu",1
2015,2,"laurel bmw of westmont",1
2015,2,"laurel kia",1
2015,2,leaseyourcar.com,1
2015,2,"lee hyundai inc",1
2015,2,"lee johnson chevrolet",1
2015,2,"legacy ford pasco",1
2015,2,"lehman buick gmc llc",1
2015,2,"lejeune honda cars",1
2015,2,"lenny genzale auto sales",1
2015,2,"lextechs of atlanta",1
2015,2,"lexus of annapolis",1
2015,2,"lexus of marin",1
2015,2,"lexus of san diego",1
2015,2,"lexus of valencia",1
2015,2,"lexus rivercenter",1
2015,2,"liberty bay auto center inc.",1
2015,2,"liberty fleet and rental",1
2015,2,"liberty gmc",1
2015,2,"lilliston enterprises inc",1
2015,2,"lithia chrysler jeep dodge of eureka",1
2015,2,"lithia chrysler jeep dodge of tri-cities",1
2015,2,"livermore honda",1
2015,2,"location sauvageau inc",1
2015,3,"ford motor credit company llc",50
2015,3,"the hertz corporation",39
2015,3,"nissan-infiniti lt",33
2015,3,"financial services remarketing (lease)",27
2015,3,"avis budget group",27
2015,3,"enterprise vehicle exchange / tra / rental / tulsa",21
2015,3,"hertz corporation/gdp",19
2015,3,"nissan infiniti lt",19
2015,3,"enterprise veh exchange/rental",16
2015,3,"ford motor credit company llc pd",15
2015,3,"ars/avis budget group",15
2015,3,"avis corporation",15
2015,3,"chrysler capital",14
2015,3,"lexus financial services",13
2015,3,"mercedes-benz financial services",13
2015,3,"toyota financial services",13
2015,3,"r hollenshead auto sales inc",12
2015,3,"santander consumer",11
2015,3,"tdaf remarketing",9
2015,3,"ez rent a car inc",9
2015,3,"ahfc/honda lease trust/hvt inc. eot",9
2015,3,"dtg operations inc",9
2015,3,"gm remarketing",8
2015,3,u-haul,8
2015,3,"nissan motor acceptance corporation",8
2015,3,"enterprise fleet management exchange",7
2015,3,"ford motor credit company",7
2015,3,"gm financial",7
2015,3,"hyundai motor finance",7
2015,3,"ge fleet services for itself/servicer",6
2015,3,"wells fargo dealer services",6
2015,3,"ahfc/honda lease trust/hvt inc.",5
2015,3,"automobiles paille inc",5
2015,3,"canadian road leasing co & ford credit canda ltd",5
2015,3,"gm financial leasing",5
2015,3,"lease plan usa",5
2015,3,"fiserv/citizens one auto finance",4
2015,3,"fiserv/usb dealer services northstar exchange",4
2015,3,"wheels exchange llc",4
2015,3,ars/enterprise,4
2015,3,"donlen corporation",4
2015,3,"advantage chevrolet/ge",3
2015,3,"andrew thomas motorcars",3
2015,3,"ars/ford-lincoln dealer program",3
2015,3,"braman motorcars",3
2015,3,"braman motors",3
2015,3,"ford-lincoln dealer program",3
2015,3,"infiniti financial services",3
2015,3,"jpmorgan chase bank n.a.",3
2015,3,"kia motors finance",3
2015,3,"midtown motors",3
2015,3,"remktgedge / cars / carfinance capital llc",3
2015,3,"td auto finance",3
2015,3,"toyota motor sales usa inc/program",3
2015,3,"vw credit",3
2015,3,"wholesale inc # 2",3
2015,3,"the collection",2
2015,3,"unique autos",2
2015,3,"vw credit inc/pilot",2
2015,3,"walser leasing",2
2015,3,"westlake financial services",2
2015,3,"world omni financial corporation",2
2015,3,"enterprise vehicle exchange/davenport",2
2015,3,"enterprise vehicle exchange/franklin",2
2015,3,"jim ellis",2
2015,3,"kia motors america inc",2
2015,3,"lauderdale imports ltd bmw pembrok pines",2
2015,3,ari,2
2015,3,"capital one auto finance",2
2015,3,"crb auto finance",2
2015,3,"credit acceptance corp/vrs/southfield",2
2015,3,"manheim imports",2
2015,3,"melvin g rhoades auto sales llc",2
2015,3,"music city autoplex llc",2
2015,3,"oriental bank",2
2015,3,"prestige audi",2
2015,3,"regional acceptance corporation / greenville",2
2015,3,"ltd ford lincoln",1
2015,3,"m and t bank",1
2015,3,"manheim nashville",1
2015,3,"manheim new jersey",1
2015,3,"mckenna volkswagen",1
2015,3,"medlin buick gmc mazda",1
2015,3,"mercedes benz of bakersfield",1
2015,3,"mercedes benz of buckhead",1
2015,3,"mercedes benz of tyler",1
2015,3,"mercedes-benz finc wholesale advantage",1
2015,3,"metro ford inc",1
2015,3,"mick motors llc",1
2015,3,"mike albert fleet solutions",1
2015,3,"mmca inc",1
2015,3,"napletons river oaks honda",1
2015,3,"nassief auto group inc",1
2015,3,"national auto lenders",1
2015,3,"new look enterprises inc",1
2015,3,"nissan north america inc.",1
2015,3,"northeast auto marketing",1
2015,3,"northwestern chrys/j/d/ge",1
2015,3,"oakville chrysler dodge jeep ram",1
2015,3,"ohio auto sales (ab)",1
2015,3,"onemain rem/auto club of miami inc dba north dad",1
2015,3,"onesource/ernie palmer toyota",1
2015,3,"onesource/sand mountain toyota",1
2015,3,"palm beach motor cars",1
2015,3,"paradise ford",1
2015,3,"paul miller inc",1
2015,3,"paul tinney auto sales ltd",1
2015,3,"porsche financial services",1
2015,3,"porsche of melbourne audi melbourne",1
2015,3,"prestige financial services",1
2015,3,"primeritus remarketing/compass bank",1
2015,3,"primeritus remarketing/crescent bank & trust",1
2015,3,"pro financial inc",1
2015,3,"progressive ford inc",1
2015,3,"pv holding inc/gdp",1
2015,3,"quality auto sales usa inc",1
2015,3,"r e jahn auto sales",1
2015,3,"randy ford inc",1
2015,3,"remarketing by ge/manheim central florida",1
2015,3,"remarketing by ge/nextgear capital",1
2015,3,"remarketing by ge/sixrentals corp",1
2015,3,"remarketing by ge/the credit union loan source",1
2015,3,"rental car finance corp/(pen)",1
2015,3,"robert larson's hyundai",1
2015,3,"royal rent a car",1
2015,3,"s swope honda world",1
2015,3,"sac fcu",1
2015,3,"saxon fleet services",1
2015,3,"schumacher auto group inc",1
2015,3,"scott evans chrysler dodge jeep",1
2015,3,"scott robinson honda",1
2015,3,"security service fcu (sscu)",1
2015,3,"select motor group llc",1
2015,3,"sixt rent a car llc",1
2015,3,"sj auto fleet wholesale inc",1
2015,3,"smith haven chrysler jeep dodge",1
2015,3,"southwest business corporation",1
2015,3,"sports car leasing",1
2015,3,"stanley chevrolet buick gmc gatesville",1
2015,3,"stratford hyundai",1
2015,3,"stratton auto sales inc",1
2015,3,"sullivan auto trading inc",1
2015,3,"t & k enterprises of mt airy inc",1
2015,3,"tsj auto brokers inc",1
2015,3,"tycon enterprises",1
2015,3,"union bank & trust",1
2015,3,"us bank",1
2015,3,"usautoland inc",1
2015,3,"vehicle remarketing services",1
2015,3,"volkswagen credit inc/sc",1
2015,3,"volvo na rep/world omni",1
2015,3,"vw credit inc",1
2015,3,"west houston infiniti ltd",1
2015,3,"wheels lt",1
2015,3,"wholesale motor sales inc",1
2015,3,"wright automotive inc",1
2015,3,"1st commercial",1
2015,3,"aaero sweet corporation",1
2015,3,"acr rental services inc",1
2015,3,"advance car rental inc",1
2015,3,"affordable autos",1
2015,3,"ag leaseplan",1
2015,3,"ahfc/honda lease/trust/hvt inc. eot acuras",1
2015,3,"alford auto sales",1
2015,3,"all american ford inc",1
2015,3,"all car leasing inc",1
2015,3,"alternative enterprises inc",1
2015,3,"american honda motor company",1
2015,3,"american road leasing inc",1
2015,3,"arms across america",1
2015,3,ars-cpo,1
2015,3,"ars/budget rac of atlanta",1
2015,3,"ars/budget rac of utah & idaho",1
2015,3,"ars/erac canada limited",1
2015,3,"ars/express car and truck rental inc",1
2015,3,"atlantic coast remarketing inc/kdi",1
2015,3,"auffenberg hyundai inc",1
2015,3,"auto finance solutions dba abc remarketing",1
2015,3,"autolenders liquidation center",1
2015,3,"bank of america",1
2015,3,"barco fleet services",1
2015,3,"bartow ford co",1
2015,3,"bellco fcu",1
2015,3,"bidlane llc",1
2015,3,"bmw mini financial services",1
2015,3,"bmw of el paso",1
2015,3,"bob baker volkswagen subaru",1
2015,3,"brac of salt lake city",1
2015,3,"braman cadillac",1
2015,3,"brother auto group inc",1
2015,3,"budget of omaha/ars",1
2015,3,"budget rent a car/alabama",1
2015,3,"budget rent a car/atlanta",1
2015,3,"budget rent a car/east point",1
2015,3,"budget rent a car/wichita",1
2015,3,"caldwell leasing",1
2015,3,"capital remarketing",1
2015,3,"car financial",1
2015,3,"car sense inc",1
2015,3,"cars 911",1
2015,3,"champion mazda",1
2015,3,"cherokee hyundai of kennesaw",1
2015,3,"chevy auto body inc",1
2015,3,"citiwide auto leasing",1
2015,3,"classic auto sales",1
2015,3,"coral springs honda",1
2015,3,"courtesy kia mitsubishi",1
2015,3,"crest ford inc",1
2015,3,"dab auto world & leasing",1
2015,3,"de felice of pt pleasant inc",1
2015,3,"dollar thrifty automotive group",1
2015,3,"dtag tra",1
2015,3,"emkay inc",1
2015,3,"enterprise fm exchange/lease",1
2015,3,"enterprise holdings/gdp",1
2015,3,"enterprise rent a car/ars",1
2015,3,"enterprise vehicle exchange/orange",1
2015,3,enterprise-tra,1
2015,3,"exceptional motorcar llc",1
2015,3,"fairway ford henderson",1
2015,3,"farm credit leasing exchange inc",1
2015,3,"fdic leasing",1
2015,3,"fields bmw",1
2015,3,"fiesta ford lincoln mercury",1
2015,3,"financial services remarketing - pickup",1
2015,3,"financial services remarketing (repos)",1
2015,3,"financial services remarketing/rail cars",1
2015,3,"fiserv/crescent bank & trust",1
2015,3,"fiserv/dealer funding llc",1
2015,3,"fiserv/regions bank",1
2015,3,"flag/reeves import motorca",1
2015,3,"florida auto financial group",1
2015,3,"fox rent a car tra",1
2015,3,"fred a groves motor company inc",1
2015,3,"ghent chevrolet cadillac",1
2015,3,"go auto outlet west",1
2015,3,"goldstar motors",1
2015,3,"grace motors",1
2015,3,"grossinger motors inc",1
2015,3,"gulf coast ford",1
2015,3,"hann financial services",1
2015,3,"hendrick bmw",1
2015,3,"hendrick mini",1
2015,3,"hertz car exchange inc/oklahoma city",1
2015,3,"hertz damaged liquidation",1
2015,3,"high bid trading co inc",1
2015,3,"hiley buick gmc",1
2015,3,"honda of america manufacturing",1
2015,3,"hyundai motor america",1
2015,3,"hyundai of new port richey",1
2015,3,"i -5 uhlmann rv",1
2015,3,"innovative auto llc",1
2015,3,"j & s auto haus",1
2015,3,"j baer remarketing",1
2015,3,"jack pfister autos",1
2015,3,"jacksonville auto mart",1
2015,3,"jersey motors inc",1
2015,3,"jordan auto",1
2015,3,"jyd auto leasing & sales llc",1
2015,3,"keller bros ford",1
2015,3,"kevin whitaker chevrolet cadillac",1
2015,3,"landmark dodge inc",1
2015,3,"larry hudson chevrolet buick gmc inc",1
2015,3,"lehman buick gmc llc",1
2015,3,"lexus of knoxville",1
2015,3,"lexus of pembroke pines",1
