anio,mes,nombre_mes,marca,modelo,precio_promedio
2014,1,enero,mercedes-benz,gl-class,40750.00
2014,1,enero,infiniti,jx,32500.00
2014,1,enero,ford,expedition,32325.00
2014,1,enero,cadillac,xts,31800.00
2014,1,enero,lincoln,mkx,30300.00
2014,1,enero,chevrolet,volt,28000.00
2014,1,enero,ford,f-150,26687.50
2014,1,enero,ford,explorer,26671.43
2014,1,enero,ford,"f-250 super duty",26500.00
2014,1,enero,ram,1500,23000.00
2014,1,enero,lincoln,mkz,22600.00
2014,1,enero,ford,edge,22233.33
2014,1,enero,ford,"transit connect",21800.00
2014,1,enero,cadillac,ats,20300.00
2014,1,enero,ford,taurus,19733.33
2014,1,enero,gmc,acadia,19500.00
2014,1,enero,kia,sorento,18500.00
2014,1,enero,ford,escape,18428.57
2014,1,enero,ford,"c-max hybrid",18000.00
2014,1,enero,ford,mustang,17660.00
2014,1,enero,ford,fusion,17485.71
2014,1,enero,hyundai,sonata,16871.43
2014,1,enero,chevrolet,impala,16200.00
2014,1,enero,dodge,challenger,15900.00
2014,1,enero,toyota,prius,15300.00
2014,1,enero,chevrolet,"captiva sport",15100.00
2014,1,enero,mazda,mazda3,14700.00
2014,1,enero,toyota,camry,14150.00
2014,1,enero,chrysler,"town and country",13600.00
2014,1,enero,chevrolet,malibu,13550.00
2014,1,enero,dodge,"grand caravan",13000.00
2014,1,enero,honda,odyssey,12750.00
2014,1,enero,ford,focus,12584.62
2014,1,enero,nissan,altima,11783.33
2014,1,enero,honda,accord,11550.00
2014,1,enero,volkswagen,passat,11500.00
2014,1,enero,ford,fiesta,11425.00
2014,1,enero,hyundai,"elantra gt",11300.00
2014,1,enero,toyota,corolla,11200.00
2014,1,enero,volkswagen,jetta,10400.00
2014,1,enero,chrysler,200,9700.00
2014,1,enero,hyundai,accent,9450.00
2014,1,enero,chevrolet,cruze,9200.00
2014,1,enero,suzuki,sx4,8500.00
2014,2,febrero,kia,rio,10500.00
2014,12,diciembre,ferrari,california,155000.00
2014,12,diciembre,bentley,"continental gtc",139000.00
2014,12,diciembre,bentley,"continental gt",118000.00
2014,12,diciembre,mercedes-benz,g-class,116500.00
2014,12,diciembre,audi,"rs 7",105000.00
2014,12,diciembre,bmw,"m6 gran coupe",103083.33
2014,12,diciembre,bmw,m6,83000.00
2014,12,diciembre,tesla,"model s",80000.00
2014,12,diciembre,audi,s8,79800.00
2014,12,diciembre,maserati,quattroporte,78250.00
2014,12,diciembre,"land rover","range rover",76244.44
2014,12,diciembre,mercedes-benz,sl-class,75800.00
2014,12,diciembre,"land rover",range,71600.00
2014,12,diciembre,porsche,911,71400.00
2014,12,diciembre,airstream,interstate,71000.00
2014,12,diciembre,nissan,gt-r,70625.00
2014,12,diciembre,bmw,"Sin dato",70541.18
2014,12,diciembre,jaguar,f-type,70200.00
2014,12,diciembre,lexus,"lx 570",69858.33
2014,12,diciembre,bmw,"6 series gran coupe",63700.13
2014,12,diciembre,bmw,m5,63636.14
2014,12,diciembre,bmw,alp,61000.00
2014,12,diciembre,audi,"rs 5",57250.00
2014,12,diciembre,porsche,panamera,56656.25
2014,12,diciembre,porsche,cayman,55250.00
2014,12,diciembre,bmw,"x5 m",54000.00
2014,12,diciembre,audi,s7,53750.00
2014,12,diciembre,infiniti,qx80,53650.00
2014,12,diciembre,mercedes-benz,s-class,53510.87
2014,12,diciembre,toyota,"land cruiser",53500.00
2014,12,diciembre,chevrolet,"corvette stingray",53437.50
2014,12,diciembre,"land rover","range rover sport",51590.63
2014,12,diciembre,ford,"shelby gt500",50808.33
2014,12,diciembre,"land rover",lr4,50628.57
2014,12,diciembre,jaguar,xk,49675.00
2014,12,diciembre,mercedes-benz,cls-class,49264.29
2014,12,diciembre,bmw,"6 series",48929.17
2014,12,diciembre,lexus,"ls 460",47510.00
2014,12,diciembre,bmw,x6,47454.17
2014,12,diciembre,porsche,cayenne,47131.25
2014,12,diciembre,audi,a8,46125.00
2014,12,diciembre,jaguar,xj,46016.67
2014,12,diciembre,cadillac,"cts-v coupe",45333.33
2014,12,diciembre,porsche,boxster,44583.33
2014,12,diciembre,audi,s5,44400.00
2014,12,diciembre,"land rover",rr,44000.00
2014,12,diciembre,audi,a7,43616.67
2014,12,diciembre,audi,s6,43500.00
2014,12,diciembre,lexus,"gx 460",43065.00
2014,12,diciembre,bmw,m3,42768.75
2014,12,diciembre,infiniti,qx,42734.62
2014,12,diciembre,gmc,"sierra 3500hd",41200.00
2014,12,diciembre,bmw,750li,41119.12
2014,12,diciembre,lexus,"is f",41000.00
2014,12,diciembre,bmw,"7 series",40840.74
2014,12,diciembre,bmw,"5 series gran turismo",40468.75
2014,12,diciembre,cadillac,escalade,40400.00
2014,12,diciembre,chevrolet,"silverado 3500hd",40275.00
2014,12,diciembre,audi,q7,39818.75
2014,12,diciembre,cadillac,"escalade esv",39750.00
2014,12,diciembre,infiniti,q70,39600.00
2014,12,diciembre,bmw,x5,39243.64
2014,12,diciembre,bmw,"2 series",38750.00
2014,12,diciembre,cadillac,"escalade ext",38600.00
2014,12,diciembre,bmw,"4 series",38420.83
2014,12,diciembre,chevrolet,"black diamond avalanche",38083.33
2014,12,diciembre,hyundai,equus,38047.06
2014,12,diciembre,infiniti,qx60,37736.11
2014,12,diciembre,audi,tts,37425.00
2014,12,diciembre,bmw,z4,37333.33
2014,12,diciembre,chevrolet,tahoe,36940.18
2014,12,diciembre,mercedes-benz,gl-class,36809.08
2014,12,diciembre,chevrolet,ss,36575.00
2014,12,diciembre,bmw,"5 series",35685.11
2014,12,diciembre,chevrolet,suburban,35591.67
2014,12,diciembre,mercedes-benz,m-class,35446.55
2014,12,diciembre,chevrolet,"silverado 2500hd",35347.56
2014,12,diciembre,bmw,750i,35214.29
2014,12,diciembre,"land rover","range rover evoque",35080.77
2014,12,diciembre,infiniti,"q60 convertible",35060.00
2014,12,diciembre,infiniti,qx70,34903.85
2014,12,diciembre,audi,a6,34876.56
2014,12,diciembre,gmc,"sierra 2500hd",34614.29
2014,12,diciembre,ram,3500,34383.33
2014,12,diciembre,toyota,sequoia,34200.00
2014,12,diciembre,ford,"f-250 super duty",34023.33
2014,12,diciembre,audi,allroad,33812.50
2014,12,diciembre,lexus,"gs 350",33578.57
2014,12,diciembre,audi,s4,33510.00
2014,12,diciembre,lincoln,navigator,33272.50
2014,12,diciembre,ram,2500,33075.00
2014,12,diciembre,bmw,"3 series gran turismo",33000.00
2014,12,diciembre,ford,"f-350 super duty",32998.69
2014,12,diciembre,acura,mdx,32574.24
2014,12,diciembre,mercedes-benz,e-class,32257.69
2014,12,diciembre,gmc,yukon,31911.76
2014,12,diciembre,lexus,"rx 450h",31910.00
2014,12,diciembre,mercedes-benz,slk-class,31896.15
2014,12,diciembre,bmw,x3,31684.21
2014,12,diciembre,infiniti,jx,31592.31
2014,12,diciembre,infiniti,q50,31195.83
2014,12,diciembre,mercedes-benz,cla-class,31187.50
2014,12,diciembre,jaguar,xf,30893.75
2014,12,diciembre,acura,rlx,30737.50
2014,12,diciembre,ford,expedition,30602.00
2014,12,diciembre,infiniti,qx50,30266.67
2014,12,diciembre,lexus,"rx 350",30171.30
2014,12,diciembre,lexus,"is 350",30137.50
2014,12,diciembre,gmc,"yukon xl",30122.00
2014,12,diciembre,volvo,v60,30000.00
2014,12,diciembre,toyota,4runner,29973.08
2014,12,diciembre,bmw,"3 series",29933.52
2014,12,diciembre,audi,q5,29902.63
2014,12,diciembre,cadillac,xts,29871.88
2014,12,diciembre,audi,a5,29803.33
2014,12,diciembre,infiniti,"q60 coupe",29266.67
2014,12,diciembre,nissan,"murano crosscabriolet",29257.14
2014,12,diciembre,bmw,x1,28681.25
2014,12,diciembre,lexus,"es 300h",28491.67
2014,12,diciembre,chevrolet,corvette,28387.50
2014,12,diciembre,toyota,"highlander hybrid",28371.43
2014,12,diciembre,lexus,"is 250 c",28280.00
2014,12,diciembre,acura,zdx,28200.00
2014,12,diciembre,lexus,"is 350 c",28000.00
2014,12,diciembre,mercedes-benz,glk-class,27972.85
2014,12,diciembre,toyota,tundra,27653.33
2014,12,diciembre,infiniti,m,27303.67
2014,12,diciembre,mercedes-benz,sprinter,27262.50
2014,12,diciembre,volvo,s80,27233.33
2014,12,diciembre,infiniti,"g convertible",27137.50
2014,12,diciembre,infiniti,fx,27019.23
2014,12,diciembre,jeep,"grand cherokee",26925.00
2014,12,diciembre,jeep,wrangler,26646.94
2014,12,diciembre,volkswagen,touareg,26593.75
2014,12,diciembre,nissan,armada,26540.00
2014,12,diciembre,chevrolet,avalanche,26400.00
2014,12,diciembre,gmc,"sierra 1500",26368.52
2014,12,diciembre,ford,f-150,26202.89
2014,12,diciembre,toyota,"fj cruiser",26100.00
2014,12,diciembre,volvo,xc60,26088.24
2014,12,diciembre,toyota,"avalon hybrid",26000.00
2014,12,diciembre,lincoln,mkx,25594.23
2014,12,diciembre,subaru,"impreza wrx",25566.67
2014,12,diciembre,mercedes-benz,r-class,25500.00
2014,12,diciembre,lincoln,mkt,25472.22
2014,12,diciembre,lexus,"es 350",25372.39
2014,12,diciembre,ford,explorer,25200.19
2014,12,diciembre,mitsubishi,"lancer evolution",25168.18
2014,12,diciembre,volvo,xc70,25125.00
2014,12,diciembre,honda,"accord hybrid",25000.00
2014,12,diciembre,cadillac,"cts coupe",24975.00
2014,12,diciembre,chevrolet,"silverado 1500",24772.70
2014,12,diciembre,infiniti,ex,24766.67
2014,12,diciembre,dodge,durango,24592.45
2014,12,diciembre,toyota,highlander,24388.39
2014,12,diciembre,volvo,xc90,24333.33
2014,12,diciembre,infiniti,"g coupe",24318.06
2014,12,diciembre,honda,ridgeline,24275.00
2014,12,diciembre,acura,rdx,24193.18
2014,12,diciembre,subaru,tribeca,24100.00
2014,12,diciembre,gmc,acadia,23959.09
2014,12,diciembre,nissan,pathfinder,23943.57
2014,12,diciembre,buick,enclave,23876.00
2014,12,diciembre,nissan,370z,23756.25
2014,12,diciembre,honda,pilot,23524.55
2014,12,diciembre,bmw,"1 series",23500.00
2014,12,diciembre,nissan,titan,23442.86
2014,12,diciembre,mercedes-benz,c-class,23308.61
2014,12,diciembre,audi,a4,23202.63
2014,12,diciembre,lexus,"is 250",23186.30
2014,12,diciembre,dodge,grand,23075.00
2014,12,diciembre,toyota,tacoma,22837.70
2014,12,diciembre,mazda,"mx-5 miata",22683.33
2014,12,diciembre,hyundai,"santa fe sport",22609.38
2014,12,diciembre,volkswagen,"golf r",22600.00
2014,12,diciembre,nissan,murano,22523.02
2014,12,diciembre,mini,"cooper roadster",22333.33
2014,12,diciembre,hyundai,azera,22258.82
2014,12,diciembre,dodge,challenger,22008.49
2014,12,diciembre,infiniti,"g sedan",22004.35
2014,12,diciembre,ram,1500,21990.59
2014,12,diciembre,mazda,cx-9,21952.00
2014,12,diciembre,honda,odyssey,21917.24
2014,12,diciembre,mini,"cooper paceman",21914.29
2014,12,diciembre,"land rover",lr2,21800.00
2014,12,diciembre,nissan,"nv cargo",21750.00
2014,12,diciembre,cadillac,srx,21643.75
2014,12,diciembre,ram,"promaster cargo van",21400.00
2014,12,diciembre,lexus,"ct 200h",21357.14
2014,12,diciembre,jeep,cherokee,21341.38
2014,12,diciembre,cadillac,cts,21243.75
2014,12,diciembre,subaru,"xv crosstrek",20957.14
2014,12,diciembre,mini,"cooper countryman",20627.59
2014,12,diciembre,kia,cadenza,20470.83
2014,12,diciembre,ford,flex,20402.06
2014,12,diciembre,acura,tl,20340.43
2014,12,diciembre,dodge,gr,20250.00
2014,12,diciembre,lincoln,mks,20212.50
2014,12,diciembre,honda,cr-v,20146.28
2014,12,diciembre,ford,edge,20054.63
2014,12,diciembre,cadillac,ats,19977.55
2014,12,diciembre,chrysler,300,19945.21
2014,12,diciembre,toyota,avalon,19705.00
2014,12,diciembre,mazda,cx-5,19672.22
2014,12,diciembre,volkswagen,"jetta gli",19625.00
2014,12,diciembre,audi,a3,19608.33
2014,12,diciembre,nissan,quest,19567.19
2014,12,diciembre,subaru,forester,19560.42
2014,12,diciembre,hyundai,"santa fe",19509.21
2014,12,diciembre,toyota,sienna,19421.92
2014,12,diciembre,subaru,brz,19350.00
2014,12,diciembre,acura,ilx,19290.00
2014,12,diciembre,ford,"e-series wagon",19270.53
2014,12,diciembre,hyundai,veracruz,19033.33
2014,12,diciembre,acura,"tsx sport wagon",18850.00
2014,12,diciembre,volvo,c70,18850.00
2014,12,diciembre,hyundai,genesis,18836.23
2014,12,diciembre,honda,crosstour,18805.56
2014,12,diciembre,chevrolet,camaro,18623.40
2014,12,diciembre,toyota,venza,18523.81
2014,12,diciembre,volkswagen,"beetle convertible",18500.00
2014,12,diciembre,chevrolet,traverse,18489.36
2014,12,diciembre,ford,"e-series van",18390.29
2014,12,diciembre,nissan,xterra,18300.00
2014,12,diciembre,volkswagen,routan,18275.00
2014,12,diciembre,nissan,frontier,18195.45
2014,12,diciembre,buick,encore,18100.00
2014,12,diciembre,subaru,outback,18057.14
2014,12,diciembre,acura,tsx,18029.47
2014,12,diciembre,chevrolet,express,17940.91
2014,12,diciembre,scion,fr-s,17639.58
2014,12,diciembre,ford,"fusion energi",17500.00
2014,12,diciembre,volvo,s60,17448.36
2014,12,diciembre,subaru,impreza,17404.55
2014,12,diciembre,mitsubishi,outlander,17336.25
2014,12,diciembre,chrysler,"town and country",17250.26
2014,12,diciembre,gmc,terrain,17237.23
2014,12,diciembre,toyota,rav4,17145.14
2014,12,diciembre,volkswagen,tiguan,17111.76
2014,12,diciembre,dodge,charger,17052.71
2014,12,diciembre,lincoln,mkz,17023.88
2014,12,diciembre,kia,sorento,16868.94
2014,12,diciembre,toyota,"prius plug-in",16816.67
2014,12,diciembre,toyota,"camry hybrid",16766.67
2014,12,diciembre,ford,"focus st",16700.00
2014,12,diciembre,mazda,mazda6,16678.13
2014,12,diciembre,volkswagen,"jetta hybrid",16650.00
2014,12,diciembre,mini,"cooper clubman",16619.44
2014,12,diciembre,nissan,maxima,16573.49
2014,12,diciembre,toyota,"prius v",16477.78
2014,12,diciembre,kia,sportage,16357.58
2014,12,diciembre,hyundai,tucson,16226.09
2014,12,diciembre,mazda,mazdaspeed3,16171.43
2014,12,diciembre,hyundai,"sonata hybrid",16153.41
2014,12,diciembre,ford,"fusion hybrid",15948.21
2014,12,diciembre,buick,lacrosse,15809.38
2014,12,diciembre,volkswagen,eos,15800.00
2014,12,diciembre,ford,escape,15599.49
2014,12,diciembre,ford,"c-max hybrid",15578.95
2014,12,diciembre,hyundai,"genesis coupe",15508.33
2014,12,diciembre,volkswagen,"jetta sportwagen",15440.00
2014,12,diciembre,nissan,rogue,15273.12
2014,12,diciembre,mazda,"mazdaspeed 3",15200.00
2014,12,diciembre,toyota,camry,15117.64
2014,12,diciembre,toyota,prius,15000.00
2014,12,diciembre,mini,cooper,14990.52
2014,12,diciembre,kia,optima,14973.85
2014,12,diciembre,ford,mustang,14923.81
2014,12,diciembre,ford,"transit connect",14915.00
2014,12,diciembre,volkswagen,gti,14812.50
2014,12,diciembre,chevrolet,equinox,14633.99
2014,12,diciembre,volkswagen,cc,14605.26
2014,12,diciembre,honda,accord,14587.02
2014,12,diciembre,nissan,juke,14521.43
2014,12,diciembre,ford,taurus,14456.34
2014,12,diciembre,mini,"cooper coupe",14300.00
2014,12,diciembre,nissan,"rogue select",14300.00
2014,12,diciembre,subaru,legacy,13983.33
2014,12,diciembre,mazda,cx-7,13800.00
2014,12,diciembre,dodge,journey,13698.46
2014,12,diciembre,hyundai,"elantra gt",13672.22
2014,12,diciembre,jeep,liberty,13611.24
2014,12,diciembre,hyundai,"elantra coupe",13540.00
2014,12,diciembre,jeep,compass,13397.50
2014,12,diciembre,scion,tc,13316.67
2014,12,diciembre,toyota,"prius c",13168.75
2014,12,diciembre,nissan,nv200,13066.67
2014,12,diciembre,ford,e350,13025.00
2014,12,diciembre,chevrolet,"express cargo",13010.34
2014,12,diciembre,nissan,nv,13000.00
2014,12,diciembre,chevrolet,volt,12988.57
2014,12,diciembre,nissan,altima,12975.44
2014,12,diciembre,dodge,"grand caravan",12806.67
2014,12,diciembre,mitsubishi,"outlander sport",12804.35
2014,12,diciembre,nissan,leaf,12690.79
2014,12,diciembre,hyundai,sonata,12615.64
2014,12,diciembre,ford,fusion,12599.25
2014,12,diciembre,jeep,patriot,12512.96
2014,12,diciembre,volkswagen,beetle,12506.67
2014,12,diciembre,honda,civic,12502.23
2014,12,diciembre,mitsubishi,"lancer sportback",12500.00
2014,12,diciembre,toyota,matrix,12500.00
2014,12,diciembre,buick,regal,12450.00
2014,12,diciembre,kia,sedona,12402.97
2014,12,diciembre,hyundai,veloster,12367.74
2014,12,diciembre,ford,e,12200.00
2014,12,diciembre,honda,fit,12200.00
2014,12,diciembre,buick,verano,12134.78
2014,12,diciembre,scion,xd,12100.00
2014,12,diciembre,volkswagen,golf,12000.00
2014,12,diciembre,mazda,mazda5,11980.98
2014,12,diciembre,chevrolet,"impala limited",11927.78
2014,12,diciembre,scion,xb,11859.52
2014,12,diciembre,honda,insight,11855.56
2014,12,diciembre,volkswagen,passat,11844.77
2014,12,diciembre,ford,"c-max energi",11674.07
2014,12,diciembre,honda,cr-z,11640.00
2014,12,diciembre,kia,soul,11507.21
2014,12,diciembre,volkswagen,gli,11500.00
2014,12,diciembre,hyundai,elantra,11401.44
2014,12,diciembre,toyota,corolla,11374.82
2014,12,diciembre,dodge,dart,11359.72
2014,12,diciembre,fiat,500l,11258.33
2014,12,diciembre,mazda,mazda3,11241.06
2014,12,diciembre,nissan,cube,11127.78
2014,12,diciembre,chevrolet,"captiva sport",11084.06
2014,12,diciembre,kia,forte,10952.08
2014,12,diciembre,nissan,"versa note",10910.42
2014,12,diciembre,mitsubishi,lancer,10890.79
2014,12,diciembre,chevrolet,malibu,10851.05
2014,12,diciembre,volkswagen,jetta,10761.92
2014,12,diciembre,nissan,sentra,10532.68
2014,12,diciembre,hyundai,"elantra touring",10333.33
2014,12,diciembre,suzuki,"grand vitara",10300.00
2014,12,diciembre,ford,focus,10285.72
2014,12,diciembre,chrysler,200,10283.59
2014,12,diciembre,dodge,avenger,10147.59
2014,12,diciembre,chevrolet,cruze,10105.58
2014,12,diciembre,chevrolet,impala,10069.65
2014,12,diciembre,kia,rio,10016.29
2014,12,diciembre,ram,"c/v tradesman",9800.00
2014,12,diciembre,mitsubishi,eclipse,9666.67
2014,12,diciembre,chevrolet,colorado,9655.00
2014,12,diciembre,suzuki,kizashi,9500.00
2014,12,diciembre,scion,iq,9145.45
2014,12,diciembre,hyundai,accent,9065.73
2014,12,diciembre,mitsubishi,mirage,8990.91
2014,12,diciembre,ford,fiesta,8980.61
2014,12,diciembre,dodge,caliber,8954.55
2014,12,diciembre,toyota,yaris,8803.97
2014,12,diciembre,nissan,versa,8689.33
2014,12,diciembre,ram,"c/v cargo van",8600.00
2014,12,diciembre,fiat,500,8254.29
2014,12,diciembre,mitsubishi,galant,8229.73
2014,12,diciembre,mitsubishi,i-miev,8100.00
2014,12,diciembre,ford,e150,8000.00
2014,12,diciembre,suzuki,grand,8000.00
2014,12,diciembre,chevrolet,sonic,7925.26
2014,12,diciembre,smart,fortwo,7775.00
2014,12,diciembre,mazda,mazda2,7354.19
2014,12,diciembre,chevrolet,spark,7083.87
2014,12,diciembre,suzuki,sx4,6620.00
2015,1,enero,rolls-royce,ghost,169500.00
2015,1,enero,bmw,i8,165000.00
2015,1,enero,bentley,"continental gtc",130000.00
2015,1,enero,bentley,"continental gt",125000.00
2015,1,enero,audi,r8,110875.00
2015,1,enero,audi,"rs 7",104000.00
2015,1,enero,mercedes-benz,"sls amg",104000.00
2015,1,enero,bentley,"continental flying spur",102000.00
2015,1,enero,mercedes-benz,g-class,98375.00
2015,1,enero,bmw,m6,97125.00
2015,1,enero,bmw,"m6 gran coupe",90000.00
2015,1,enero,maserati,granturismo,84000.00
2015,1,enero,"land rover","range rover",83987.50
2015,1,enero,tesla,"model s",81500.00
2015,1,enero,bmw,"activehybrid 7",79250.00
2015,1,enero,porsche,911,77031.25
2015,1,enero,nissan,gt-r,76225.00
2015,1,enero,audi,s7,75400.00
2015,1,enero,bmw,m5,74153.57
2015,1,enero,maserati,quattroporte,73500.00
2015,1,enero,bmw,"Sin dato",71238.10
2015,1,enero,jaguar,f-type,70178.57
2015,1,enero,mercedes-benz,sl-class,69323.08
2015,1,enero,lexus,"lx 570",65360.71
2015,1,enero,bmw,m4,64000.00
2015,1,enero,bmw,"x6 m",63357.14
2015,1,enero,mercedes-benz,cl-class,63250.00
2015,1,enero,maserati,ghibli,62437.50
2015,1,enero,audi,"rs 5",59000.00
2015,1,enero,porsche,cayenne,57923.81
2015,1,enero,porsche,panamera,57530.00
2015,1,enero,infiniti,qx80,57018.75
2015,1,enero,porsche,macan,55000.00
2015,1,enero,bmw,"6 series gran coupe",54891.00
2015,1,enero,fisker,karma,54500.00
2015,1,enero,chevrolet,"corvette stingray",53969.57
2015,1,enero,toyota,"land cruiser",53950.00
2015,1,enero,jaguar,xk,53007.69
2015,1,enero,"land rover","range rover sport",52254.76
2015,1,enero,bmw,"x5 m",52083.33
2015,1,enero,mercedes-benz,s-class,51016.83
2015,1,enero,porsche,cayman,50750.00
2015,1,enero,cadillac,"cts-v wagon",50500.00
2015,1,enero,"land rover",rr,50400.00
2015,1,enero,ford,"shelby gt500",48979.41
2015,1,enero,bmw,"6 series",48946.92
2015,1,enero,mercedes-benz,cls-class,48509.57
2015,1,enero,audi,sq5,47750.00
2015,1,enero,cadillac,"escalade esv",46527.78
2015,1,enero,porsche,boxster,46395.45
2015,1,enero,bmw,"5 series gran turismo",46094.74
2015,1,enero,"land rover",lr4,45929.55
2015,1,enero,lexus,"ls 460",45322.86
2015,1,enero,bmw,x6,45260.98
2015,1,enero,audi,a8,45203.13
2015,1,enero,jaguar,xj,44517.86
2015,1,enero,bmw,m3,44276.32
2015,1,enero,gmc,"sierra 3500hd",44000.00
2015,1,enero,bmw,750li,43566.67
2015,1,enero,cadillac,escalade,43458.60
2015,1,enero,lexus,"is f",43000.00
2015,1,enero,bmw,"7 series",42074.19
2015,1,enero,gmc,"sierra 2500hd",41700.00
2015,1,enero,infiniti,qx,41618.18
2015,1,enero,audi,tts,41500.00
2015,1,enero,lexus,"gx 460",41192.65
2015,1,enero,bmw,"4 series",41084.62
2015,1,enero,kia,k900,40535.71
2015,1,enero,audi,a7,40521.15
2015,1,enero,mercedes-benz,gl-class,40414.14
2015,1,enero,infiniti,q70,40000.00
2015,1,enero,bmw,alp,39100.00
2015,1,enero,cadillac,"cts-v coupe",38928.50
2015,1,enero,bmw,750i,38875.00
2015,1,enero,lexus,"gs 450h",38750.00
2015,1,enero,bmw,"3 series gran turismo",38671.88
2015,1,enero,audi,q7,38513.95
2015,1,enero,bmw,x5,38254.87
2015,1,enero,bmw,z4,38082.03
2015,1,enero,ford,"f-350 super duty",37481.48
2015,1,enero,toyota,sequoia,37286.67
2015,1,enero,cadillac,cts-v,37250.00
2015,1,enero,infiniti,"q60 convertible",37236.84
2015,1,enero,chevrolet,corvette,37018.88
2015,1,enero,bmw,"2 series",36970.00
2015,1,enero,infiniti,qx60,36687.50
2015,1,enero,chevrolet,tahoe,36585.90
2015,1,enero,audi,s5,36534.09
2015,1,enero,ram,3500,36263.73
2015,1,enero,infiniti,qx70,36038.24
2015,1,enero,audi,s4,35784.78
2015,1,enero,chevrolet,suburban,35727.03
2015,1,enero,bmw,"5 series",35202.89
2015,1,enero,gmc,yukon,35147.78
2015,1,enero,"land rover","range rover evoque",35106.82
2015,1,enero,ram,2500,34857.87
2015,1,enero,chevrolet,"silverado 3500hd",34682.14
2015,1,enero,mercedes-benz,m-class,34654.33
2015,1,enero,ford,"f-250 super duty",34651.51
2015,1,enero,hyundai,equus,34492.86
2015,1,enero,lincoln,navigator,34292.25
2015,1,enero,chevrolet,"silverado 2500hd",33898.55
2015,1,enero,lexus,"rx 450h",33876.92
2015,1,enero,lexus,"gs 350",33640.00
2015,1,enero,subaru,wrx,33500.00
2015,1,enero,mercedes-benz,slk-class,33445.00
2015,1,enero,audi,allroad,33333.33
2015,1,enero,audi,a6,32860.10
2015,1,enero,chevrolet,"black diamond avalanche",32753.85
2015,1,enero,chevrolet,ss,32725.00
2015,1,enero,infiniti,qx50,32666.67
2015,1,enero,ford,expedition,32362.84
2015,1,enero,acura,rlx,32000.00
2015,1,enero,mercedes-benz,e-class,31805.86
2015,1,enero,lexus,"is 350",31550.00
2015,1,enero,cadillac,"escalade ext",31500.00
2015,1,enero,cadillac,"escalade hybrid",31500.00
2015,1,enero,jaguar,xf,31185.19
2015,1,enero,lexus,"es 300h",30816.67
2015,1,enero,bmw,x3,30785.75
2015,1,enero,volvo,xc70,30717.86
2015,1,enero,infiniti,jx,30658.49
2015,1,enero,bmw,"3 series",30461.68
2015,1,enero,audi,tt,30375.00
2015,1,enero,mercedes-benz,cla-class,30294.44
2015,1,enero,volkswagen,touareg,30282.61
2015,1,enero,lexus,"rx 350",30248.60
2015,1,enero,gmc,"yukon xl",30209.41
2015,1,enero,infiniti,q50,30201.00
2015,1,enero,acura,mdx,30100.35
2015,1,enero,toyota,"highlander hybrid",29900.00
2015,1,enero,infiniti,"q60 coupe",29750.00
2015,1,enero,audi,q5,29561.93
2015,1,enero,volvo,v60,29500.00
2015,1,enero,toyota,tundra,29322.48
2015,1,enero,lexus,"is 350 c",29200.00
2015,1,enero,toyota,4runner,29147.32
2015,1,enero,cadillac,xts,29085.42
2015,1,enero,nissan,"murano crosscabriolet",28804.55
2015,1,enero,bmw,x1,28783.33
2015,1,enero,lexus,"is 250 c",28783.33
2015,1,enero,acura,zdx,28600.00
2015,1,enero,mercedes-benz,glk-class,28229.04
2015,1,enero,mercedes-benz,sprinter,28046.50
2015,1,enero,infiniti,"g convertible",27822.00
2015,1,enero,jeep,"grand cherokee",27798.62
2015,1,enero,toyota,"fj cruiser",27561.36
2015,1,enero,lincoln,mkt,27536.36
2015,1,enero,mitsubishi,"lancer evolution",27534.38
2015,1,enero,gmc,"sierra 1500",27530.78
2015,1,enero,dodge,durango,27348.71
2015,1,enero,audi,a5,27252.42
2015,1,enero,chevrolet,avalanche,27077.27
2015,1,enero,volvo,xc90,27030.43
2015,1,enero,nissan,armada,26820.00
2015,1,enero,infiniti,fx,26671.22
2015,1,enero,jeep,wrangler,26644.57
2015,1,enero,volkswagen,"golf r",26628.57
2015,1,enero,lincoln,mkx,26539.32
2015,1,enero,toyota,"avalon hybrid",26350.00
2015,1,enero,subaru,"impreza wrx",26281.03
2015,1,enero,ford,explorer,25920.48
2015,1,enero,infiniti,m,25855.71
2015,1,enero,subaru,tribeca,25800.00
2015,1,enero,honda,"accord hybrid",25762.50
2015,1,enero,buick,enclave,25641.77
2015,1,enero,ford,f-150,25423.76
2015,1,enero,gmc,acadia,25350.57
2015,1,enero,volvo,xc60,25320.27
2015,1,enero,chevrolet,"silverado 1500",25262.17
2015,1,enero,audi,"Sin dato",25200.00
2015,1,enero,honda,ridgeline,25117.86
2015,1,enero,lexus,"es 350",25071.25
2015,1,enero,mercedes-benz,r-class,24337.50
2015,1,enero,"land rover",lr2,24325.00
2015,1,enero,toyota,highlander,24138.12
2015,1,enero,cadillac,srx,23930.49
2015,1,enero,acura,rdx,23918.18
2015,1,enero,ram,1500,23779.41
2015,1,enero,infiniti,ex,23725.00
2015,1,enero,infiniti,"g coupe",23679.95
2015,1,enero,lexus,"is 250",23676.92
2015,1,enero,volvo,s80,23643.75
2015,1,enero,honda,pilot,23528.01
2015,1,enero,nissan,370z,23480.00
2015,1,enero,toyota,tacoma,23412.57
2015,1,enero,lincoln,mks,23291.14
2015,1,enero,cadillac,"cts wagon",23250.00
2015,1,enero,cadillac,"cts coupe",23151.67
2015,1,enero,mercedes-benz,c-class,22995.48
2015,1,enero,nissan,pathfinder,22931.20
2015,1,enero,bmw,"1 series",22827.94
2015,1,enero,nissan,titan,22789.67
2015,1,enero,jeep,cherokee,22736.75
2015,1,enero,volkswagen,"golf gti",22725.00
2015,1,enero,ram,"promaster cargo van",22625.00
2015,1,enero,dodge,grand,22550.00
2015,1,enero,ford,flex,22426.84
2015,1,enero,audi,a4,22054.62
2015,1,enero,gmc,"savana cargo",21942.00
2015,1,enero,hyundai,azera,21824.19
2015,1,enero,subaru,outback,21812.50
2015,1,enero,"Sin dato","Sin dato",21489.59
2015,1,enero,ford,"fusion energi",21367.65
2015,1,enero,ford,edge,21321.22
2015,1,enero,infiniti,"g sedan",21299.28
2015,1,enero,subaru,"xv crosstrek",21224.66
2015,1,enero,lexus,"ct 200h",21222.86
2015,1,enero,toyota,avalon,21131.51
2015,1,enero,nissan,"nv cargo",21069.23
2015,1,enero,dodge,gr,21048.28
2015,1,enero,mazda,cx-9,21005.61
2015,1,enero,subaru,forester,20967.54
2015,1,enero,mazda,"mx-5 miata",20850.00
2015,1,enero,volvo,c70,20733.33
2015,1,enero,chrysler,300,20700.45
2015,1,enero,dodge,challenger,20667.41
2015,1,enero,cadillac,cts,20603.99
2015,1,enero,honda,odyssey,20560.98
2015,1,enero,mini,"cooper roadster",20527.78
2015,1,enero,chevrolet,camaro,20429.28
2015,1,enero,kia,cadenza,20420.83
2015,1,enero,nissan,"nv passenger",20400.00
2015,1,enero,nissan,murano,20290.16
2015,1,enero,mini,"cooper paceman",20225.00
2015,1,enero,mini,"cooper countryman",20179.91
2015,1,enero,cadillac,ats,20156.86
2015,1,enero,ford,"e-series wagon",20156.29
2015,1,enero,acura,tl,20061.85
2015,1,enero,audi,a3,20039.66
2015,1,enero,hyundai,"santa fe sport",19891.79
2015,1,enero,chevrolet,express,19752.63
2015,1,enero,toyota,sienna,19678.34
2015,1,enero,subaru,brz,19628.57
2015,1,enero,ford,"e-series van",19616.04
2015,1,enero,mazda,cx-5,19498.26
2015,1,enero,honda,cr-v,19311.78
2015,1,enero,chevrolet,traverse,19255.59
2015,1,enero,gmc,terrain,19222.35
2015,1,enero,acura,ilx,19053.13
2015,1,enero,toyota,venza,18947.04
2015,1,enero,buick,encore,18909.52
2015,1,enero,volvo,s60,18695.52
2015,1,enero,acura,"tsx sport wagon",18603.57
2015,1,enero,nissan,frontier,18594.71
2015,1,enero,chrysler,"town and country",18564.03
2015,1,enero,hyundai,genesis,18514.31
2015,1,enero,ford,"focus st",18384.78
2015,1,enero,nissan,xterra,18340.48
2015,1,enero,hyundai,"santa fe",18332.94
2015,1,enero,lincoln,mkz,18183.85
2015,1,enero,volkswagen,eos,18122.00
2015,1,enero,mazda,mazdaspeed3,17980.00
2015,1,enero,kia,sorento,17970.45
2015,1,enero,volkswagen,"jetta gli",17906.25
2015,1,enero,honda,crosstour,17903.57
2015,1,enero,ford,"fusion hybrid",17889.05
2015,1,enero,nissan,quest,17804.74
2015,1,enero,chevrolet,colorado,17778.33
2015,1,enero,dodge,charger,17742.84
2015,1,enero,hyundai,veracruz,17741.67
2015,1,enero,volkswagen,routan,17694.64
2015,1,enero,scion,fr-s,17564.44
2015,1,enero,volkswagen,"beetle convertible",17563.64
2015,1,enero,gmc,savana,17550.00
2015,1,enero,toyota,"prius v",17486.00
2015,1,enero,volvo,c30,17416.67
2015,1,enero,toyota,rav4,17289.33
2015,1,enero,acura,tsx,17227.73
2015,1,enero,subaru,legacy,17214.86
2015,1,enero,ram,"cv tradesman",17200.00
2015,1,enero,mini,"cooper clubman",17187.50
2015,1,enero,toyota,"prius plug-in",17180.00
2015,1,enero,mini,"cooper coupe",17090.00
2015,1,enero,subaru,impreza,16936.25
2015,1,enero,ford,mustang,16655.59
2015,1,enero,toyota,"camry hybrid",16516.27
2015,1,enero,ford,escape,16487.30
2015,1,enero,mitsubishi,outlander,16442.86
2015,1,enero,nissan,nv200,16433.33
2015,1,enero,volkswagen,gti,16379.07
2015,1,enero,nissan,maxima,16321.09
2015,1,enero,kia,sportage,16251.69
2015,1,enero,buick,lacrosse,16234.73
2015,1,enero,hyundai,tucson,16077.62
2015,1,enero,gmc,canyon,16050.00
2015,1,enero,hyundai,"genesis coupe",15957.14
2015,1,enero,ford,"c-max hybrid",15955.43
2015,1,enero,ford,taurus,15905.38
2015,1,enero,hyundai,"sonata hybrid",15809.29
2015,1,enero,volkswagen,"jetta hybrid",15775.00
2015,1,enero,chevrolet,capt,15733.33
2015,1,enero,volkswagen,tiguan,15726.70
2015,1,enero,chevrolet,"express cargo",15611.86
2015,1,enero,nissan,"rogue select",15608.33
2015,1,enero,mazda,"mazdaspeed 3",15400.00
2015,1,enero,mazda,3,15300.00
2015,1,enero,nissan,juke,15236.08
2015,1,enero,ford,"transit connect",15153.01
2015,1,enero,mazda,mazda6,15100.84
2015,1,enero,jeep,compass,14943.88
2015,1,enero,toyota,prius,14942.62
2015,1,enero,nissan,rogue,14900.08
2015,1,enero,nissan,nv,14888.89
2015,1,enero,dodge,journey,14887.96
2015,1,enero,suzuki,equator,14850.00
2015,1,enero,kia,optima,14844.02
2015,1,enero,chevrolet,equinox,14804.53
2015,1,enero,mini,cooper,14757.89
2015,1,enero,toyota,camry,14667.89
2015,1,enero,volkswagen,"jetta sportwagen",14661.67
2015,1,enero,buick,regal,14522.67
2015,1,enero,volkswagen,cc,14433.64
2015,1,enero,honda,accord,14406.28
2015,1,enero,mitsubishi,"outlander sport",13978.37
2015,1,enero,dodge,"grand caravan",13972.14
2015,1,enero,ford,fusion,13748.24
2015,1,enero,chevrolet,"impala limited",13644.35
2015,1,enero,jeep,patriot,13569.97
2015,1,enero,chevrolet,"captiva sport",13548.63
2015,1,enero,volkswagen,gli,13421.43
2015,1,enero,ford,e,13400.00
2015,1,enero,jeep,liberty,13329.01
2015,1,enero,hyundai,veloster,13223.76
2015,1,enero,scion,tc,13171.01
2015,1,enero,toyota,"prius c",13105.36
2015,1,enero,volkswagen,passat,12940.05
2015,1,enero,fiat,500e,12900.00
2015,1,enero,kia,sedona,12816.31
2015,1,enero,buick,verano,12816.17
2015,1,enero,nissan,altima,12759.62
2015,1,enero,hyundai,sonata,12747.45
2015,1,enero,fiat,500l,12631.25
2015,1,enero,volkswagen,beetle,12565.88
2015,1,enero,hyundai,"elantra coupe",12525.00
2015,1,enero,nissan,leaf,12522.22
2015,1,enero,hyundai,"elantra gt",12515.63
2015,1,enero,kia,soul,12429.08
2015,1,enero,chevrolet,volt,12374.60
2015,1,enero,honda,fit,12328.85
2015,1,enero,ford,"c-max energi",12308.00
2015,1,enero,honda,cr-z,12296.88
2015,1,enero,scion,xd,12252.50
2015,1,enero,scion,xb,12159.38
2015,1,enero,mazda,6,12140.00
2015,1,enero,honda,civic,12138.87
2015,1,enero,volkswagen,golf,11972.64
2015,1,enero,toyota,corolla,11929.97
2015,1,enero,dodge,dart,11911.45
2015,1,enero,chevrolet,impala,11821.27
2015,1,enero,mazda,mazda5,11819.30
2015,1,enero,suzuki,kizashi,11700.00
2015,1,enero,honda,insight,11611.67
2015,1,enero,mazda,mazda3,11561.18
2015,1,enero,chevrolet,malibu,11363.76
2015,1,enero,hyundai,elantra,11350.59
2015,1,enero,chevrolet,cruze,11299.46
2015,1,enero,kia,forte,11197.26
2015,1,enero,nissan,cube,11184.00
2015,1,enero,ford,focus,11019.17
2015,1,enero,nissan,sentra,10999.10
2015,1,enero,mitsubishi,eclipse,10916.67
2015,1,enero,mitsubishi,"lancer sportback",10900.00
2015,1,enero,toyota,matrix,10800.00
2015,1,enero,volkswagen,jetta,10744.72
2015,1,enero,chrysler,200,10707.62
2015,1,enero,ram,"c/v tradesman",10700.00
2015,1,enero,ford,e350,10650.00
2015,1,enero,mitsubishi,"eclipse spyder",10600.00
2015,1,enero,kia,rio,10521.23
2015,1,enero,mazda,cx-7,10500.00
2015,1,enero,mitsubishi,lancer,10366.02
2015,1,enero,suzuki,"grand vitara",10228.57
2015,1,enero,nissan,"versa note",10162.66
2015,1,enero,hyundai,"elantra touring",10141.67
2015,1,enero,dodge,avenger,10035.62
2015,1,enero,suzuki,grand,9700.00
2015,1,enero,ford,fiesta,9593.83
2015,1,enero,toyota,yaris,9531.85
2015,1,enero,fiat,500,9447.00
2015,1,enero,dodge,caliber,9389.29
2015,1,enero,hyundai,accent,9143.58
2015,1,enero,mitsubishi,i-miev,9120.00
2015,1,enero,chevrolet,sonic,9007.54
2015,1,enero,mitsubishi,mirage,8994.44
2015,1,enero,nissan,versa,8922.32
2015,1,enero,scion,iq,8907.89
2015,1,enero,smart,fortwo,8612.50
2015,1,enero,mazda,mazda2,8573.61
2015,1,enero,mitsubishi,galant,8331.54
2015,1,enero,chevrolet,spark,7666.41
2015,1,enero,ram,"c/v cargo van",7121.43
2015,1,enero,suzuki,sx4,6417.50
2015,2,febrero,bmw,i8,160600.00
2015,2,febrero,bentley,"continental gtc",153833.33
2015,2,febrero,ferrari,california,136000.00
2015,2,febrero,bentley,"continental gt",127500.00
2015,2,febrero,mercedes-benz,g-class,107145.45
2015,2,febrero,bentley,"continental flying spur speed",105000.00
2015,2,febrero,audi,"rs 7",101333.33
2015,2,febrero,audi,r8,91260.00
2015,2,febrero,bmw,"m6 gran coupe",90033.33
2015,2,febrero,bmw,m6,87585.00
2015,2,febrero,maserati,"granturismo convertible",84000.00
2015,2,febrero,porsche,911,83086.67
2015,2,febrero,nissan,gt-r,78528.57
2015,2,febrero,mercedes-benz,sl-class,77979.31
2015,2,febrero,"land rover","range rover",75135.42
2015,2,febrero,tesla,"model s",73464.29
2015,2,febrero,audi,s8,72333.33
2015,2,febrero,audi,s7,72200.00
2015,2,febrero,bmw,m5,71088.89
2015,2,febrero,bmw,"Sin dato",70790.00
2015,2,febrero,jaguar,f-type,70040.00
2015,2,febrero,maserati,quattroporte,69687.50
2015,2,febrero,maserati,granturismo,69000.00
2015,2,febrero,mercedes-benz,cl-class,66000.00
2015,2,febrero,lexus,"lx 570",65411.11
2015,2,febrero,jaguar,xk,64360.00
2015,2,febrero,bmw,"x6 m",61200.00
2015,2,febrero,maserati,ghibli,60000.00
2015,2,febrero,infiniti,qx80,59206.25
2015,2,febrero,porsche,panamera,59080.26
2015,2,febrero,toyota,"land cruiser",59025.00
2015,2,febrero,audi,"rs 5",58000.00
2015,2,febrero,bmw,"6 series gran coupe",57726.67
2015,2,febrero,chevrolet,"corvette stingray",56278.13
2015,2,febrero,porsche,cayenne,56135.42
2015,2,febrero,bmw,"x5 m",52500.00
2015,2,febrero,mercedes-benz,s-class,52480.93
2015,2,febrero,ford,"shelby gt500",51855.00
2015,2,febrero,"land rover","range rover sport",51556.14
2015,2,febrero,jaguar,xj,48476.00
2015,2,febrero,porsche,cayman,48000.00
2015,2,febrero,porsche,boxster,47873.33
2015,2,febrero,gmc,"sierra 3500hd",47770.00
2015,2,febrero,mercedes-benz,cls-class,47524.36
2015,2,febrero,audi,sq5,47500.00
2015,2,febrero,audi,a8,46034.38
2015,2,febrero,chevrolet,corvette,45766.07
2015,2,febrero,cadillac,escalade,45539.27
2015,2,febrero,bmw,"6 series",45455.56
2015,2,febrero,fisker,karma,45125.00
2015,2,febrero,cadillac,elr,44625.00
2015,2,febrero,"land rover",lr4,44442.65
2015,2,febrero,mercedes-benz,gl-class,44405.08
2015,2,febrero,cadillac,"escalade esv",44177.94
2015,2,febrero,cadillac,"escalade ext",43500.00
2015,2,febrero,bmw,x6,43278.26
2015,2,febrero,lexus,"ls 460",43270.77
2015,2,febrero,audi,a7,43225.81
2015,2,febrero,audi,"tt rs",42500.00
2015,2,febrero,lexus,"gs 450h",42375.00
2015,2,febrero,infiniti,qx,42296.51
2015,2,febrero,bmw,m3,42178.57
2015,2,febrero,bmw,"4 series",41630.85
2015,2,febrero,audi,q7,41503.03
2015,2,febrero,lexus,"gx 460",41326.25
2015,2,febrero,infiniti,q70,41200.00
2015,2,febrero,kia,k900,40088.64
2015,2,febrero,audi,s5,39389.58
2015,2,febrero,gmc,"sierra 2500hd",39379.49
2015,2,febrero,bmw,"5 series gran turismo",39354.55
2015,2,febrero,lexus,"is f",39266.67
2015,2,febrero,bmw,"7 series",39247.56
2015,2,febrero,cadillac,"cts-v coupe",39180.00
2015,2,febrero,audi,s4,38534.21
2015,2,febrero,chevrolet,tahoe,38196.77
2015,2,febrero,bmw,"2 series",37916.67
2015,2,febrero,toyota,sequoia,37495.83
2015,2,febrero,bmw,x5,37480.17
2015,2,febrero,bmw,"3 series gran turismo",37410.53
2015,2,febrero,chevrolet,suburban,37314.43
2015,2,febrero,"land rover","range rover evoque",37291.38
2015,2,febrero,infiniti,qx60,37165.22
2015,2,febrero,chevrolet,"silverado 3500hd",36930.88
2015,2,febrero,hyundai,equus,36578.00
2015,2,febrero,infiniti,"q60 convertible",36468.18
2015,2,febrero,ram,3500,36311.82
2015,2,febrero,mercedes-benz,m-class,35764.75
2015,2,febrero,lincoln,navigator,35750.02
2015,2,febrero,ford,"f-350 super duty",35729.89
2015,2,febrero,bmw,z4,35687.50
2015,2,febrero,chevrolet,ss,35625.00
2015,2,febrero,ford,"f-450 super duty",35410.00
2015,2,febrero,lincoln,mkc,35220.00
2015,2,febrero,gmc,yukon,35219.57
2015,2,febrero,infiniti,qx50,34500.00
2015,2,febrero,lexus,"is 350 c",34350.00
2015,2,febrero,audi,a6,34045.28
2015,2,febrero,lexus,"rx 450h",33972.09
2015,2,febrero,ram,2500,33960.03
2015,2,febrero,chevrolet,"silverado 2500hd",33567.08
2015,2,febrero,ford,"f-250 super duty",33510.89
2015,2,febrero,audi,allroad,33477.78
2015,2,febrero,lexus,"gs 350",33399.32
2015,2,febrero,bmw,"5 series",33103.04
2015,2,febrero,mercedes-benz,slk-class,32830.65
2015,2,febrero,chevrolet,"black diamond avalanche",32654.55
2015,2,febrero,infiniti,qx70,32575.00
2015,2,febrero,lexus,"is 350",31923.68
2015,2,febrero,gmc,"yukon xl",31794.64
2015,2,febrero,ford,expedition,31788.33
2015,2,febrero,acura,rlx,31581.25
2015,2,febrero,mercedes-benz,e-class,31277.84
2015,2,febrero,mercedes-benz,sprinter,31159.38
2015,2,febrero,infiniti,"q60 coupe",30590.00
2015,2,febrero,acura,mdx,30507.58
2015,2,febrero,audi,q5,30355.81
2015,2,febrero,jaguar,xf,30318.42
2015,2,febrero,chevrolet,avalanche,30270.24
2015,2,febrero,cadillac,cts-v,30250.00
2015,2,febrero,bmw,x3,30124.35
2015,2,febrero,lexus,"rx 350",29998.27
2015,2,febrero,lexus,"is 250 c",29902.94
2015,2,febrero,bmw,x1,29793.41
2015,2,febrero,lexus,"es 300h",29790.91
2015,2,febrero,mercedes-benz,cla-class,29784.38
2015,2,febrero,cadillac,xts,29667.73
2015,2,febrero,volvo,xc70,29663.64
2015,2,febrero,toyota,4runner,29632.06
2015,2,febrero,infiniti,jx,29258.70
2015,2,febrero,acura,zdx,28875.00
2015,2,febrero,infiniti,q50,28712.28
2015,2,febrero,bmw,"3 series",28499.07
2015,2,febrero,volvo,v60,28358.62
2015,2,febrero,toyota,tundra,28291.32
2015,2,febrero,nissan,"murano crosscabriolet",28228.57
2015,2,febrero,mitsubishi,"lancer evolution",28188.24
2015,2,febrero,infiniti,fx,28074.63
2015,2,febrero,toyota,"fj cruiser",28006.67
2015,2,febrero,toyota,"avalon hybrid",28004.55
2015,2,febrero,volkswagen,touareg,27990.74
2015,2,febrero,buick,enclave,27659.92
2015,2,febrero,bmw,"activehybrid 5",27625.00
2015,2,febrero,infiniti,"g convertible",27566.67
2015,2,febrero,jeep,wrangler,27496.69
2015,2,febrero,subaru,"impreza wrx",27458.62
2015,2,febrero,mercedes-benz,glk-class,27424.38
2015,2,febrero,toyota,"highlander hybrid",27420.00
2015,2,febrero,lincoln,mkx,27226.79
2015,2,febrero,audi,"Sin dato",27170.00
2015,2,febrero,jeep,"grand cherokee",27155.08
2015,2,febrero,audi,a5,26981.36
2015,2,febrero,dodge,durango,26934.43
2015,2,febrero,subaru,tribeca,26784.62
2015,2,febrero,lincoln,mkt,26770.37
2015,2,febrero,audi,tt,26750.00
2015,2,febrero,gmc,"sierra 1500",26594.65
2015,2,febrero,gmc,acadia,26271.83
2015,2,febrero,ford,explorer,26112.12
2015,2,febrero,"land rover",lr2,26110.00
2015,2,febrero,honda,ridgeline,26073.68
2015,2,febrero,volvo,xc60,25687.78
2015,2,febrero,subaru,wrx,25600.00
2015,2,febrero,volkswagen,"golf r",25528.57
2015,2,febrero,acura,rdx,25508.18
2015,2,febrero,ford,f-150,25426.45
2015,2,febrero,infiniti,m,25406.51
2015,2,febrero,nissan,armada,25217.06
2015,2,febrero,honda,"accord hybrid",25125.00
2015,2,febrero,cadillac,srx,24820.06
2015,2,febrero,infiniti,ex,24725.00
2015,2,febrero,chevrolet,"silverado 1500",24693.22
2015,2,febrero,toyota,highlander,24497.08
2015,2,febrero,volvo,xc90,24461.11
2015,2,febrero,lexus,"es 350",24266.37
2015,2,febrero,honda,pilot,24243.09
2015,2,febrero,lincoln,mks,24139.52
2015,2,febrero,toyota,tacoma,23933.93
2015,2,febrero,volvo,c70,23925.00
2015,2,febrero,nissan,370z,23894.64
2015,2,febrero,cadillac,"cts coupe",23696.88
2015,2,febrero,nissan,titan,23505.71
2015,2,febrero,ram,1500,23383.74
2015,2,febrero,lexus,"is 250",23311.01
2015,2,febrero,lexus,"hs 250h",23250.00
2015,2,febrero,infiniti,"g coupe",23230.07
2015,2,febrero,bmw,"1 series",23131.75
2015,2,febrero,mercedes-benz,c-class,22990.03
2015,2,febrero,subaru,outback,22769.23
2015,2,febrero,audi,a4,22731.16
2015,2,febrero,ram,"promaster cargo van",22536.54
2015,2,febrero,ford,flex,22477.54
2015,2,febrero,nissan,pathfinder,22465.39
2015,2,febrero,audi,a3,22388.89
2015,2,febrero,dodge,challenger,22085.17
2015,2,febrero,jeep,cherokee,21961.93
2015,2,febrero,gmc,"savana cargo",21794.41
2015,2,febrero,ford,edge,21583.47
2015,2,febrero,hyundai,azera,21574.32
2015,2,febrero,nissan,"nv cargo",21467.65
2015,2,febrero,honda,odyssey,21405.15
2015,2,febrero,toyota,avalon,21256.93
2015,2,febrero,cadillac,cts,21202.91
2015,2,febrero,subaru,"xv crosstrek",21110.00
2015,2,febrero,mazda,cx-9,21100.80
2015,2,febrero,kia,cadenza,20994.03
2015,2,febrero,volvo,s80,20962.50
2015,2,febrero,chevrolet,camaro,20906.96
2015,2,febrero,chrysler,300,20894.71
2015,2,febrero,acura,"tsx sport wagon",20875.00
2015,2,febrero,mazda,"mx-5 miata",20837.93
2015,2,febrero,infiniti,"g sedan",20806.38
2015,2,febrero,subaru,forester,20742.90
2015,2,febrero,ford,"e-series van",20551.29
2015,2,febrero,hyundai,"santa fe sport",20398.82
2015,2,febrero,ford,"e-series wagon",20375.00
2015,2,febrero,lexus,"ct 200h",20368.30
2015,2,febrero,ford,"fusion energi",20344.44
2015,2,febrero,nissan,murano,20200.01
2015,2,febrero,acura,tl,20115.92
2015,2,febrero,mini,"cooper paceman",19953.70
2015,2,febrero,cadillac,ats,19915.11
2015,2,febrero,chevrolet,express,19856.67
2015,2,febrero,nissan,frontier,19762.30
2015,2,febrero,volkswagen,eos,19681.25
2015,2,febrero,subaru,brz,19636.67
2015,2,febrero,mini,"cooper roadster",19505.56
2015,2,febrero,toyota,sienna,19424.02
2015,2,febrero,buick,encore,19420.37
2015,2,febrero,mini,"cooper countryman",19378.75
2015,2,febrero,mazda,mazdaspeed3,19360.00
2015,2,febrero,honda,cr-v,19283.57
2015,2,febrero,mazda,cx-5,19272.90
2015,2,febrero,hyundai,genesis,19225.40
2015,2,febrero,acura,ilx,19191.07
2015,2,febrero,volvo,s60,19170.79
2015,2,febrero,gmc,canyon,18962.50
2015,2,febrero,"Sin dato","Sin dato",18955.17
2015,2,febrero,lincoln,mkz,18913.97
2015,2,febrero,gmc,terrain,18911.74
2015,2,febrero,hyundai,"santa fe",18594.09
2015,2,febrero,ford,"focus st",18550.00
2015,2,febrero,chrysler,"town and country",18514.21
2015,2,febrero,honda,crosstour,18470.37
2015,2,febrero,dodge,charger,18433.65
2015,2,febrero,kia,sorento,18430.09
2015,2,febrero,scion,fr-s,18329.76
2015,2,febrero,nissan,xterra,18313.89
2015,2,febrero,buick,lacrosse,18276.67
2015,2,febrero,volkswagen,"beetle convertible",18263.33
2015,2,febrero,ford,"fusion hybrid",18188.15
2015,2,febrero,ford,mustang,18036.00
2015,2,febrero,volkswagen,"jetta gli",17882.14
2015,2,febrero,toyota,venza,17845.11
2015,2,febrero,hyundai,"genesis coupe",17807.76
2015,2,febrero,toyota,"prius v",17789.06
2015,2,febrero,chevrolet,traverse,17773.49
2015,2,febrero,toyota,rav4,17748.03
2015,2,febrero,toyota,"prius plug-in",17418.18
2015,2,febrero,toyota,"camry hybrid",17399.39
2015,2,febrero,subaru,legacy,17320.78
2015,2,febrero,acura,tsx,17292.82
2015,2,febrero,nissan,nv,17116.67
2015,2,febrero,hyundai,veracruz,17100.00
2015,2,febrero,nissan,nv200,17011.11
2015,2,febrero,volkswagen,gti,16962.22
2015,2,febrero,hyundai,tucson,16959.55
2015,2,febrero,nissan,quest,16868.78
2015,2,febrero,mini,"cooper coupe",16830.00
2015,2,febrero,ford,taurus,16757.26
2015,2,febrero,mazda,"mazdaspeed 3",16625.00
2015,2,febrero,ford,escape,16603.21
2015,2,febrero,mitsubishi,outlander,16509.91
2015,2,febrero,nissan,juke,16502.55
2015,2,febrero,nissan,maxima,16497.95
2015,2,febrero,volkswagen,"jetta hybrid",16480.00
2015,2,febrero,volkswagen,tiguan,16451.09
2015,2,febrero,subaru,impreza,16425.00
2015,2,febrero,kia,sportage,16104.75
2015,2,febrero,mercedes-benz,r-class,16100.00
2015,2,febrero,chevrolet,equinox,15810.87
2015,2,febrero,ram,"cv tradesman",15750.00
2015,2,febrero,mini,"cooper clubman",15659.00
2015,2,febrero,hyundai,"sonata hybrid",15627.32
2015,2,febrero,ford,"c-max hybrid",15535.23
2015,2,febrero,volkswagen,cc,15245.38
2015,2,febrero,dodge,journey,15222.39
2015,2,febrero,chevrolet,colorado,15132.14
2015,2,febrero,jeep,compass,15129.88
2015,2,febrero,buick,regal,15076.87
2015,2,febrero,ford,"transit connect",15001.20
2015,2,febrero,toyota,prius,14991.85
2015,2,febrero,kia,optima,14955.82
2015,2,febrero,nissan,"rogue select",14798.15
2015,2,febrero,chevrolet,"express cargo",14790.55
2015,2,febrero,toyota,camry,14654.21
2015,2,febrero,volvo,c30,14600.00
2015,2,febrero,honda,accord,14589.28
2015,2,febrero,volkswagen,"jetta sportwagen",14548.94
2015,2,febrero,mitsubishi,"outlander sport",14505.28
2015,2,febrero,mini,cooper,14494.10
2015,2,febrero,nissan,rogue,14441.73
2015,2,febrero,mazda,3,14437.50
2015,2,febrero,volkswagen,routan,14175.00
2015,2,febrero,chevrolet,"captiva sport",14036.12
2015,2,febrero,jeep,patriot,13974.02
2015,2,febrero,volkswagen,gli,13960.71
2015,2,febrero,mazda,mazda6,13879.06
2015,2,febrero,mazda,cx-7,13860.00
2015,2,febrero,dodge,"grand caravan",13850.76
2015,2,febrero,ford,fusion,13800.69
2015,2,febrero,chevrolet,"impala limited",13780.22
2015,2,febrero,scion,tc,13526.43
2015,2,febrero,nissan,"nv passenger",13500.00
2015,2,febrero,jeep,liberty,13445.78
2015,2,febrero,mazda,6,13400.00
2015,2,febrero,hyundai,veloster,13372.86
2015,2,febrero,hyundai,"elantra gt",13349.09
2015,2,febrero,mitsubishi,"eclipse spyder",13250.00
2015,2,febrero,ram,"c/v tradesman",13240.00
2015,2,febrero,toyota,matrix,13202.78
2015,2,febrero,nissan,altima,12988.78
2015,2,febrero,hyundai,sonata,12972.06
2015,2,febrero,buick,verano,12965.38
2015,2,febrero,volkswagen,beetle,12942.75
2015,2,febrero,chevrolet,volt,12815.89
2015,2,febrero,toyota,"prius c",12787.88
2015,2,febrero,honda,fit,12784.82
2015,2,febrero,chevrolet,impala,12691.44
2015,2,febrero,volkswagen,passat,12487.86
2015,2,febrero,honda,civic,12299.45
2015,2,febrero,hyundai,"elantra coupe",12273.08
2015,2,febrero,kia,soul,12210.50
2015,2,febrero,kia,sedona,12181.09
2015,2,febrero,honda,cr-z,12121.43
2015,2,febrero,volkswagen,golf,12079.71
2015,2,febrero,fiat,500l,12004.07
2015,2,febrero,chevrolet,malibu,11990.19
2015,2,febrero,toyota,corolla,11899.19
2015,2,febrero,mazda,mazda5,11872.98
2015,2,febrero,ford,"c-max energi",11821.21
2015,2,febrero,dodge,dart,11718.11
2015,2,febrero,scion,xb,11693.48
2015,2,febrero,chevrolet,cruze,11624.95
2015,2,febrero,nissan,leaf,11578.36
2015,2,febrero,hyundai,elantra,11508.62
2015,2,febrero,mazda,mazda3,11486.82
2015,2,febrero,scion,xd,11445.00
2015,2,febrero,chrysler,200,11305.93
2015,2,febrero,kia,forte,11231.67
2015,2,febrero,volkswagen,jetta,11125.97
2015,2,febrero,mitsubishi,eclipse,11030.00
2015,2,febrero,ford,focus,10988.71
2015,2,febrero,honda,insight,10975.61
2015,2,febrero,nissan,sentra,10958.86
2015,2,febrero,nissan,cube,10925.00
2015,2,febrero,nissan,"versa note",10681.16
2015,2,febrero,dodge,avenger,10510.15
2015,2,febrero,suzuki,"grand vitara",10507.69
2015,2,febrero,mitsubishi,lancer,10507.26
2015,2,febrero,mitsubishi,"lancer sportback",10166.67
2015,2,febrero,kia,rio,10109.79
2015,2,febrero,suzuki,kizashi,9940.00
2015,2,febrero,hyundai,"elantra touring",9858.82
2015,2,febrero,ford,fiesta,9696.40
2015,2,febrero,hyundai,accent,9510.71
2015,2,febrero,chevrolet,sonic,9473.31
2015,2,febrero,scion,iq,9306.90
2015,2,febrero,fiat,500,9134.85
2015,2,febrero,mitsubishi,galant,9100.00
2015,2,febrero,toyota,yaris,9046.21
2015,2,febrero,mazda,mazda2,8997.95
2015,2,febrero,nissan,versa,8987.96
2015,2,febrero,mitsubishi,mirage,8969.64
2015,2,febrero,dodge,caliber,8884.62
2015,2,febrero,chevrolet,spark,8571.22
2015,2,febrero,smart,fortwo,8167.71
2015,2,febrero,mitsubishi,i-miev,8133.33
2015,2,febrero,ram,"c/v cargo van",7770.00
2015,2,febrero,suzuki,sx4,7034.38
2015,3,marzo,bmw,"m6 gran coupe",87000.00
2015,3,marzo,bentley,"continental gt",84500.00
2015,3,marzo,porsche,911,81840.00
2015,3,marzo,jaguar,f-type,78250.00
2015,3,marzo,bmw,m6,76200.00
2015,3,marzo,mercedes-benz,g-class,73125.00
2015,3,marzo,nissan,gt-r,72750.00
2015,3,marzo,tesla,"model s",70750.00
2015,3,marzo,"land rover","range rover",69357.14
2015,3,marzo,bmw,m5,68833.67
2015,3,marzo,mercedes-benz,sl-class,65600.00
2015,3,marzo,lexus,"lx 570",65212.50
2015,3,marzo,audi,s7,64500.00
2015,3,marzo,porsche,panamera,63105.00
2015,3,marzo,porsche,cayman,59000.00
2015,3,marzo,infiniti,qx80,58400.00
2015,3,marzo,maserati,granturismo,58000.00
2015,3,marzo,chevrolet,"corvette stingray",56170.00
2015,3,marzo,bmw,"6 series gran coupe",56100.00
2015,3,marzo,"land rover","range rover sport",54525.00
2015,3,marzo,porsche,cayenne,53907.14
2015,3,marzo,audi,a8,53850.00
2015,3,marzo,ford,"shelby gt500",52212.50
2015,3,marzo,jaguar,xj,51733.67
2015,3,marzo,cadillac,"cts-v coupe",51250.00
2015,3,marzo,bmw,"x5 m",48000.00
2015,3,marzo,lexus,"ls 460",47625.00
2015,3,marzo,mercedes-benz,s-class,47039.58
2015,3,marzo,audi,sq5,46500.00
2015,3,marzo,cadillac,escalade,45878.26
2015,3,marzo,fisker,karma,45750.00
2015,3,marzo,mercedes-benz,cls-class,45283.33
2015,3,marzo,mercedes-benz,gl-class,45142.96
2015,3,marzo,cadillac,"escalade esv",45097.12
2015,3,marzo,bmw,"6 series",44755.00
2015,3,marzo,chevrolet,corvette,44597.06
2015,3,marzo,infiniti,qx,44343.75
2015,3,marzo,gmc,"sierra 3500hd",43466.67
2015,3,marzo,audi,a7,43340.00
2015,3,marzo,bmw,m3,43187.50
2015,3,marzo,"land rover",lr4,43100.00
2015,3,marzo,bmw,"activehybrid 7",43000.00
2015,3,marzo,cadillac,cts-v,41400.00
2015,3,marzo,bmw,"4 series",41100.00
2015,3,marzo,hyundai,equus,40450.00
2015,3,marzo,lexus,"gx 460",40295.45
2015,3,marzo,bmw,x6,39918.75
2015,3,marzo,toyota,sequoia,39792.86
2015,3,marzo,kia,k900,39150.00
2015,3,marzo,bmw,"7 series",38823.08
2015,3,marzo,infiniti,"q60 convertible",38200.00
2015,3,marzo,gmc,yukon,38096.15
2015,3,marzo,audi,s4,37750.00
2015,3,marzo,infiniti,qx60,37341.67
2015,3,marzo,audi,q7,37250.00
2015,3,marzo,"land rover","range rover evoque",36900.00
2015,3,marzo,chevrolet,tahoe,36823.94
2015,3,marzo,audi,tts,36500.00
2015,3,marzo,bmw,"3 series gran turismo",36500.00
2015,3,marzo,chevrolet,ss,36100.00
2015,3,marzo,gmc,"sierra 2500hd",36072.73
2015,3,marzo,chevrolet,"silverado 2500hd",36023.08
2015,3,marzo,infiniti,q70,36000.00
2015,3,marzo,infiniti,qx70,36000.00
2015,3,marzo,lincoln,navigator,35923.53
2015,3,marzo,chevrolet,suburban,35789.62
2015,3,marzo,mercedes-benz,m-class,35574.19
2015,3,marzo,lincoln,mkc,35400.00
2015,3,marzo,lexus,"gs 450h",34900.00
2015,3,marzo,bmw,x5,34572.88
2015,3,marzo,chevrolet,"silverado 3500hd",34470.00
2015,3,marzo,ford,"f-350 super duty",33890.00
2015,3,marzo,ford,"f-250 super duty",33727.97
2015,3,marzo,bmw,"5 series gran turismo",33500.00
2015,3,marzo,ram,3500,33255.00
2015,3,marzo,audi,allroad,33100.00
2015,3,marzo,ram,2500,32850.30
2015,3,marzo,lexus,"rx 450h",32650.00
2015,3,marzo,audi,s5,32600.00
2015,3,marzo,acura,rlx,32250.00
2015,3,marzo,mercedes-benz,slk-class,32035.00
2015,3,marzo,lexus,"gs 350",31956.52
2015,3,marzo,gmc,"yukon xl",31814.76
2015,3,marzo,cadillac,xts,31290.00
2015,3,marzo,toyota,4runner,31247.22
2015,3,marzo,bmw,z4,31245.00
2015,3,marzo,bmw,"5 series",31238.32
2015,3,marzo,ford,expedition,31183.14
2015,3,marzo,mercedes-benz,sprinter,31150.00
2015,3,marzo,audi,a6,30810.00
2015,3,marzo,toyota,"fj cruiser",30637.50
2015,3,marzo,lexus,"is 350",30612.50
2015,3,marzo,infiniti,jx,30419.44
2015,3,marzo,audi,q5,30342.86
2015,3,marzo,subaru,wrx,30210.00
2015,3,marzo,lincoln,mkx,29965.79
2015,3,marzo,lexus,"rx 350",29943.21
2015,3,marzo,mercedes-benz,cla-class,29940.48
2015,3,marzo,mercedes-benz,e-class,29839.87
2015,3,marzo,buick,enclave,29829.63
2015,3,marzo,infiniti,fx,29550.00
2015,3,marzo,lexus,"is 250 c",29460.00
2015,3,marzo,toyota,tundra,29366.22
2015,3,marzo,lexus,"es 300h",29266.67
2015,3,marzo,acura,zdx,29250.00
2015,3,marzo,lincoln,mkt,28958.33
2015,3,marzo,infiniti,q50,28852.73
2015,3,marzo,bmw,x1,28850.00
2015,3,marzo,subaru,"impreza wrx",28780.00
2015,3,marzo,jeep,"grand cherokee",28590.22
2015,3,marzo,chevrolet,avalanche,28540.00
2015,3,marzo,jeep,wrangler,28528.65
2015,3,marzo,volvo,xc90,28400.00
2015,3,marzo,acura,mdx,28285.42
2015,3,marzo,bmw,x3,28166.67
2015,3,marzo,volvo,xc60,28117.07
2015,3,marzo,jaguar,xf,27933.33
2015,3,marzo,gmc,"sierra 1500",27783.78
2015,3,marzo,volkswagen,touareg,27671.43
2015,3,marzo,volvo,v60,27618.18
2015,3,marzo,honda,ridgeline,27433.33
2015,3,marzo,gmc,acadia,27138.10
2015,3,marzo,mercedes-benz,glk-class,27083.80
2015,3,marzo,ford,"transit van",27000.00
2015,3,marzo,infiniti,"g convertible",26872.73
2015,3,marzo,volvo,xc70,26750.00
2015,3,marzo,mitsubishi,"lancer evolution",26200.00
2015,3,marzo,dodge,durango,26194.92
2015,3,marzo,ford,f-150,26098.19
2015,3,marzo,audi,a5,26050.00
2015,3,marzo,acura,rdx,26045.45
2015,3,marzo,ford,explorer,25908.84
2015,3,marzo,volvo,s80,25800.00
2015,3,marzo,bmw,"3 series",25773.18
2015,3,marzo,volkswagen,"golf r",25650.00
2015,3,marzo,lincoln,mks,25422.86
2015,3,marzo,cadillac,srx,25391.43
2015,3,marzo,ford,"fusion energi",25333.33
2015,3,marzo,"land rover",lr2,25050.00
2015,3,marzo,toyota,highlander,24974.68
2015,3,marzo,chevrolet,"silverado 1500",24923.28
2015,3,marzo,nissan,armada,24906.25
2015,3,marzo,toyota,"avalon hybrid",24900.00
2015,3,marzo,ram,1500,24723.54
2015,3,marzo,infiniti,m,24625.00
2015,3,marzo,lexus,"es 350",24508.90
2015,3,marzo,volvo,c70,24350.00
2015,3,marzo,nissan,370z,24003.57
2015,3,marzo,cadillac,"cts coupe",23971.43
2015,3,marzo,nissan,"murano crosscabriolet",23900.00
2015,3,marzo,honda,pilot,23875.00
2015,3,marzo,audi,a3,23866.67
2015,3,marzo,ram,"promaster cargo van",23625.00
2015,3,marzo,lexus,"is 250",23485.94
2015,3,marzo,toyota,tacoma,23341.18
2015,3,marzo,dodge,challenger,23084.88
2015,3,marzo,infiniti,"g coupe",23004.79
2015,3,marzo,audi,a4,22965.63
2015,3,marzo,bmw,"1 series",22750.00
2015,3,marzo,mercedes-benz,c-class,22629.81
2015,3,marzo,ford,flex,22477.71
2015,3,marzo,chevrolet,camaro,22212.76
2015,3,marzo,subaru,tribeca,22200.00
2015,3,marzo,volvo,c30,22200.00
2015,3,marzo,honda,odyssey,21935.29
2015,3,marzo,ford,edge,21879.00
2015,3,marzo,toyota,avalon,21811.11
2015,3,marzo,nissan,titan,21804.00
2015,3,marzo,subaru,brz,21800.00
2015,3,marzo,jeep,cherokee,21778.26
2015,3,marzo,mazda,"mx-5 miata",21775.00
2015,3,marzo,cadillac,cts,21770.00
2015,3,marzo,kia,cadenza,21670.83
2015,3,marzo,gmc,savana,21650.00
2015,3,marzo,gmc,canyon,21400.00
2015,3,marzo,lincoln,mkz,21344.58
2015,3,marzo,chrysler,300,21277.25
2015,3,marzo,chevrolet,express,21181.00
2015,3,marzo,subaru,outback,21127.03
2015,3,marzo,gmc,"savana cargo",21118.38
2015,3,marzo,volvo,s60,21058.67
2015,3,marzo,cadillac,ats,21007.14
2015,3,marzo,nissan,"nv cargo",20900.00
2015,3,marzo,subaru,"xv crosstrek",20900.00
2015,3,marzo,toyota,"highlander hybrid",20900.00
2015,3,marzo,ford,"e-series van",20823.38
2015,3,marzo,infiniti,"g sedan",20816.39
2015,3,marzo,gmc,terrain,20816.07
2015,3,marzo,lexus,"ct 200h",20659.09
2015,3,marzo,mazda,cx-9,20543.55
2015,3,marzo,nissan,pathfinder,20540.45
2015,3,marzo,nissan,frontier,20452.85
2015,3,marzo,chevrolet,traverse,20135.86
2015,3,marzo,subaru,forester,20123.33
2015,3,marzo,hyundai,azera,19953.85
2015,3,marzo,hyundai,"santa fe sport",19950.00
2015,3,marzo,"Sin dato","Sin dato",19884.60
2015,3,marzo,buick,lacrosse,19860.87
2015,3,marzo,ford,"e-series wagon",19737.12
2015,3,marzo,honda,cr-v,19650.96
2015,3,marzo,acura,tl,19451.25
2015,3,marzo,mazda,cx-5,19447.09
2015,3,marzo,toyota,sienna,19411.47
2015,3,marzo,nissan,murano,19309.18
2015,3,marzo,acura,ilx,19233.33
2015,3,marzo,hyundai,genesis,19026.59
2015,3,marzo,ford,"fusion hybrid",19004.17
2015,3,marzo,mini,"cooper countryman",18973.53
2015,3,marzo,toyota,"prius v",18850.00
2015,3,marzo,buick,encore,18837.50
2015,3,marzo,nissan,xterra,18817.39
2015,3,marzo,ford,"focus st",18811.11
2015,3,marzo,volkswagen,eos,18800.00
2015,3,marzo,volkswagen,"beetle convertible",18666.67
2015,3,marzo,dodge,charger,18618.75
2015,3,marzo,scion,fr-s,18575.00
2015,3,marzo,hyundai,"santa fe",18550.00
2015,3,marzo,kia,sorento,18354.21
2015,3,marzo,toyota,venza,18315.91
2015,3,marzo,ford,mustang,18307.79
2015,3,marzo,chrysler,"town and country",17933.90
2015,3,marzo,mini,"cooper paceman",17866.67
2015,3,marzo,mini,"cooper coupe",17666.67
2015,3,marzo,ford,taurus,17650.24
2015,3,marzo,acura,tsx,17624.14
2015,3,marzo,nissan,nv200,17600.00
2015,3,marzo,nissan,quest,17567.11
2015,3,marzo,hyundai,tucson,17458.33
2015,3,marzo,toyota,rav4,17333.34
2015,3,marzo,nissan,maxima,17264.19
2015,3,marzo,ford,escape,17254.34
2015,3,marzo,subaru,legacy,17224.56
2015,3,marzo,toyota,"camry hybrid",17222.92
2015,3,marzo,honda,crosstour,17066.67
2015,3,marzo,hyundai,"genesis coupe",17046.67
2015,3,marzo,toyota,"prius plug-in",16820.00
2015,3,marzo,hyundai,veracruz,16550.00
2015,3,marzo,chevrolet,equinox,16412.90
2015,3,marzo,buick,regal,16246.88
2015,3,marzo,nissan,juke,16129.03
2015,3,marzo,ford,"transit connect",16063.33
2015,3,marzo,mitsubishi,outlander,16032.61
2015,3,marzo,fiat,500e,16000.00
2015,3,marzo,hyundai,"sonata hybrid",15925.53
2015,3,marzo,nissan,"rogue select",15922.22
2015,3,marzo,kia,sportage,15802.00
2015,3,marzo,mazda,"mazdaspeed 3",15800.00
2015,3,marzo,ram,"cv tradesman",15700.00
2015,3,marzo,subaru,impreza,15571.43
2015,3,marzo,volkswagen,tiguan,15555.56
2015,3,marzo,nissan,rogue,15470.26
2015,3,marzo,ford,"c-max hybrid",15370.69
2015,3,marzo,dodge,journey,15345.70
2015,3,marzo,volkswagen,cc,15331.63
2015,3,marzo,mini,"cooper clubman",15271.43
2015,3,marzo,volkswagen,"jetta gli",15200.00
2015,3,marzo,mazda,mazdaspeed3,15150.00
2015,3,marzo,kia,optima,15129.00
2015,3,marzo,honda,accord,15021.50
2015,3,marzo,chevrolet,"express cargo",14953.00
2015,3,marzo,chevrolet,"captiva sport",14917.86
2015,3,marzo,toyota,camry,14680.42
2015,3,marzo,toyota,prius,14625.76
2015,3,marzo,mini,cooper,14527.46
2015,3,marzo,volkswagen,gti,14366.67
2015,3,marzo,ford,fusion,14357.33
2015,3,marzo,jeep,compass,14345.28
2015,3,marzo,mitsubishi,"outlander sport",14319.15
2015,3,marzo,dodge,"grand caravan",14279.11
2015,3,marzo,chevrolet,"impala limited",14219.23
2015,3,marzo,chevrolet,impala,14102.52
2015,3,marzo,scion,tc,14070.97
2015,3,marzo,volkswagen,"jetta sportwagen",14045.00
2015,3,marzo,chevrolet,volt,14031.82
2015,3,marzo,mazda,mazda6,13926.61
2015,3,marzo,honda,cr-z,13800.00
2015,3,marzo,jeep,liberty,13745.02
2015,3,marzo,hyundai,"elantra coupe",13733.33
2015,3,marzo,volkswagen,routan,13700.00
2015,3,marzo,toyota,"prius c",13650.00
2015,3,marzo,hyundai,"elantra gt",13622.22
2015,3,marzo,jeep,patriot,13603.75
2015,3,marzo,mazda,3,13550.00
2015,3,marzo,hyundai,veloster,13517.39
2015,3,marzo,hyundai,sonata,13302.82
2015,3,marzo,nissan,altima,13302.34
2015,3,marzo,mazda,6,13200.00
2015,3,marzo,scion,xb,13018.18
2015,3,marzo,buick,verano,12890.48
2015,3,marzo,chevrolet,colorado,12842.86
2015,3,marzo,nissan,nv,12825.00
2015,3,marzo,honda,fit,12820.00
2015,3,marzo,volkswagen,passat,12792.45
2015,3,marzo,mazda,mazda5,12622.25
2015,3,marzo,mitsubishi,eclipse,12600.00
2015,3,marzo,volkswagen,gli,12600.00
2015,3,marzo,chevrolet,malibu,12528.97
2015,3,marzo,toyota,corolla,12517.12
2015,3,marzo,kia,soul,12490.37
2015,3,marzo,honda,civic,12477.35
2015,3,marzo,volkswagen,beetle,12475.00
2015,3,marzo,fiat,500l,12371.67
2015,3,marzo,volkswagen,golf,12266.67
2015,3,marzo,chevrolet,cruze,12211.44
2015,3,marzo,toyota,matrix,12000.00
2015,3,marzo,hyundai,elantra,11900.83
2015,3,marzo,dodge,dart,11898.46
2015,3,marzo,ford,"c-max energi",11862.96
2015,3,marzo,kia,sedona,11817.53
2015,3,marzo,chrysler,200,11696.86
2015,3,marzo,nissan,cube,11565.00
2015,3,marzo,volkswagen,jetta,11547.02
2015,3,marzo,kia,forte,11503.39
2015,3,marzo,nissan,sentra,11483.70
2015,3,marzo,nissan,"versa note",11371.13
2015,3,marzo,nissan,leaf,11322.40
2015,3,marzo,mitsubishi,"lancer sportback",11300.00
2015,3,marzo,ford,focus,11188.13
2015,3,marzo,mazda,mazda3,11057.07
2015,3,marzo,scion,xd,10962.50
2015,3,marzo,dodge,avenger,10959.70
2015,3,marzo,suzuki,"grand vitara",10800.00
2015,3,marzo,mitsubishi,lancer,10669.57
2015,3,marzo,mazda,cx-7,10566.67
2015,3,marzo,hyundai,"elantra touring",10333.33
2015,3,marzo,honda,insight,10310.00
2015,3,marzo,chevrolet,sonic,10268.39
2015,3,marzo,kia,rio,10112.35
2015,3,marzo,scion,iq,10022.22
2015,3,marzo,hyundai,accent,9868.53
2015,3,marzo,mitsubishi,galant,9827.27
2015,3,marzo,ford,fiesta,9716.39
2015,3,marzo,nissan,versa,9406.01
2015,3,marzo,mitsubishi,mirage,9243.75
2015,3,marzo,dodge,caliber,9233.33
2015,3,marzo,toyota,yaris,9131.94
2015,3,marzo,suzuki,kizashi,9100.00
2015,3,marzo,chevrolet,spark,8986.76
2015,3,marzo,fiat,500,8828.21
2015,3,marzo,mazda,mazda2,8464.58
2015,3,marzo,mitsubishi,i-miev,7900.00
2015,3,marzo,smart,fortwo,7303.33
2015,3,marzo,suzuki,sx4,6410.00
2015,3,marzo,ram,"c/v cargo van",5333.33
2015,4,abril,bmw,"4 series",59583.33
2015,4,abril,bmw,"6 series",45000.00
2015,4,abril,bmw,"7 series",44533.33
2015,4,abril,bmw,"3 series gran turismo",41750.00
2015,4,abril,chevrolet,"silverado 2500hd",40000.00
2015,4,abril,bmw,"5 series gran turismo",38900.00
2015,4,abril,bmw,x1,38666.67
2015,4,abril,bmw,"3 series",37035.71
2015,4,abril,bmw,z4,36850.00
2015,4,abril,audi,s4,36500.00
2015,4,abril,bmw,x5,35625.00
2015,4,abril,lexus,"es 350",33025.00
2015,4,abril,lexus,"gs 350",31800.00
2015,4,abril,bmw,x3,31565.00
2015,4,abril,jeep,wrangler,30600.00
2015,4,abril,jeep,"grand cherokee",30500.00
2015,4,abril,audi,a5,28500.00
2015,4,abril,bmw,"5 series",28050.00
2015,4,abril,ram,2500,27250.00
2015,4,abril,nissan,versa,27175.00
2015,4,abril,subaru,outback,27000.00
2015,4,abril,hyundai,genesis,26400.00
2015,4,abril,"Sin dato","Sin dato",26366.67
2015,4,abril,volvo,xc60,26200.00
2015,4,abril,gmc,terrain,26000.00
2015,4,abril,mercedes-benz,e-class,25750.00
2015,4,abril,ford,"f-350 super duty",25700.00
2015,4,abril,gmc,"yukon xl",25050.00
2015,4,abril,subaru,legacy,24900.00
2015,4,abril,toyota,highlander,24800.00
2015,4,abril,bmw,x6,24750.00
2015,4,abril,lincoln,mkz,24200.00
2015,4,abril,dodge,durango,24000.00
2015,4,abril,subaru,"xv crosstrek",23900.00
2015,4,abril,subaru,forester,23750.00
2015,4,abril,mini,cooper,23700.00
2015,4,abril,mercedes-benz,c-class,23640.00
2015,4,abril,lexus,"is 250",23525.00
2015,4,abril,infiniti,"g coupe",23500.00
2015,4,abril,lexus,"rx 350",23275.00
2015,4,abril,infiniti,m,22900.00
2015,4,abril,toyota,tundra,22400.00
2015,4,abril,ram,1500,22333.33
2015,4,abril,ford,mustang,22175.33
2015,4,abril,hyundai,veloster,22000.00
2015,4,abril,ford,expedition,21833.33
2015,4,abril,lincoln,mks,21700.00
2015,4,abril,mazda,cx-9,21500.00
2015,4,abril,infiniti,"g convertible",21250.00
2015,4,abril,chevrolet,spark,21150.00
2015,4,abril,nissan,frontier,21000.00
2015,4,abril,ford,"fusion hybrid",20180.00
2015,4,abril,infiniti,"g sedan",19612.50
2015,4,abril,ford,"f-250 super duty",19266.67
2015,4,abril,toyota,sienna,19200.00
2015,4,abril,ford,"transit connect",19000.00
2015,4,abril,infiniti,jx,19000.00
2015,4,abril,chrysler,"town and country",18921.88
2015,4,abril,chevrolet,express,18800.00
2015,4,abril,gmc,"savana cargo",18733.33
2015,4,abril,ford,edge,18707.69
2015,4,abril,hyundai,"sonata hybrid",18700.00
2015,4,abril,chrysler,300,18100.00
2015,4,abril,chevrolet,"impala limited",18062.50
2015,4,abril,chevrolet,"express cargo",17800.00
2015,4,abril,kia,sorento,17766.67
2015,4,abril,ford,fiesta,17666.67
2015,4,abril,ford,"e-series van",17500.00
2015,4,abril,ford,explorer,17500.00
2015,4,abril,ford,"e-series wagon",17233.33
2015,4,abril,dodge,avenger,17083.33
2015,4,abril,honda,pilot,17033.33
2015,4,abril,ford,escape,16850.00
2015,4,abril,ford,focus,16769.57
2015,4,abril,nissan,"rogue select",16750.00
2015,4,abril,fiat,500l,16600.00
2015,4,abril,chevrolet,equinox,16543.75
2015,4,abril,toyota,rav4,16358.33
2015,4,abril,ford,fusion,16115.71
2015,4,abril,ford,taurus,16100.00
2015,4,abril,honda,accord,15888.89
2015,4,abril,ford,f-150,15875.00
2015,4,abril,dodge,journey,15850.00
2015,4,abril,honda,crosstour,15850.00
2015,4,abril,jeep,compass,15750.00
2015,4,abril,chevrolet,camaro,15575.00
2015,4,abril,dodge,charger,15500.00
2015,4,abril,chrysler,200,15471.43
2015,4,abril,nissan,pathfinder,15270.00
2015,4,abril,chevrolet,volt,15250.00
2015,4,abril,chevrolet,malibu,15050.00
2015,4,abril,chevrolet,traverse,14941.67
2015,4,abril,toyota,camry,14643.48
2015,4,abril,hyundai,accent,14500.00
2015,4,abril,chevrolet,cruze,14322.22
2015,4,abril,nissan,sentra,14286.11
2015,4,abril,chevrolet,"silverado 1500",14100.00
2015,4,abril,nissan,altima,14040.74
2015,4,abril,honda,odyssey,13833.33
2015,4,abril,toyota,corolla,13688.89
2015,4,abril,kia,soul,13600.00
2015,4,abril,dodge,"grand caravan",13413.64
2015,4,abril,honda,cr-v,13350.00
2015,4,abril,nissan,rogue,13198.21
2015,4,abril,nissan,maxima,13007.14
2015,4,abril,chevrolet,impala,13000.00
2015,4,abril,nissan,juke,12975.00
2015,4,abril,honda,civic,12944.44
2015,4,abril,chevrolet,sonic,12842.86
2015,4,abril,volkswagen,passat,12833.33
2015,4,abril,nissan,murano,12638.89
2015,4,abril,nissan,armada,12100.00
2015,4,abril,nissan,quest,12000.00
2015,4,abril,chevrolet,"captiva sport",11716.67
2015,4,abril,kia,forte,11350.00
2015,4,abril,toyota,prius,11300.00
2015,4,abril,mazda,cx-5,11000.00
2015,4,abril,kia,optima,10850.00
2015,4,abril,hyundai,sonata,10750.00
2015,4,abril,nissan,"versa note",10466.67
2015,4,abril,nissan,370z,10400.00
2015,4,abril,nissan,leaf,10200.00
2015,4,abril,hyundai,elantra,9750.00
2015,4,abril,dodge,dart,9433.33
2015,4,abril,chevrolet,suburban,9400.00
2015,4,abril,toyota,yaris,9337.50
2015,4,abril,toyota,tacoma,8800.00
2015,4,abril,volkswagen,cc,8800.00
2015,4,abril,mazda,mazda3,8100.00
2015,4,abril,chevrolet,colorado,7500.00
2015,4,abril,jeep,patriot,7400.00
2015,4,abril,volkswagen,jetta,7275.00
2015,4,abril,chevrolet,tahoe,6500.00
2015,4,abril,hyundai,"elantra touring",6200.00
2015,4,abril,mazda,mazda2,5900.00
2015,4,abril,acura,tl,4750.00
2015,5,mayo,mercedes-benz,"sls amg gt",156500.00
2015,5,mayo,bentley,"flying spur",154000.00
2015,5,mayo,ferrari,california,133333.33
2015,5,mayo,bentley,"continental gtc",132250.00
2015,5,mayo,mercedes-benz,g-class,108571.43
2015,5,mayo,audi,r8,103166.67
2015,5,mayo,bmw,"m6 gran coupe",88600.00
2015,5,mayo,porsche,911,78267.24
2015,5,mayo,nissan,gt-r,77320.00
2015,5,mayo,maserati,"granturismo convertible",76750.00
2015,5,mayo,maserati,granturismo,73500.00
2015,5,mayo,bmw,"Sin dato",73000.00
2015,5,mayo,bmw,m5,71866.67
2015,5,mayo,bmw,m6,71850.00
2015,5,mayo,audi,s8,69500.00
2015,5,mayo,bmw,m4,69450.00
2015,5,mayo,porsche,macan,68000.00
2015,5,mayo,mercedes-benz,sl-class,67840.00
2015,5,mayo,lexus,"lx 570",65194.44
2015,5,mayo,jaguar,f-type,63500.00
2015,5,mayo,"land rover","range rover",62053.57
2015,5,mayo,mercedes-benz,s-class,61613.04
2015,5,mayo,jeep,"grand cherokee srt",61000.00
2015,5,mayo,mercedes-benz,cl-class,59312.50
2015,5,mayo,maserati,ghibli,57250.00
2015,5,mayo,bmw,"x6 m",56600.00
2015,5,mayo,porsche,panamera,56592.59
2015,5,mayo,tesla,"model s",56437.50
2015,5,mayo,chevrolet,"corvette stingray",56265.00
2015,5,mayo,ford,"shelby gt500",54911.11
2015,5,mayo,jaguar,xk,54875.00
2015,5,mayo,audi,s6,54600.00
2015,5,mayo,toyota,"land cruiser",54350.00
2015,5,mayo,maserati,quattroporte,54000.00
2015,5,mayo,porsche,cayenne,53671.43
2015,5,mayo,audi,sq5,53500.00
2015,5,mayo,audi,"rs 5",53000.00
2015,5,mayo,bmw,"x5 m",52783.33
2015,5,mayo,bmw,x4,52600.00
2015,5,mayo,jaguar,xj,51046.43
2015,5,mayo,bmw,"6 series gran coupe",50563.46
2015,5,mayo,infiniti,qx80,50436.11
2015,5,mayo,porsche,cayman,50293.75
2015,5,mayo,"land rover","range rover sport",49650.00
2015,5,mayo,chevrolet,corvette,48475.00
2015,5,mayo,audi,"tt rs",47400.00
2015,5,mayo,cadillac,escalade,46578.00
2015,5,mayo,mercedes-benz,cls-class,46342.86
2015,5,mayo,lexus,"rc 350",45875.00
2015,5,mayo,porsche,boxster,45785.71
2015,5,mayo,audi,a8,44984.38
2015,5,mayo,cadillac,"escalade esv",44623.08
2015,5,mayo,mercedes-benz,gl-class,44166.67
2015,5,mayo,bmw,x6,42895.24
2015,5,mayo,bmw,"6 series",42807.45
2015,5,mayo,lexus,"ls 460",41979.17
2015,5,mayo,bmw,m3,41741.67
2015,5,mayo,lexus,"gx 460",41062.50
2015,5,mayo,audi,q7,40621.74
2015,5,mayo,audi,a7,40461.76
2015,5,mayo,"land rover",lr4,40133.33
2015,5,mayo,bmw,"2 series",40000.00
2015,5,mayo,cadillac,"cts-v coupe",39933.33
2015,5,mayo,infiniti,qx,39453.45
2015,5,mayo,bmw,"7 series",39388.37
2015,5,mayo,lexus,"is 350 c",38750.00
2015,5,mayo,bmw,"4 series",38567.86
2015,5,mayo,bmw,"3 series gran turismo",38033.33
2015,5,mayo,cadillac,elr,38000.00
2015,5,mayo,chevrolet,"black diamond avalanche",37800.00
2015,5,mayo,toyota,sequoia,37143.75
2015,5,mayo,audi,tts,36900.00
2015,5,mayo,kia,k900,36650.00
2015,5,mayo,mercedes-benz,m-class,36210.58
2015,5,mayo,ram,3500,36060.42
2015,5,mayo,audi,s4,35920.59
2015,5,mayo,lincoln,navigator,35866.67
2015,5,mayo,lexus,"gs 450h",35600.00
2015,5,mayo,chevrolet,"silverado 3500hd",35579.17
2015,5,mayo,chevrolet,tahoe,35313.65
2015,5,mayo,gmc,yukon,35266.67
2015,5,mayo,chevrolet,suburban,35131.62
2015,5,mayo,bmw,x5,35051.41
2015,5,mayo,ford,"f-450 super duty",35000.00
2015,5,mayo,bmw,"activehybrid 7",34900.00
2015,5,mayo,"land rover","range rover evoque",34827.78
2015,5,mayo,audi,s5,34731.25
2015,5,mayo,lexus,"rx 450h",34293.75
2015,5,mayo,gmc,"sierra 2500hd",34232.14
2015,5,mayo,cadillac,"escalade hybrid",33833.33
2015,5,mayo,ford,"f-350 super duty",33711.25
2015,5,mayo,volkswagen,touareg,33266.67
2015,5,mayo,infiniti,qx50,33200.00
2015,5,mayo,chevrolet,"silverado 2500hd",32959.76
2015,5,mayo,ram,2500,32679.41
2015,5,mayo,audi,tt,32600.00
2015,5,mayo,gmc,"yukon xl",32217.13
2015,5,mayo,infiniti,qx70,31977.27
2015,5,mayo,ford,expedition,31913.51
2015,5,mayo,audi,a6,31801.14
2015,5,mayo,lincoln,mkc,31600.00
2015,5,mayo,mercedes-benz,e-class,31599.77
2015,5,mayo,toyota,4runner,31518.29
2015,5,mayo,mercedes-benz,cla-class,31308.82
2015,5,mayo,bmw,"5 series gran turismo",31200.00
2015,5,mayo,jaguar,xf,31135.71
2015,5,mayo,mercedes-benz,slk-class,31006.67
2015,5,mayo,infiniti,qx60,30936.76
2015,5,mayo,nissan,"murano crosscabriolet",30875.00
2015,5,mayo,toyota,"fj cruiser",30670.00
2015,5,mayo,bmw,z4,30658.82
2015,5,mayo,infiniti,q70,30372.22
2015,5,mayo,audi,allroad,30283.33
2015,5,mayo,volvo,xc70,30164.29
2015,5,mayo,infiniti,jx,30112.79
2015,5,mayo,subaru,wrx,29890.00
2015,5,mayo,lexus,"gs 350",29876.53
2015,5,mayo,bmw,"5 series",29600.42
2015,5,mayo,lexus,"rx 350",29555.83
2015,5,mayo,audi,q5,29518.27
2015,5,mayo,hyundai,equus,29450.00
2015,5,mayo,mercedes-benz,r-class,29250.00
2015,5,mayo,ford,"f-250 super duty",29033.17
2015,5,mayo,lexus,"is 350",28905.00
2015,5,mayo,ford,"transit wagon",28880.00
2015,5,mayo,jeep,"grand cherokee",28716.12
2015,5,mayo,buick,enclave,28591.94
2015,5,mayo,gmc,"sierra 1500",28574.82
2015,5,mayo,lexus,"es 300h",28457.14
2015,5,mayo,infiniti,q50,28421.15
2015,5,mayo,lexus,"is 250 c",28380.00
2015,5,mayo,mitsubishi,"lancer evolution",28340.00
2015,5,mayo,dodge,durango,28103.41
2015,5,mayo,infiniti,"g convertible",28097.06
2015,5,mayo,toyota,tundra,27991.55
2015,5,mayo,acura,mdx,27935.71
2015,5,mayo,mercedes-benz,sprinter,27791.67
2015,5,mayo,mercedes-benz,"b-class electric drive",27666.67
2015,5,mayo,bmw,x3,27498.91
2015,5,mayo,audi,"Sin dato",27450.00
2015,5,mayo,lincoln,mkt,27445.45
2015,5,mayo,cadillac,xts,27415.63
2015,5,mayo,lincoln,mkx,27408.62
2015,5,mayo,jeep,wrangler,27344.55
2015,5,mayo,volvo,xc60,27132.50
2015,5,mayo,infiniti,fx,27038.93
2015,5,mayo,mercedes-benz,glk-class,26927.22
2015,5,mayo,audi,a5,26836.54
2015,5,mayo,infiniti,"q60 coupe",26633.33
2015,5,mayo,honda,ridgeline,26444.44
2015,5,mayo,nissan,armada,26130.36
2015,5,mayo,cadillac,"cts wagon",26000.00
2015,5,mayo,bmw,x1,25973.81
2015,5,mayo,ford,f-150,25909.28
2015,5,mayo,chevrolet,avalanche,25877.78
2015,5,mayo,gmc,acadia,25581.03
2015,5,mayo,bmw,"3 series",25478.93
2015,5,mayo,chevrolet,"silverado 1500",25445.58
2015,5,mayo,nissan,370z,25290.91
2015,5,mayo,toyota,"avalon hybrid",25250.00
2015,5,mayo,ford,"transit van",25133.33
2015,5,mayo,ram,1500,25084.32
2015,5,mayo,subaru,"impreza wrx",25041.67
2015,5,mayo,bmw,"1 series",24992.11
2015,5,mayo,audi,a3,24919.23
2015,5,mayo,acura,rdx,24702.38
2015,5,mayo,volvo,v60,24675.00
2015,5,mayo,ford,explorer,24654.13
2015,5,mayo,lexus,"es 350",24520.00
2015,5,mayo,"land rover",lr2,24500.00
2015,5,mayo,infiniti,m,24485.64
2015,5,mayo,cadillac,srx,24368.10
2015,5,mayo,toyota,highlander,24271.29
2015,5,mayo,honda,pilot,24208.90
2015,5,mayo,ram,"promaster cargo van",24166.67
2015,5,mayo,cadillac,"cts coupe",23997.50
2015,5,mayo,acura,rl,23750.00
2015,5,mayo,lincoln,mks,23736.00
2015,5,mayo,lexus,"is 250",23620.94
2015,5,mayo,toyota,"highlander hybrid",23400.00
2015,5,mayo,toyota,tacoma,23383.12
2015,5,mayo,nissan,titan,23123.81
2015,5,mayo,infiniti,"g coupe",22905.28
2015,5,mayo,mercedes-benz,c-class,22825.89
2015,5,mayo,"Sin dato","Sin dato",22735.36
2015,5,mayo,ford,flex,22629.25
2015,5,mayo,cadillac,cts,22260.91
2015,5,mayo,volkswagen,"golf gti",22250.00
2015,5,mayo,audi,a4,22064.21
2015,5,mayo,nissan,pathfinder,22041.00
2015,5,mayo,jeep,cherokee,21755.92
2015,5,mayo,acura,"tsx sport wagon",21750.00
2015,5,mayo,mini,"cooper paceman",21725.00
2015,5,mayo,cadillac,ats,21677.78
2015,5,mayo,chrysler,300,21605.37
2015,5,mayo,ford,"fusion energi",21580.00
2015,5,mayo,infiniti,ex,21537.50
2015,5,mayo,subaru,forester,21475.93
2015,5,mayo,toyota,sienna,21383.64
2015,5,mayo,chevrolet,express,21361.67
2015,5,mayo,lincoln,mkz,21326.37
2015,5,mayo,chevrolet,camaro,21097.24
2015,5,mayo,volvo,c70,21093.75
2015,5,mayo,mazda,cx-9,20930.77
2015,5,mayo,honda,odyssey,20803.51
2015,5,mayo,chevrolet,traverse,20715.00
2015,5,mayo,mazda,"mx-5 miata",20700.00
2015,5,mayo,ford,"e-series wagon",20644.93
2015,5,mayo,ford,edge,20616.94
2015,5,mayo,dodge,challenger,20328.22
2015,5,mayo,subaru,"xv crosstrek",20295.00
2015,5,mayo,nissan,frontier,20264.56
2015,5,mayo,kia,cadenza,20263.16
2015,5,mayo,volvo,xc90,19916.67
2015,5,mayo,ford,"e-series van",19868.78
2015,5,mayo,acura,tl,19813.64
2015,5,mayo,gmc,"savana cargo",19785.71
2015,5,mayo,volvo,s80,19733.33
2015,5,mayo,toyota,avalon,19698.68
2015,5,mayo,lexus,"ct 200h",19626.56
2015,5,mayo,ford,mustang,19523.07
2015,5,mayo,infiniti,"g sedan",19481.48
2015,5,mayo,hyundai,azera,19429.17
2015,5,mayo,volkswagen,eos,19341.67
2015,5,mayo,nissan,"nv cargo",19266.67
2015,5,mayo,gmc,terrain,19178.46
2015,5,mayo,honda,cr-v,19098.08
2015,5,mayo,subaru,outback,19089.06
2015,5,mayo,volvo,s60,18636.09
2015,5,mayo,volkswagen,"beetle convertible",18610.00
2015,5,mayo,buick,lacrosse,18577.36
2015,5,mayo,acura,ilx,18572.73
2015,5,mayo,hyundai,"santa fe sport",18564.89
2015,5,mayo,mazda,cx-5,18555.10
2015,5,mayo,volkswagen,"jetta gli",18527.27
2015,5,mayo,hyundai,"santa fe",18475.00
2015,5,mayo,subaru,brz,18433.33
2015,5,mayo,ford,"focus st",18356.25
2015,5,mayo,toyota,venza,18279.31
2015,5,mayo,subaru,tribeca,18250.00
2015,5,mayo,mini,"cooper countryman",18242.86
2015,5,mayo,chevrolet,"express cargo",18233.33
2015,5,mayo,hyundai,genesis,18223.50
2015,5,mayo,nissan,murano,18095.01
2015,5,mayo,chrysler,"town and country",17985.68
2015,5,mayo,buick,encore,17955.56
2015,5,mayo,mini,"cooper roadster",17950.00
2015,5,mayo,scion,fr-s,17663.33
2015,5,mayo,volkswagen,gti,17591.67
2015,5,mayo,dodge,charger,17500.86
2015,5,mayo,nissan,xterra,17480.17
2015,5,mayo,hyundai,"genesis coupe",17381.82
2015,5,mayo,gmc,canyon,17300.00
2015,5,mayo,volkswagen,cc,17213.04
2015,5,mayo,toyota,rav4,17188.49
2015,5,mayo,ford,"fusion hybrid",17151.11
2015,5,mayo,honda,crosstour,16934.00
2015,5,mayo,nissan,quest,16750.00
2015,5,mayo,acura,tsx,16744.32
2015,5,mayo,subaru,impreza,16479.17
2015,5,mayo,mini,"cooper coupe",16450.00
2015,5,mayo,ford,taurus,16332.95
2015,5,mayo,hyundai,tucson,16221.57
2015,5,mayo,kia,sorento,16211.08
2015,5,mayo,ford,escape,16204.79
2015,5,mayo,mitsubishi,outlander,16120.97
2015,5,mayo,hyundai,veracruz,16050.00
2015,5,mayo,nissan,maxima,15911.32
2015,5,mayo,nissan,juke,15895.65
2015,5,mayo,toyota,"prius plug-in",15800.00
2015,5,mayo,volkswagen,routan,15800.00
2015,5,mayo,ford,"transit connect",15682.61
2015,5,mayo,chevrolet,equinox,15679.58
2015,5,mayo,nissan,nv200,15650.00
2015,5,mayo,kia,sportage,15537.50
2015,5,mayo,volkswagen,"jetta sportwagen",15530.00
2015,5,mayo,ford,"c-max hybrid",15477.94
2015,5,mayo,kia,sedona,15357.69
2015,5,mayo,toyota,"camry hybrid",15338.41
2015,5,mayo,toyota,"prius v",15122.22
2015,5,mayo,volkswagen,"jetta hybrid",15042.86
2015,5,mayo,jeep,liberty,15016.67
2015,5,mayo,gmc,savana,15000.00
2015,5,mayo,chevrolet,colorado,14950.00
2015,5,mayo,ford,"c-max energi",14878.57
2015,5,mayo,dodge,journey,14661.11
2015,5,mayo,volkswagen,gli,14650.00
2015,5,mayo,buick,regal,14565.52
2015,5,mayo,nissan,nv,14557.14
2015,5,mayo,volkswagen,tiguan,14528.57
2015,5,mayo,nissan,rogue,14406.73
2015,5,mayo,honda,accord,14339.39
2015,5,mayo,jeep,compass,14248.44
2015,5,mayo,mazda,mazda6,14187.50
2015,5,mayo,nissan,"rogue select",14070.00
2015,5,mayo,toyota,camry,14060.95
2015,5,mayo,hyundai,"sonata hybrid",14044.83
2015,5,mayo,kia,optima,14019.09
2015,5,mayo,chevrolet,"impala limited",13901.64
2015,5,mayo,mitsubishi,"outlander sport",13874.47
2015,5,mayo,subaru,legacy,13861.54
2015,5,mayo,chevrolet,volt,13733.87
2015,5,mayo,toyota,prius,13531.59
2015,5,mayo,buick,verano,13506.35
2015,5,mayo,fiat,500e,13500.00
2015,5,mayo,mini,"cooper clubman",13468.75
2015,5,mayo,ram,"cv tradesman",13400.00
2015,5,mayo,dodge,"grand caravan",13391.72
2015,5,mayo,fiat,500l,13251.79
2015,5,mayo,ford,fusion,13130.75
2015,5,mayo,chevrolet,"captiva sport",13113.40
2015,5,mayo,jeep,patriot,13108.82
2015,5,mayo,mini,cooper,13034.67
2015,5,mayo,hyundai,veloster,12995.54
2015,5,mayo,mazda,"mazdaspeed 3",12900.00
2015,5,mayo,scion,tc,12840.38
2015,5,mayo,mazda,6,12733.33
2015,5,mayo,volkswagen,passat,12681.75
2015,5,mayo,toyota,"prius c",12653.85
2015,5,mayo,hyundai,"elantra gt",12640.00
2015,5,mayo,nissan,altima,12584.40
2015,5,mayo,hyundai,sonata,12483.61
2015,5,mayo,volkswagen,beetle,12353.66
2015,5,mayo,honda,fit,12081.82
2015,5,mayo,scion,xb,12047.62
2015,5,mayo,honda,civic,12014.16
2015,5,mayo,chevrolet,"spark ev",12000.00
2015,5,mayo,chevrolet,malibu,11965.92
2015,5,mayo,chrysler,200,11945.43
2015,5,mayo,chevrolet,impala,11653.18
2015,5,mayo,mazda,mazda5,11630.77
2015,5,mayo,kia,soul,11563.45
2015,5,mayo,hyundai,"elantra coupe",11550.00
2015,5,mayo,dodge,dart,11532.15
2015,5,mayo,toyota,corolla,11359.87
2015,5,mayo,hyundai,elantra,11229.75
2015,5,mayo,nissan,cube,11135.00
2015,5,mayo,honda,cr-z,11100.00
2015,5,mayo,volkswagen,golf,10908.33
2015,5,mayo,chevrolet,cruze,10836.57
2015,5,mayo,volkswagen,jetta,10804.18
2015,5,mayo,mazda,mazda3,10668.98
2015,5,mayo,nissan,sentra,10609.69
2015,5,mayo,kia,forte,10268.87
2015,5,mayo,scion,xd,10241.67
2015,5,mayo,ford,focus,10134.94
2015,5,mayo,mitsubishi,lancer,9839.71
2015,5,mayo,honda,insight,9740.00
2015,5,mayo,dodge,avenger,9738.48
2015,5,mayo,suzuki,"grand vitara",9650.00
2015,5,mayo,kia,rio,9507.43
2015,5,mayo,ford,fiesta,9423.16
2015,5,mayo,nissan,leaf,9295.63
2015,5,mayo,fiat,500,9294.74
2015,5,mayo,toyota,yaris,9054.03
2015,5,mayo,mitsubishi,"eclipse spyder",9050.00
2015,5,mayo,nissan,"versa note",8964.52
2015,5,mayo,mitsubishi,galant,8850.00
2015,5,mayo,hyundai,accent,8818.34
2015,5,mayo,suzuki,kizashi,8750.00
2015,5,mayo,chevrolet,sonic,8641.73
2015,5,mayo,mazda,mazda2,8612.20
2015,5,mayo,nissan,versa,8544.14
2015,5,mayo,scion,iq,8400.00
2015,5,mayo,dodge,caliber,7433.33
2015,5,mayo,mitsubishi,mirage,7432.50
2015,5,mayo,chevrolet,spark,7305.71
2015,5,mayo,ram,"c/v cargo van",7283.33
2015,5,mayo,ram,"c/v tradesman",7180.00
2015,5,mayo,mitsubishi,i-miev,6675.00
2015,5,mayo,hyundai,"elantra touring",6600.00
2015,5,mayo,suzuki,sx4,6350.00
2015,5,mayo,smart,fortwo,6042.37
2015,5,mayo,mazda,mazdaspeed3,5000.00
2015,6,junio,rolls-royce,ghost,169166.67
2015,6,junio,bentley,"continental gtc",141500.00
2015,6,junio,bmw,i8,140000.00
2015,6,junio,bentley,"continental gt",115750.00
2015,6,junio,audi,r8,105000.00
2015,6,junio,audi,"rs 7",101600.00
2015,6,junio,bentley,"continental flying spur",96500.00
2015,6,junio,mercedes-benz,g-class,96192.31
2015,6,junio,maserati,"granturismo convertible",88375.00
2015,6,junio,bmw,"m6 gran coupe",88000.00
2015,6,junio,maserati,granturismo,85650.00
2015,6,junio,audi,s8,84100.00
2015,6,junio,jaguar,f-type,77880.56
2015,6,junio,bmw,m6,77176.19
2015,6,junio,nissan,gt-r,76433.33
2015,6,junio,porsche,911,73980.00
2015,6,junio,bmw,"Sin dato",71903.85
2015,6,junio,bmw,m4,70550.00
2015,6,junio,audi,s7,67233.33
2015,6,junio,"land rover","range rover",66791.07
2015,6,junio,mercedes-benz,sl-class,65380.00
2015,6,junio,bmw,m5,65141.83
2015,6,junio,lexus,"rc f",64360.00
2015,6,junio,lexus,"lx 570",62707.69
2015,6,junio,tesla,"model s",62406.25
2015,6,junio,mercedes-benz,cl-class,60437.50
2015,6,junio,bmw,"x6 m",59942.86
2015,6,junio,porsche,macan,59210.00
2015,6,junio,porsche,panamera,58879.29
2015,6,junio,audi,"rs 5",57714.29
2015,6,junio,maserati,ghibli,57558.33
2015,6,junio,audi,s6,57433.33
2015,6,junio,mercedes-benz,s-class,57100.02
2015,6,junio,maserati,quattroporte,56312.50
2015,6,junio,toyota,"land cruiser",55992.86
2015,6,junio,chevrolet,"corvette stingray",54229.17
2015,6,junio,bmw,"6 series gran coupe",53988.46
2015,6,junio,infiniti,qx80,52573.53
2015,6,junio,bmw,x4,51375.00
2015,6,junio,porsche,cayenne,51367.86
2015,6,junio,jaguar,xk,49785.71
2015,6,junio,porsche,cayman,49664.29
2015,6,junio,ford,"shelby gt500",49339.29
2015,6,junio,cadillac,escalade,49319.39
2015,6,junio,bmw,"x5 m",49185.71
2015,6,junio,"land rover","range rover sport",48580.00
2015,6,junio,cadillac,"escalade esv",48255.17
2015,6,junio,audi,sq5,46900.00
2015,6,junio,lexus,"rc 350",46025.00
2015,6,junio,bmw,"6 series",45998.63
2015,6,junio,fisker,karma,45800.00
2015,6,junio,bmw,"4 series",45232.95
2015,6,junio,porsche,boxster,45126.04
2015,6,junio,mercedes-benz,gl-class,44698.69
2015,6,junio,audi,"tt rs",44500.00
2015,6,junio,mercedes-benz,cls-class,44357.58
2015,6,junio,bmw,"4 series gran coupe",44233.33
2015,6,junio,jaguar,xj,43961.00
2015,6,junio,bmw,m3,43887.50
2015,6,junio,chevrolet,corvette,43278.85
2015,6,junio,audi,a8,42783.82
2015,6,junio,lexus,"ls 460",42389.71
2015,6,junio,audi,a7,42333.33
2015,6,junio,lexus,"gx 460",42165.63
2015,6,junio,lexus,"is f",41712.50
2015,6,junio,bmw,"7 series",41525.00
2015,6,junio,bmw,x6,41513.00
2015,6,junio,cadillac,"cts-v coupe",40975.00
2015,6,junio,bmw,"3 series gran turismo",40425.81
2015,6,junio,"land rover",lr4,40350.00
2015,6,junio,gmc,yukon,40304.28
2015,6,junio,audi,q7,40254.24
2015,6,junio,gmc,"sierra 3500hd",39480.77
2015,6,junio,infiniti,qx,39252.69
2015,6,junio,cadillac,"escalade hybrid",39000.00
2015,6,junio,bmw,"2 series",38991.67
2015,6,junio,chevrolet,suburban,38407.89
2015,6,junio,chevrolet,"silverado 3500hd",38250.00
2015,6,junio,bmw,"5 series gran turismo",38061.49
2015,6,junio,toyota,sequoia,37996.15
2015,6,junio,cadillac,elr,37925.00
2015,6,junio,chevrolet,tahoe,37480.20
2015,6,junio,audi,s5,37430.56
2015,6,junio,gmc,"sierra 2500hd",37151.16
2015,6,junio,kia,k900,36634.09
2015,6,junio,cadillac,"escalade ext",36625.00
2015,6,junio,ram,3500,36604.76
2015,6,junio,gmc,"yukon xl",36170.02
2015,6,junio,"land rover","range rover evoque",36084.69
2015,6,junio,mercedes-benz,m-class,36081.25
2015,6,junio,chevrolet,"black diamond avalanche",35770.00
2015,6,junio,infiniti,"q60 convertible",35683.33
2015,6,junio,bmw,x5,35659.05
2015,6,junio,chevrolet,ss,35350.00
2015,6,junio,lincoln,navigator,35298.00
2015,6,junio,bmw,"activehybrid 7",35100.00
2015,6,junio,ram,2500,34708.67
2015,6,junio,hyundai,equus,33925.86
2015,6,junio,audi,s4,33893.75
2015,6,junio,lexus,"rx 450h",33868.42
2015,6,junio,ford,"f-250 super duty",33658.82
2015,6,junio,ford,"f-350 super duty",33250.70
2015,6,junio,audi,a6,33067.06
2015,6,junio,lexus,"is 350",32834.62
2015,6,junio,cadillac,xts,32641.03
2015,6,junio,chevrolet,"silverado 2500hd",32514.10
2015,6,junio,infiniti,qx70,32465.63
2015,6,junio,mercedes-benz,cla-class,32239.66
2015,6,junio,infiniti,qx60,32121.76
2015,6,junio,bmw,z4,32050.00
2015,6,junio,lexus,"gs 450h",32000.00
2015,6,junio,mercedes-benz,gla-class,32000.00
2015,6,junio,nissan,"murano crosscabriolet",32000.00
2015,6,junio,lincoln,mkc,31781.25
2015,6,junio,bmw,"5 series",31387.36
2015,6,junio,mercedes-benz,sprinter,31250.00
2015,6,junio,mercedes-benz,e-class,31207.06
2015,6,junio,mercedes-benz,slk-class,31078.33
2015,6,junio,cadillac,cts-v,31000.00
2015,6,junio,lexus,"is 350 c",31000.00
2015,6,junio,ford,expedition,30978.82
2015,6,junio,jaguar,xf,30498.86
2015,6,junio,audi,q3,30400.00
2015,6,junio,infiniti,jx,30366.00
2015,6,junio,lexus,"gs 350",30342.77
2015,6,junio,"land rover",lr2,30333.33
2015,6,junio,chevrolet,avalanche,30129.41
2015,6,junio,toyota,"fj cruiser",30108.70
2015,6,junio,audi,q5,30085.05
2015,6,junio,lexus,"rx 350",29941.88
2015,6,junio,audi,allroad,29931.25
2015,6,junio,infiniti,q70,29886.67
2015,6,junio,lexus,"is 250 c",29882.35
2015,6,junio,subaru,wrx,29861.90
2015,6,junio,infiniti,"q60 coupe",29842.86
2015,6,junio,toyota,4runner,29822.90
2015,6,junio,mitsubishi,"lancer evolution",29581.25
2015,6,junio,nissan,"nv passenger",29000.00
2015,6,junio,toyota,tundra,28957.67
2015,6,junio,mercedes-benz,"b-class electric drive",28875.00
2015,6,junio,bmw,x3,28684.38
2015,6,junio,acura,mdx,28610.00
2015,6,junio,jeep,"grand cherokee",28545.30
2015,6,junio,infiniti,q50,28511.51
2015,6,junio,ford,"transit wagon",28433.33
2015,6,junio,lexus,"es 300h",28375.00
2015,6,junio,jeep,wrangler,28332.77
2015,6,junio,acura,zdx,28300.00
2015,6,junio,gmc,"sierra 1500",28298.09
2015,6,junio,audi,tt,28200.00
2015,6,junio,audi,a5,28167.59
2015,6,junio,buick,enclave,28125.00
2015,6,junio,bmw,x1,28087.24
2015,6,junio,infiniti,"g convertible",28063.64
2015,6,junio,volvo,xc70,28057.69
2015,6,junio,volkswagen,touareg,27977.27
2015,6,junio,infiniti,fx,27841.70
2015,6,junio,dodge,durango,27550.27
2015,6,junio,mercedes-benz,glk-class,27482.86
2015,6,junio,honda,ridgeline,27230.77
2015,6,junio,volvo,xc90,27055.26
2015,6,junio,bmw,"3 series",27033.69
2015,6,junio,volvo,xc60,26816.67
2015,6,junio,lincoln,mkx,26715.53
2015,6,junio,audi,"Sin dato",26437.50
2015,6,junio,nissan,armada,26289.33
2015,6,junio,chevrolet,"silverado 1500",26271.68
2015,6,junio,gmc,acadia,26238.04
2015,6,junio,cadillac,srx,26216.38
2015,6,junio,acura,tlx,26200.00
2015,6,junio,honda,"accord hybrid",25816.67
2015,6,junio,lincoln,mkt,25655.56
2015,6,junio,acura,rdx,25586.59
2015,6,junio,ford,f-150,25511.34
2015,6,junio,volkswagen,"golf r",25437.50
2015,6,junio,subaru,tribeca,25300.00
2015,6,junio,ford,explorer,24978.96
2015,6,junio,ram,1500,24887.37
2015,6,junio,toyota,"highlander hybrid",24850.00
2015,6,junio,toyota,highlander,24726.61
2015,6,junio,honda,pilot,24709.80
2015,6,junio,lexus,"es 350",24705.94
2015,6,junio,nissan,370z,24637.50
2015,6,junio,cadillac,"cts coupe",24479.55
2015,6,junio,acura,rlx,24425.00
2015,6,junio,"Sin dato","Sin dato",24255.71
2015,6,junio,toyota,"avalon hybrid",24113.89
2015,6,junio,infiniti,m,24111.74
2015,6,junio,subaru,"impreza wrx",24033.33
2015,6,junio,toyota,tacoma,24024.86
2015,6,junio,volvo,v60,23797.50
2015,6,junio,lexus,"is 250",23623.24
2015,6,junio,ford,"transit van",23535.00
2015,6,junio,lincoln,mks,23414.97
2015,6,junio,ram,"promaster cargo van",23133.33
2015,6,junio,nissan,titan,23066.98
2015,6,junio,dodge,challenger,23017.43
2015,6,junio,hyundai,azera,22917.19
2015,6,junio,audi,a4,22672.50
2015,6,junio,infiniti,"g coupe",22528.99
2015,6,junio,ford,flex,22365.65
2015,6,junio,cadillac,cts,22278.24
2015,6,junio,subaru,outback,22207.14
2015,6,junio,mercedes-benz,c-class,22198.04
2015,6,junio,infiniti,ex,22186.67
2015,6,junio,chevrolet,express,22158.14
2015,6,junio,chevrolet,camaro,22115.36
2015,6,junio,subaru,forester,21795.43
2015,6,junio,jeep,cherokee,21795.07
2015,6,junio,cadillac,ats,21694.15
2015,6,junio,bmw,"1 series",21456.13
2015,6,junio,mazda,cx-9,21284.48
2015,6,junio,nissan,pathfinder,21281.29
2015,6,junio,kia,cadenza,21229.37
2015,6,junio,audi,a3,21216.67
2015,6,junio,honda,odyssey,21118.43
2015,6,junio,mini,"cooper paceman",21065.00
2015,6,junio,chrysler,300,21021.35
2015,6,junio,volvo,c70,21015.20
2015,6,junio,subaru,"xv crosstrek",20689.58
2015,6,junio,ford,edge,20651.14
2015,6,junio,toyota,sienna,20511.69
2015,6,junio,chevrolet,traverse,20394.98
2015,6,junio,ford,"e-series wagon",20303.28
2015,6,junio,mini,"cooper countryman",20254.17
2015,6,junio,lincoln,mkz,20243.04
2015,6,junio,mercedes-benz,r-class,20050.00
2015,6,junio,hyundai,veracruz,20000.00
2015,6,junio,volkswagen,"golf gti",19990.00
2015,6,junio,nissan,frontier,19949.26
2015,6,junio,toyota,venza,19857.02
2015,6,junio,subaru,brz,19800.00
2015,6,junio,acura,tl,19763.91
2015,6,junio,hyundai,genesis,19656.02
2015,6,junio,volvo,s80,19650.00
2015,6,junio,infiniti,"g sedan",19513.54
2015,6,junio,volkswagen,eos,19488.89
2015,6,junio,gmc,"savana cargo",19467.20
2015,6,junio,ford,"e-series van",19448.56
2015,6,junio,hyundai,"santa fe",19290.85
2015,6,junio,hyundai,"santa fe sport",19273.91
2015,6,junio,nissan,"nv cargo",19160.00
2015,6,junio,gmc,terrain,19156.12
2015,6,junio,honda,cr-v,19116.80
2015,6,junio,mazda,"mx-5 miata",19112.50
2015,6,junio,lexus,"ct 200h",19105.39
2015,6,junio,ford,"focus st",18933.33
2015,6,junio,ford,"fusion energi",18845.45
2015,6,junio,volvo,s60,18632.96
2015,6,junio,toyota,avalon,18589.08
2015,6,junio,ford,mustang,18567.85
2015,6,junio,chrysler,"town and country",18545.03
2015,6,junio,mazda,cx-5,18537.94
2015,6,junio,scion,fr-s,18514.29
2015,6,junio,volkswagen,"beetle convertible",18475.00
2015,6,junio,buick,encore,18471.52
2015,6,junio,buick,lacrosse,18406.85
2015,6,junio,gmc,savana,18333.33
2015,6,junio,nissan,murano,18305.63
2015,6,junio,volkswagen,"jetta gli",18140.00
2015,6,junio,acura,"tsx sport wagon",18118.75
2015,6,junio,acura,ilx,18097.06
2015,6,junio,hyundai,"genesis coupe",18092.98
2015,6,junio,nissan,quest,17966.18
2015,6,junio,honda,crosstour,17961.40
2015,6,junio,kia,sedona,17894.54
2015,6,junio,kia,sorento,17766.43
2015,6,junio,gmc,canyon,17600.00
2015,6,junio,nissan,xterra,17597.27
2015,6,junio,dodge,charger,17345.28
2015,6,junio,mitsubishi,outlander,17319.53
2015,6,junio,mini,"cooper roadster",17262.50
2015,6,junio,hyundai,"sonata hybrid",17255.75
2015,6,junio,volkswagen,gti,16867.31
2015,6,junio,mazda,"mazdaspeed 3",16716.67
2015,6,junio,hyundai,tucson,16624.77
2015,6,junio,toyota,rav4,16614.34
2015,6,junio,toyota,"prius plug-in",16573.08
2015,6,junio,acura,tsx,16508.13
2015,6,junio,ford,taurus,16429.38
2015,6,junio,subaru,legacy,16382.31
2015,6,junio,ford,"fusion hybrid",16378.12
2015,6,junio,subaru,impreza,16303.80
2015,6,junio,nissan,maxima,16230.12
2015,6,junio,toyota,"camry hybrid",16217.74
2015,6,junio,ford,escape,16077.42
2015,6,junio,volkswagen,cc,16050.42
2015,6,junio,buick,regal,15873.24
2015,6,junio,volkswagen,tiguan,15771.53
2015,6,junio,chevrolet,colorado,15765.22
2015,6,junio,nissan,"rogue select",15648.78
2015,6,junio,toyota,"prius v",15634.09
2015,6,junio,chevrolet,"express cargo",15610.00
2015,6,junio,volkswagen,"jetta hybrid",15550.00
2015,6,junio,chevrolet,equinox,15516.78
2015,6,junio,dodge,journey,15378.92
2015,6,junio,nissan,nv200,15368.75
2015,6,junio,kia,sportage,15218.29
2015,6,junio,nissan,juke,15166.19
2015,6,junio,nissan,nv,15041.67
2015,6,junio,volvo,c30,15000.00
2015,6,junio,jeep,compass,14819.95
2015,6,junio,mini,"cooper clubman",14600.00
2015,6,junio,honda,accord,14556.11
2015,6,junio,mini,"cooper coupe",14545.83
2015,6,junio,nissan,rogue,14512.55
2015,6,junio,jeep,patriot,14271.71
2015,6,junio,jeep,liberty,14258.97
2015,6,junio,volkswagen,"jetta sportwagen",14176.83
2015,6,junio,mitsubishi,"outlander sport",14097.79
2015,6,junio,chevrolet,"impala limited",14034.21
2015,6,junio,dodge,"grand caravan",14027.52
2015,6,junio,kia,optima,13957.36
2015,6,junio,volkswagen,gli,13912.50
2015,6,junio,hyundai,veloster,13730.13
2015,6,junio,toyota,camry,13705.50
2015,6,junio,volkswagen,routan,13700.00
2015,6,junio,fiat,500l,13505.22
2015,6,junio,buick,verano,13381.82
2015,6,junio,ford,"c-max hybrid",13369.66
2015,6,junio,mazda,mazda6,13313.87
2015,6,junio,scion,tc,13156.94
2015,6,junio,mini,cooper,13096.67
2015,6,junio,chevrolet,volt,13053.09
2015,6,junio,toyota,prius,13010.70
2015,6,junio,mitsubishi,"eclipse spyder",12900.00
2015,6,junio,volkswagen,beetle,12883.54
2015,6,junio,ford,"transit connect",12851.92
2015,6,junio,chevrolet,"captiva sport",12849.40
2015,6,junio,hyundai,"elantra gt",12782.86
2015,6,junio,mazda,3,12770.00
2015,6,junio,mitsubishi,"lancer sportback",12700.00
2015,6,junio,ford,fusion,12666.41
2015,6,junio,volkswagen,passat,12662.08
2015,6,junio,ford,"c-max energi",12652.17
2015,6,junio,hyundai,sonata,12623.43
2015,6,junio,nissan,altima,12439.09
2015,6,junio,toyota,"prius c",12407.14
2015,6,junio,honda,cr-z,12400.00
2015,6,junio,hyundai,"elantra coupe",12324.14
2015,6,junio,mazda,6,12160.00
2015,6,junio,honda,civic,12040.69
2015,6,junio,honda,fit,11936.84
2015,6,junio,chevrolet,malibu,11916.53
2015,6,junio,chevrolet,impala,11870.03
2015,6,junio,chrysler,200,11823.24
2015,6,junio,toyota,matrix,11516.67
2015,6,junio,kia,soul,11480.67
2015,6,junio,dodge,dart,11472.77
2015,6,junio,honda,insight,11450.00
2015,6,junio,scion,xb,11387.50
2015,6,junio,toyota,corolla,11386.99
2015,6,junio,hyundai,elantra,11277.16
2015,6,junio,volkswagen,golf,11147.73
2015,6,junio,chevrolet,cruze,11091.72
2015,6,junio,chevrolet,"spark ev",11000.00
2015,6,junio,nissan,cube,10730.77
2015,6,junio,kia,forte,10628.24
2015,6,junio,mazda,mazda5,10610.25
2015,6,junio,mazda,mazda3,10608.43
2015,6,junio,scion,xd,10570.83
2015,6,junio,nissan,sentra,10549.54
2015,6,junio,volkswagen,jetta,10430.29
2015,6,junio,suzuki,"grand vitara",10257.14
2015,6,junio,ford,focus,10094.40
2015,6,junio,nissan,"versa note",9854.05
2015,6,junio,dodge,avenger,9746.82
2015,6,junio,kia,rio,9595.43
2015,6,junio,nissan,leaf,9439.67
2015,6,junio,mitsubishi,lancer,9419.64
2015,6,junio,hyundai,"elantra touring",9183.33
2015,6,junio,ford,fiesta,9084.33
2015,6,junio,fiat,500,8943.18
2015,6,junio,chevrolet,sonic,8900.36
2015,6,junio,hyundai,accent,8813.68
2015,6,junio,toyota,yaris,8704.28
2015,6,junio,mitsubishi,mirage,8623.08
2015,6,junio,mitsubishi,galant,8607.14
2015,6,junio,suzuki,kizashi,8433.33
2015,6,junio,scion,iq,8420.00
2015,6,junio,nissan,versa,8343.45
2015,6,junio,mitsubishi,eclipse,8233.33
2015,6,junio,mazda,mazda2,8187.66
2015,6,junio,ram,"c/v tradesman",7935.71
2015,6,junio,dodge,caliber,7730.00
2015,6,junio,chevrolet,spark,7627.55
2015,6,junio,ram,"c/v cargo van",7296.67
2015,6,junio,suzuki,sx4,6850.00
2015,6,junio,smart,fortwo,6176.50
2015,6,junio,mitsubishi,i-miev,5383.33
2015,7,julio,mercedes-benz,g-class,105000.00
2015,7,julio,bmw,"m6 gran coupe",86600.00
2015,7,julio,mercedes-benz,sl-class,78475.00
2015,7,julio,nissan,gt-r,72500.00
2015,7,julio,porsche,panamera,71600.00
2015,7,julio,lexus,"lx 570",63500.00
2015,7,julio,porsche,cayenne,62725.00
2015,7,julio,lexus,"ls 460",55500.00
2015,7,julio,jaguar,xj,55000.00
2015,7,julio,porsche,boxster,53000.00
2015,7,julio,gmc,"yukon xl",49200.00
2015,7,julio,chevrolet,corvette,45500.00
2015,7,julio,"land rover",lr4,44500.00
2015,7,julio,infiniti,qx,42800.00
2015,7,julio,bmw,x6,42500.00
2015,7,julio,audi,s5,42000.00
2015,7,julio,audi,a8,41625.00
2015,7,julio,chevrolet,tahoe,40200.00
2015,7,julio,bmw,"6 series",38966.67
2015,7,julio,mercedes-benz,gl-class,38700.00
2015,7,julio,lexus,"is 350",36250.00
2015,7,julio,audi,a6,36000.00
2015,7,julio,chevrolet,suburban,35760.20
2015,7,julio,mercedes-benz,glk-class,35750.00
2015,7,julio,hyundai,genesis,34000.00
2015,7,julio,mercedes-benz,m-class,34000.00
2015,7,julio,chevrolet,"silverado 2500hd",33700.00
2015,7,julio,lexus,"rx 450h",33100.00
2015,7,julio,kia,k900,33000.00
2015,7,julio,mercedes-benz,e-class,32950.00
2015,7,julio,toyota,4runner,32483.33
2015,7,julio,"Sin dato","Sin dato",32375.00
2015,7,julio,mercedes-benz,sprinter,32300.00
2015,7,julio,"land rover","range rover evoque",32250.00
2015,7,julio,lexus,"rx 350",31822.22
2015,7,julio,cadillac,xts,31800.00
2015,7,julio,"land rover","range rover sport",31500.00
2015,7,julio,acura,rdx,31400.00
2015,7,julio,ford,expedition,31000.00
2015,7,julio,bmw,x5,30666.67
2015,7,julio,ram,2500,30040.00
2015,7,julio,toyota,highlander,29900.00
2015,7,julio,jeep,wrangler,29880.00
2015,7,julio,gmc,acadia,29600.00
2015,7,julio,infiniti,qx70,29500.00
2015,7,julio,bmw,"5 series",29208.33
2015,7,julio,mercedes-benz,slk-class,29000.00
2015,7,julio,bmw,"5 series gran turismo",28500.00
2015,7,julio,audi,q5,28250.00
2015,7,julio,toyota,"fj cruiser",28250.00
2015,7,julio,ford,"f-250 super duty",27666.67
2015,7,julio,acura,mdx,27500.00
2015,7,julio,infiniti,"g convertible",27000.00
2015,7,julio,chevrolet,"silverado 1500",26568.75
2015,7,julio,lincoln,mkx,26366.67
2015,7,julio,ford,f-150,26163.33
2015,7,julio,toyota,tacoma,26150.00
2015,7,julio,infiniti,m,25760.00
2015,7,julio,dodge,durango,25700.00
2015,7,julio,lincoln,mks,25533.33
2015,7,julio,ford,explorer,25500.00
2015,7,julio,bmw,x3,25350.00
2015,7,julio,bmw,"3 series",25118.75
2015,7,julio,toyota,tundra,24987.50
2015,7,julio,toyota,"highlander hybrid",24200.00
2015,7,julio,mercedes-benz,c-class,24170.00
2015,7,julio,gmc,"sierra 1500",23900.00
2015,7,julio,lexus,"es 350",23733.33
2015,7,julio,volvo,v60,23000.00
2015,7,julio,chevrolet,camaro,22925.00
2015,7,julio,lexus,"is 250",22875.00
2015,7,julio,subaru,outback,22750.00
2015,7,julio,dodge,challenger,22600.00
2015,7,julio,ford,flex,22600.00
2015,7,julio,lincoln,mkt,22600.00
2015,7,julio,infiniti,q50,22500.00
2015,7,julio,volkswagen,gti,22000.00
2015,7,julio,nissan,pathfinder,21833.33
2015,7,julio,mitsubishi,"lancer evolution",21800.00
2015,7,julio,cadillac,srx,21433.33
2015,7,julio,jeep,"grand cherokee",21266.67
2015,7,julio,honda,odyssey,21162.50
2015,7,julio,infiniti,"g coupe",21133.33
2015,7,julio,ford,"e-series wagon",20900.00
2015,7,julio,bmw,"1 series",20800.00
2015,7,julio,chrysler,300,20660.00
2015,7,julio,nissan,titan,20600.00
2015,7,julio,buick,enclave,20500.00
2015,7,julio,ram,1500,20136.36
2015,7,julio,nissan,frontier,20112.50
2015,7,julio,nissan,xterra,20100.00
2015,7,julio,mazda,cx-5,19900.00
2015,7,julio,ford,"transit van",19750.00
2015,7,julio,infiniti,"g sedan",19716.67
2015,7,julio,buick,lacrosse,19700.00
2015,7,julio,toyota,sienna,19487.50
2015,7,julio,gmc,"savana cargo",19400.00
2015,7,julio,subaru,"xv crosstrek",19300.00
2015,7,julio,ford,"fusion hybrid",19275.00
2015,7,julio,ford,edge,19242.86
2015,7,julio,chevrolet,volt,19200.00
2015,7,julio,buick,regal,18900.00
2015,7,julio,ford,"e-series van",18900.00
2015,7,julio,honda,cr-v,18781.25
2015,7,julio,acura,tl,18750.00
2015,7,julio,chrysler,"town and country",18400.00
2015,7,julio,ford,mustang,18355.26
2015,7,julio,audi,a3,18000.00
2015,7,julio,toyota,"camry hybrid",18000.00
2015,7,julio,toyota,camry,17725.00
2015,7,julio,ford,"transit connect",17666.67
2015,7,julio,subaru,legacy,17300.00
2015,7,julio,jeep,compass,17200.00
2015,7,julio,ford,"focus st",16800.00
2015,7,julio,ford,taurus,16715.38
2015,7,julio,dodge,charger,16610.53
2015,7,julio,mini,cooper,16000.00
2015,7,julio,toyota,rav4,15992.86
2015,7,julio,chevrolet,equinox,15933.33
2015,7,julio,nissan,maxima,15877.78
2015,7,julio,mini,"cooper clubman",15700.00
2015,7,julio,chevrolet,"captiva sport",15666.67
2015,7,julio,nissan,rogue,15500.00
2015,7,julio,nissan,murano,15371.43
2015,7,julio,nissan,juke,15250.00
2015,7,julio,ford,escape,15216.67
2015,7,julio,kia,sportage,15000.00
2015,7,julio,honda,accord,14806.25
2015,7,julio,ford,fusion,14778.95
2015,7,julio,chevrolet,malibu,14700.00
2015,7,julio,chevrolet,"impala limited",14500.00
2015,7,julio,mini,"cooper paceman",14500.00
2015,7,julio,hyundai,tucson,14200.00
2015,7,julio,jeep,cherokee,14100.00
2015,7,julio,volkswagen,beetle,13800.00
2015,7,julio,dodge,journey,13750.00
2015,7,julio,toyota,prius,13750.00
2015,7,julio,scion,tc,13000.00
2015,7,julio,kia,optima,12950.00
2015,7,julio,ford,"c-max energi",12850.00
2015,7,julio,hyundai,sonata,12733.33
2015,7,julio,volkswagen,golf,12600.00
2015,7,julio,toyota,corolla,12572.73
2015,7,julio,chevrolet,sonic,12450.00
2015,7,julio,dodge,"grand caravan",12433.33
2015,7,julio,mini,"cooper coupe",12400.00
2015,7,julio,jeep,patriot,12200.00
2015,7,julio,ford,focus,12061.11
2015,7,julio,hyundai,veloster,11975.00
2015,7,julio,dodge,dart,11750.00
2015,7,julio,mitsubishi,"outlander sport",11675.00
2015,7,julio,volkswagen,passat,11670.00
2015,7,julio,mazda,mazda6,11600.00
2015,7,julio,nissan,altima,11518.75
2015,7,julio,chevrolet,impala,11500.00
2015,7,julio,chrysler,200,11400.00
2015,7,julio,chevrolet,cruze,11225.00
2015,7,julio,chevrolet,traverse,11200.00
2015,7,julio,ford,"c-max hybrid",11150.00
2015,7,julio,nissan,leaf,10990.00
2015,7,julio,honda,civic,10950.00
2015,7,julio,hyundai,elantra,10620.00
2015,7,julio,volkswagen,jetta,10558.33
2015,7,julio,hyundai,accent,10550.00
2015,7,julio,mazda,mazda3,10200.00
2015,7,julio,ford,fiesta,10083.33
2015,7,julio,kia,sorento,10000.00
2015,7,julio,fiat,500l,9800.00
2015,7,julio,dodge,avenger,9187.50
2015,7,julio,mitsubishi,"lancer sportback",9000.00
2015,7,julio,toyota,yaris,8900.00
2015,7,julio,kia,forte,8800.00
2015,7,julio,scion,xb,8800.00
2015,7,julio,nissan,sentra,8745.83
2015,7,julio,mitsubishi,galant,8100.00
2015,7,julio,kia,soul,8000.00
2015,7,julio,kia,rio,7950.00
2015,7,julio,nissan,versa,7757.14
2015,7,julio,chevrolet,spark,6800.00
2015,7,julio,mazda,mazda2,6400.00
2015,7,julio,ram,"c/v tradesman",6000.00
2015,7,julio,nissan,"versa note",5850.00
2015,7,julio,smart,fortwo,5750.00
